# Cooja Mobility .dat file
# Generated from BonnMotion scenario
# Format: MoteIndex Time(s) X Y
# Nodes: 5
#
0 0.000 32.23 20.00
0 0.000 32.23 20.00
1 0.000 60.00 32.45
1 0.000 60.00 32.45
2 0.000 15.00 12.83
2 0.000 15.00 12.83
3 0.000 43.23 30.00
3 0.000 43.23 30.00
4 0.000 55.69 35.00
4 0.000 55.69 35.00
4 0.100 55.61 35.00
0 0.100 32.34 20.00
2 0.101 15.00 12.74
1 0.101 60.00 32.34
3 0.102 43.13 30.00
4 0.200 55.52 35.00
0 0.200 32.45 20.00
2 0.202 15.00 12.65
1 0.202 60.00 32.23
3 0.204 43.02 30.00
4 0.300 55.44 35.00
0 0.301 32.56 20.00
2 0.303 15.00 12.56
1 0.303 60.00 32.13
3 0.306 42.92 30.00
4 0.400 55.36 35.00
0 0.401 32.67 20.00
2 0.404 15.00 12.47
1 0.404 60.00 32.02
3 0.408 42.81 30.00
4 0.500 55.27 35.00
0 0.501 32.78 20.00
2 0.504 15.00 12.38
1 0.505 60.00 31.92
3 0.510 42.71 30.00
4 0.600 55.19 35.00
0 0.601 32.89 20.00
2 0.605 15.00 12.28
1 0.606 60.00 31.81
3 0.612 42.61 30.00
4 0.700 55.10 35.00
0 0.702 33.01 20.00
2 0.706 15.00 12.19
1 0.707 60.00 31.70
3 0.714 42.50 30.00
4 0.800 55.02 35.00
0 0.802 33.12 20.00
2 0.807 15.00 12.10
1 0.808 60.00 31.60
3 0.816 42.40 30.00
4 0.900 54.94 35.00
0 0.902 33.23 20.00
2 0.908 15.00 12.01
1 0.908 60.00 31.49
3 0.918 42.29 30.00
4 1.000 54.85 35.00
0 1.002 33.34 20.00
2 1.009 15.00 11.92
1 1.009 60.00 31.38
3 1.019 42.19 30.00
4 1.100 54.77 35.00
0 1.103 33.45 20.00
2 1.110 15.00 11.83
1 1.110 60.00 31.28
3 1.121 42.08 30.00
4 1.200 54.69 35.00
0 1.203 33.56 20.00
2 1.211 15.00 11.74
1 1.211 60.00 31.17
3 1.223 41.98 30.00
4 1.300 54.60 35.00
0 1.303 33.67 20.00
2 1.312 15.00 11.64
1 1.312 60.00 31.06
3 1.325 41.88 30.00
4 1.401 54.52 35.00
0 1.403 33.78 20.00
2 1.412 15.00 11.55
1 1.413 60.00 30.96
3 1.427 41.77 30.00
4 1.501 54.44 35.00
0 1.503 33.89 20.00
2 1.513 15.00 11.46
1 1.514 60.00 30.85
3 1.529 41.67 30.00
4 1.601 54.35 35.00
0 1.604 34.00 20.00
2 1.614 15.00 11.37
1 1.615 60.00 30.74
3 1.631 41.56 30.00
4 1.701 54.27 35.00
0 1.704 34.11 20.00
2 1.715 15.00 11.28
1 1.716 60.00 30.64
3 1.733 41.46 30.00
4 1.801 54.18 35.00
0 1.804 34.22 20.00
2 1.816 15.00 11.19
1 1.817 60.00 30.53
3 1.835 41.35 30.00
4 1.901 54.10 35.00
0 1.904 34.34 20.00
2 1.917 15.00 11.10
1 1.918 60.00 30.43
3 1.937 41.25 30.00
4 2.001 54.02 35.00
0 2.005 34.45 20.00
2 2.018 15.00 11.01
1 2.019 60.00 30.32
3 2.039 41.15 30.00
4 2.101 53.93 35.00
0 2.105 34.56 20.00
2 2.119 15.00 10.91
1 2.120 60.00 30.21
3 2.141 41.04 30.00
4 2.201 53.85 35.00
0 2.205 34.67 20.00
2 2.220 15.00 10.82
1 2.221 60.00 30.11
3 2.243 40.94 30.00
4 2.301 53.77 35.00
0 2.305 34.78 20.00
2 2.320 15.00 10.73
1 2.322 60.00 30.00
1 2.322 60.00 30.00
3 2.345 40.83 30.00
4 2.401 53.68 35.00
0 2.406 34.89 20.00
2 2.421 15.00 10.64
1 2.422 59.89 30.00
3 2.447 40.73 30.00
4 2.501 53.60 35.00
0 2.506 35.00 20.00
0 2.506 35.00 20.00
2 2.522 15.00 10.55
1 2.523 59.79 30.00
3 2.549 40.63 30.00
4 2.601 53.51 35.00
0 2.606 35.00 20.11
2 2.623 15.00 10.46
1 2.624 59.68 30.00
3 2.651 40.52 30.00
4 2.701 53.43 35.00
0 2.707 35.00 20.22
2 2.724 15.00 10.37
1 2.725 59.57 30.00
3 2.753 40.42 30.00
4 2.801 53.35 35.00
0 2.807 35.00 20.33
2 2.825 15.00 10.27
1 2.826 59.47 30.00
3 2.854 40.31 30.00
4 2.901 53.26 35.00
0 2.908 35.00 20.44
2 2.926 15.00 10.18
1 2.927 59.36 30.00
3 2.956 40.21 30.00
4 3.001 53.18 35.00
0 3.008 35.00 20.56
2 3.027 15.00 10.09
1 3.028 59.26 30.00
3 3.058 40.10 30.00
4 3.101 53.10 35.00
0 3.109 35.00 20.67
2 3.128 15.00 10.00
2 3.128 15.00 10.00
1 3.129 59.15 30.00
3 3.160 40.00 30.00
3 3.160 40.00 30.00
4 3.201 53.01 35.00
0 3.209 35.00 20.78
2 3.228 14.91 10.00
1 3.230 59.04 30.00
3 3.261 40.00 29.90
4 3.301 52.93 35.00
0 3.310 35.00 20.89
2 3.328 14.82 10.00
1 3.331 58.94 30.00
3 3.361 40.00 29.79
4 3.401 52.85 35.00
0 3.410 35.00 21.00
2 3.429 14.73 10.00
1 3.431 58.83 30.00
3 3.462 40.00 29.69
4 3.501 52.76 35.00
0 3.511 35.00 21.11
2 3.529 14.64 10.00
1 3.532 58.72 30.00
3 3.562 40.00 29.59
4 3.601 52.68 35.00
0 3.611 35.00 21.22
2 3.629 14.55 10.00
1 3.633 58.62 30.00
3 3.663 40.00 29.49
4 3.701 52.59 35.00
0 3.712 35.00 21.33
2 3.730 14.45 10.00
1 3.734 58.51 30.00
3 3.763 40.00 29.38
4 3.801 52.51 35.00
0 3.812 35.00 21.44
2 3.830 14.36 10.00
1 3.835 58.40 30.00
3 3.864 40.00 29.28
4 3.901 52.43 35.00
0 3.913 35.00 21.56
2 3.930 14.27 10.00
1 3.936 58.30 30.00
3 3.964 40.00 29.18
4 4.001 52.34 35.00
0 4.013 35.00 21.67
2 4.031 14.18 10.00
1 4.037 58.19 30.00
3 4.064 40.00 29.08
4 4.102 52.26 35.00
0 4.114 35.00 21.78
2 4.131 14.09 10.00
1 4.138 58.09 30.00
3 4.165 40.00 28.97
4 4.202 52.18 35.00
0 4.214 35.00 21.89
2 4.232 14.00 10.00
1 4.239 57.98 30.00
3 4.265 40.00 28.87
4 4.302 52.09 35.00
0 4.315 35.00 22.00
2 4.332 13.91 10.00
1 4.340 57.87 30.00
3 4.366 40.00 28.77
4 4.402 52.01 35.00
0 4.415 35.00 22.11
2 4.432 13.82 10.00
1 4.440 57.77 30.00
3 4.466 40.00 28.67
4 4.502 51.92 35.00
0 4.516 35.00 22.22
2 4.533 13.73 10.00
1 4.541 57.66 30.00
3 4.567 40.00 28.56
4 4.602 51.84 35.00
0 4.616 35.00 22.33
2 4.633 13.64 10.00
1 4.642 57.55 30.00
3 4.667 40.00 28.46
4 4.702 51.76 35.00
0 4.717 35.00 22.44
2 4.733 13.55 10.00
1 4.743 57.45 30.00
3 4.768 40.00 28.36
4 4.802 51.67 35.00
0 4.817 35.00 22.56
2 4.834 13.45 10.00
1 4.844 57.34 30.00
3 4.868 40.00 28.25
4 4.902 51.59 35.00
0 4.918 35.00 22.67
2 4.934 13.36 10.00
1 4.945 57.23 30.00
3 4.969 40.00 28.15
4 5.002 51.51 35.00
0 5.018 35.00 22.78
2 5.034 13.27 10.00
1 5.046 57.13 30.00
3 5.069 40.00 28.05
4 5.102 51.42 35.00
0 5.119 35.00 22.89
2 5.135 13.18 10.00
1 5.147 57.02 30.00
3 5.170 40.00 27.95
4 5.202 51.34 35.00
0 5.219 35.00 23.00
2 5.235 13.09 10.00
1 5.248 56.91 30.00
3 5.270 40.00 27.84
4 5.302 51.26 35.00
0 5.320 35.00 23.11
2 5.336 13.00 10.00
1 5.348 56.81 30.00
3 5.370 40.00 27.74
4 5.402 51.17 35.00
0 5.420 35.00 23.22
2 5.436 12.91 10.00
1 5.449 56.70 30.00
3 5.471 40.00 27.64
4 5.502 51.09 35.00
0 5.521 35.00 23.33
2 5.536 12.82 10.00
1 5.550 56.60 30.00
3 5.571 40.00 27.54
4 5.602 51.00 35.00
0 5.621 35.00 23.44
2 5.637 12.73 10.00
1 5.651 56.49 30.00
3 5.672 40.00 27.43
4 5.702 50.92 35.00
0 5.722 35.00 23.56
2 5.737 12.64 10.00
1 5.752 56.38 30.00
3 5.772 40.00 27.33
4 5.802 50.84 35.00
0 5.822 35.00 23.67
2 5.837 12.55 10.00
1 5.853 56.28 30.00
3 5.873 40.00 27.23
4 5.902 50.75 35.00
0 5.923 35.00 23.78
2 5.938 12.45 10.00
1 5.954 56.17 30.00
3 5.973 40.00 27.12
4 6.002 50.67 35.00
0 6.023 35.00 23.89
2 6.038 12.36 10.00
1 6.055 56.06 30.00
3 6.074 40.00 27.02
4 6.102 50.59 35.00
0 6.124 35.00 24.00
2 6.138 12.27 10.00
1 6.156 55.96 30.00
3 6.174 40.00 26.92
4 6.202 50.50 35.00
0 6.224 35.00 24.11
2 6.239 12.18 10.00
1 6.257 55.85 30.00
3 6.275 40.00 26.82
4 6.302 50.42 35.00
0 6.325 35.00 24.22
2 6.339 12.09 10.00
1 6.357 55.74 30.00
3 6.375 40.00 26.71
4 6.402 50.33 35.00
0 6.425 35.00 24.33
2 6.440 12.00 10.00
1 6.458 55.64 30.00
3 6.476 40.00 26.61
4 6.502 50.25 35.00
0 6.526 35.00 24.44
2 6.540 11.91 10.00
1 6.559 55.53 30.00
3 6.576 40.00 26.51
4 6.602 50.17 35.00
0 6.626 35.00 24.56
2 6.640 11.82 10.00
1 6.660 55.43 30.00
3 6.677 40.00 26.41
4 6.703 50.08 35.00
0 6.727 35.00 24.67
2 6.741 11.73 10.00
1 6.761 55.32 30.00
3 6.777 40.00 26.30
4 6.803 50.00 35.00
4 6.803 50.00 35.00
0 6.827 35.00 24.78
2 6.841 11.64 10.00
1 6.862 55.21 30.00
3 6.877 40.00 26.20
4 6.903 50.00 34.92
0 6.928 35.00 24.89
2 6.941 11.55 10.00
1 6.963 55.11 30.00
3 6.978 40.00 26.10
4 7.003 50.00 34.83
0 7.028 35.00 25.00
2 7.042 11.45 10.00
1 7.064 55.00 30.00
3 7.078 40.00 26.00
4 7.104 50.00 34.75
0 7.129 35.00 25.11
2 7.142 11.36 10.00
1 7.165 54.89 30.00
3 7.179 40.00 25.89
4 7.204 50.00 34.66
0 7.229 35.00 25.22
2 7.242 11.27 10.00
1 7.265 54.79 30.00
3 7.279 40.00 25.79
4 7.305 50.00 34.58
0 7.330 35.00 25.33
2 7.343 11.18 10.00
1 7.366 54.68 30.00
3 7.380 40.00 25.69
4 7.405 50.00 34.50
0 7.430 35.00 25.44
2 7.443 11.09 10.00
1 7.467 54.57 30.00
3 7.480 40.00 25.58
4 7.506 50.00 34.41
0 7.531 35.00 25.56
2 7.544 11.00 10.00
1 7.568 54.47 30.00
3 7.581 40.00 25.48
4 7.606 50.00 34.33
0 7.631 35.00 25.67
2 7.644 10.91 10.00
1 7.669 54.36 30.00
3 7.681 40.00 25.38
4 7.707 50.00 34.24
0 7.732 35.00 25.78
2 7.744 10.82 10.00
1 7.770 54.26 30.00
3 7.782 40.00 25.28
4 7.807 50.00 34.16
0 7.832 35.00 25.89
2 7.845 10.73 10.00
1 7.871 54.15 30.00
3 7.882 40.00 25.17
4 7.908 50.00 34.08
0 7.933 35.00 26.00
2 7.945 10.64 10.00
1 7.972 54.04 30.00
3 7.983 40.00 25.07
4 8.008 50.00 33.99
0 8.033 35.00 26.11
2 8.045 10.55 10.00
1 8.073 53.94 30.00
3 8.083 40.00 24.97
4 8.109 50.00 33.91
0 8.133 35.00 26.22
2 8.146 10.45 10.00
1 8.174 53.83 30.00
3 8.183 40.00 24.87
4 8.209 50.00 33.82
0 8.234 35.00 26.33
2 8.246 10.36 10.00
1 8.274 53.72 30.00
3 8.284 40.00 24.76
4 8.309 50.00 33.74
0 8.334 35.00 26.44
2 8.346 10.27 10.00
1 8.375 53.62 30.00
3 8.384 40.00 24.66
4 8.410 50.00 33.66
0 8.435 35.00 26.56
2 8.447 10.18 10.00
1 8.476 53.51 30.00
3 8.485 40.00 24.56
4 8.510 50.00 33.57
0 8.535 35.00 26.67
2 8.547 10.09 10.00
1 8.577 53.40 30.00
3 8.585 40.00 24.45
4 8.611 50.00 33.49
0 8.636 35.00 26.78
2 8.648 10.00 10.00
2 8.648 10.00 10.00
1 8.678 53.30 30.00
3 8.686 40.00 24.35
4 8.711 50.00 33.40
0 8.736 35.00 26.89
2 8.748 10.00 10.09
1 8.779 53.19 30.00
3 8.786 40.00 24.25
4 8.812 50.00 33.32
0 8.837 35.00 27.00
2 8.848 10.00 10.18
1 8.880 53.09 30.00
3 8.887 40.00 24.15
4 8.912 50.00 33.24
0 8.937 35.00 27.11
2 8.949 10.00 10.27
1 8.981 52.98 30.00
3 8.987 40.00 24.04
4 9.013 50.00 33.15
0 9.038 35.00 27.22
2 9.049 10.00 10.36
1 9.082 52.87 30.00
3 9.088 40.00 23.94
4 9.113 50.00 33.07
0 9.138 35.00 27.33
2 9.149 10.00 10.45
1 9.183 52.77 30.00
3 9.188 40.00 23.84
4 9.214 50.00 32.98
0 9.239 35.00 27.44
2 9.250 10.00 10.55
1 9.283 52.66 30.00
3 9.289 40.00 23.74
4 9.314 50.00 32.90
0 9.339 35.00 27.56
2 9.350 10.00 10.64
1 9.384 52.55 30.00
3 9.389 40.00 23.63
4 9.414 50.00 32.82
0 9.440 35.00 27.67
2 9.450 10.00 10.73
1 9.485 52.45 30.00
3 9.489 40.00 23.53
4 9.515 50.00 32.73
0 9.540 35.00 27.78
2 9.551 10.00 10.82
1 9.586 52.34 30.00
3 9.590 40.00 23.43
4 9.615 50.00 32.65
0 9.641 35.00 27.89
2 9.651 10.00 10.91
1 9.687 52.23 30.00
3 9.690 40.00 23.33
4 9.716 50.00 32.56
0 9.741 35.00 28.00
2 9.751 10.00 11.00
1 9.788 52.13 30.00
3 9.791 40.00 23.22
4 9.816 50.00 32.48
0 9.842 35.00 28.11
2 9.852 10.00 11.09
1 9.889 52.02 30.00
3 9.891 40.00 23.12
4 9.917 50.00 32.39
0 9.942 35.00 28.22
2 9.952 10.00 11.18
1 9.990 51.91 30.00
3 9.992 40.00 23.02
4 10.017 50.00 32.31
0 10.043 35.00 28.33
2 10.053 10.00 11.27
1 10.091 51.81 30.00
3 10.092 40.00 22.91
4 10.118 50.00 32.23
0 10.143 35.00 28.44
2 10.153 10.00 11.36
1 10.191 51.70 30.00
3 10.193 40.00 22.81
4 10.218 50.00 32.14
0 10.244 35.00 28.56
2 10.253 10.00 11.45
1 10.292 51.60 30.00
3 10.293 40.00 22.71
3 10.293 40.00 22.71
4 10.319 50.00 32.06
0 10.344 35.00 28.67
2 10.354 10.00 11.55
1 10.393 51.49 30.00
3 10.395 40.00 22.57
4 10.419 50.00 31.97
0 10.445 35.00 28.78
2 10.454 10.00 11.64
1 10.494 51.38 30.00
3 10.497 40.00 22.44
4 10.520 50.00 31.89
0 10.545 35.00 28.89
2 10.554 10.00 11.73
1 10.595 51.28 30.00
3 10.600 40.00 22.30
4 10.620 50.00 31.81
0 10.646 35.00 29.00
2 10.655 10.00 11.82
1 10.696 51.17 30.00
3 10.702 40.00 22.17
4 10.720 50.00 31.72
0 10.746 35.00 29.11
2 10.755 10.00 11.91
1 10.797 51.06 30.00
3 10.804 40.00 22.03
4 10.821 50.00 31.64
0 10.847 35.00 29.22
2 10.855 10.00 12.00
1 10.898 50.96 30.00
3 10.906 40.00 21.90
4 10.921 50.00 31.55
0 10.947 35.00 29.33
2 10.956 10.00 12.09
1 10.999 50.85 30.00
3 11.008 40.00 21.76
4 11.022 50.00 31.47
0 11.048 35.00 29.44
2 11.056 10.00 12.18
1 11.100 50.74 30.00
3 11.110 40.00 21.63
4 11.122 50.00 31.39
0 11.148 35.00 29.56
2 11.157 10.00 12.27
1 11.200 50.64 30.00
3 11.212 40.00 21.49
4 11.223 50.00 31.30
0 11.249 35.00 29.67
2 11.257 10.00 12.36
1 11.301 50.53 30.00
3 11.315 40.00 21.36
4 11.323 50.00 31.22
0 11.349 35.00 29.78
2 11.357 10.00 12.45
1 11.402 50.43 30.00
3 11.417 40.00 21.22
4 11.424 50.00 31.13
0 11.450 35.00 29.89
2 11.458 10.00 12.55
1 11.503 50.32 30.00
3 11.519 40.00 21.09
4 11.524 50.00 31.05
0 11.550 35.00 30.00
2 11.558 10.00 12.64
1 11.604 50.21 30.00
3 11.621 40.00 20.95
4 11.625 50.00 30.97
0 11.651 35.00 30.11
2 11.658 10.00 12.73
1 11.705 50.11 30.00
3 11.723 40.00 20.82
4 11.725 50.00 30.88
0 11.751 35.00 30.22
2 11.759 10.00 12.82
1 11.806 50.00 30.00
1 11.806 50.00 30.00
3 11.825 40.00 20.68
4 11.826 50.00 30.80
0 11.852 35.00 30.33
2 11.859 10.00 12.91
1 11.906 50.00 30.11
4 11.926 50.00 30.71
3 11.927 40.00 20.55
0 11.952 35.00 30.44
2 11.959 10.00 13.00
1 12.006 50.00 30.21
4 12.026 50.00 30.63
3 12.029 40.00 20.41
0 12.053 35.00 30.56
2 12.060 10.00 13.09
1 12.106 50.00 30.32
4 12.127 50.00 30.55
3 12.132 40.00 20.28
0 12.153 35.00 30.67
2 12.160 10.00 13.18
1 12.207 50.00 30.42
4 12.227 50.00 30.46
3 12.234 40.00 20.14
0 12.254 35.00 30.78
2 12.261 10.00 13.27
1 12.307 50.00 30.53
4 12.328 50.00 30.38
3 12.336 40.00 20.01
0 12.354 35.00 30.89
2 12.361 10.00 13.36
1 12.407 50.00 30.63
4 12.428 50.00 30.29
3 12.438 40.00 19.87
0 12.455 35.00 31.00
2 12.461 10.00 13.45
1 12.507 50.00 30.74
4 12.529 50.00 30.21
3 12.540 40.00 19.74
0 12.555 35.00 31.11
2 12.562 10.00 13.55
1 12.607 50.00 30.85
4 12.629 50.00 30.13
3 12.642 40.00 19.60
0 12.656 35.00 31.22
2 12.662 10.00 13.64
1 12.708 50.00 30.95
4 12.730 50.00 30.04
3 12.744 40.00 19.47
0 12.756 35.00 31.33
2 12.762 10.00 13.73
1 12.808 50.00 31.06
4 12.830 50.00 29.96
3 12.847 40.00 19.33
0 12.857 35.00 31.44
2 12.863 10.00 13.82
1 12.908 50.00 31.16
4 12.931 50.00 29.87
3 12.949 40.00 19.20
0 12.957 35.00 31.56
2 12.963 10.00 13.91
1 13.008 50.00 31.27
4 13.031 50.00 29.79
3 13.051 40.00 19.06
0 13.058 35.00 31.67
2 13.063 10.00 14.00
1 13.108 50.00 31.37
4 13.132 50.00 29.71
3 13.153 40.00 18.93
0 13.158 35.00 31.78
2 13.164 10.00 14.09
1 13.208 50.00 31.48
4 13.232 50.00 29.62
3 13.255 40.00 18.79
0 13.259 35.00 31.89
2 13.264 10.00 14.18
1 13.309 50.00 31.58
4 13.332 50.00 29.54
3 13.357 40.00 18.65
0 13.359 35.00 32.00
2 13.365 10.00 14.27
1 13.409 50.00 31.69
4 13.433 50.00 29.45
3 13.459 40.00 18.52
0 13.460 35.00 32.11
2 13.465 10.00 14.36
1 13.509 50.00 31.80
4 13.533 50.00 29.37
0 13.560 35.00 32.22
3 13.561 40.00 18.38
2 13.565 10.00 14.45
1 13.609 50.00 31.90
4 13.634 50.00 29.29
0 13.661 35.00 32.33
3 13.664 40.00 18.25
2 13.666 10.00 14.55
1 13.709 50.00 32.01
4 13.734 50.00 29.20
0 13.761 35.00 32.44
3 13.766 40.00 18.11
2 13.766 10.00 14.64
1 13.810 50.00 32.11
4 13.835 50.00 29.12
0 13.862 35.00 32.56
2 13.866 10.00 14.73
3 13.868 40.00 17.98
1 13.910 50.00 32.22
4 13.935 50.00 29.03
0 13.962 35.00 32.67
2 13.967 10.00 14.82
3 13.970 40.00 17.84
1 14.010 50.00 32.32
4 14.036 50.00 28.95
0 14.063 35.00 32.78
2 14.067 10.00 14.91
3 14.072 40.00 17.71
3 14.072 40.00 17.71
1 14.110 50.00 32.43
4 14.136 50.00 28.87
0 14.163 35.00 32.89
2 14.167 10.00 15.00
2 14.167 10.00 15.00
3 14.176 40.00 17.59
1 14.210 50.00 32.54
4 14.237 50.00 28.78
0 14.264 35.00 33.00
2 14.268 10.09 15.00
3 14.279 40.00 17.47
1 14.310 50.00 32.64
4 14.337 50.00 28.70
0 14.364 35.00 33.11
2 14.368 10.18 15.00
3 14.383 40.00 17.36
1 14.411 50.00 32.75
4 14.437 50.00 28.61
0 14.465 35.00 33.22
2 14.469 10.27 15.00
3 14.487 40.00 17.24
1 14.511 50.00 32.85
4 14.538 50.00 28.53
0 14.565 35.00 33.33
2 14.569 10.36 15.00
3 14.590 40.00 17.12
1 14.611 50.00 32.96
4 14.638 50.00 28.45
0 14.666 35.00 33.44
2 14.669 10.45 15.00
3 14.694 40.00 17.00
1 14.711 50.00 33.06
4 14.739 50.00 28.36
0 14.766 35.00 33.56
2 14.770 10.55 15.00
3 14.798 40.00 16.88
1 14.811 50.00 33.17
4 14.839 50.00 28.28
0 14.867 35.00 33.67
2 14.870 10.64 15.00
3 14.901 40.00 16.77
1 14.912 50.00 33.27
4 14.940 50.00 28.19
0 14.967 35.00 33.78
2 14.970 10.73 15.00
3 15.005 40.00 16.65
1 15.012 50.00 33.38
4 15.040 50.00 28.11
0 15.068 35.00 33.89
2 15.071 10.82 15.00
3 15.109 40.00 16.53
1 15.112 50.00 33.49
4 15.141 50.00 28.03
0 15.168 35.00 34.00
2 15.171 10.91 15.00
1 15.212 50.00 33.59
3 15.212 40.00 16.41
4 15.241 50.00 27.94
0 15.269 35.00 34.11
2 15.271 11.00 15.00
1 15.312 50.00 33.70
3 15.316 40.00 16.30
4 15.342 50.00 27.86
0 15.369 35.00 34.22
2 15.372 11.09 15.00
1 15.413 50.00 33.80
3 15.420 40.00 16.18
4 15.442 50.00 27.77
0 15.470 35.00 34.33
2 15.472 11.18 15.00
1 15.513 50.00 33.91
3 15.523 40.00 16.06
4 15.543 50.00 27.69
0 15.570 35.00 34.44
2 15.573 11.27 15.00
1 15.613 50.00 34.01
3 15.627 40.00 15.94
4 15.643 50.00 27.61
0 15.671 35.00 34.56
2 15.673 11.36 15.00
1 15.713 50.00 34.12
3 15.731 40.00 15.82
4 15.743 50.00 27.52
0 15.771 35.00 34.67
2 15.773 11.45 15.00
1 15.813 50.00 34.23
3 15.834 40.00 15.71
4 15.844 50.00 27.44
0 15.872 35.00 34.78
2 15.874 11.55 15.00
1 15.913 50.00 34.33
3 15.938 40.00 15.59
4 15.944 50.00 27.35
0 15.972 35.00 34.89
2 15.974 11.64 15.00
1 16.014 50.00 34.44
3 16.042 40.00 15.47
4 16.045 50.00 27.27
0 16.073 35.00 35.00
0 16.073 35.00 35.00
2 16.074 11.73 15.00
1 16.114 50.00 34.54
3 16.145 40.00 15.35
4 16.145 50.00 27.18
0 16.173 35.11 35.00
2 16.175 11.82 15.00
1 16.214 50.00 34.65
4 16.246 50.00 27.10
3 16.249 40.00 15.24
0 16.274 35.22 35.00
2 16.275 11.91 15.00
1 16.314 50.00 34.75
4 16.346 50.00 27.02
3 16.353 40.00 15.12
0 16.374 35.33 35.00
2 16.375 12.00 15.00
1 16.414 50.00 34.86
4 16.447 50.00 26.93
3 16.456 40.00 15.00
3 16.456 40.00 15.00
0 16.475 35.44 35.00
2 16.476 12.09 15.00
1 16.515 50.00 34.96
4 16.547 50.00 26.85
3 16.556 39.89 15.00
0 16.575 35.56 35.00
2 16.576 12.18 15.00
1 16.615 50.00 35.07
4 16.648 50.00 26.76
3 16.656 39.77 15.00
0 16.676 35.67 35.00
2 16.677 12.27 15.00
1 16.715 50.00 35.18
4 16.748 50.00 26.68
3 16.756 39.66 15.00
0 16.776 35.78 35.00
2 16.777 12.36 15.00
1 16.815 50.00 35.28
4 16.849 50.00 26.60
3 16.856 39.55 15.00
0 16.877 35.89 35.00
2 16.877 12.45 15.00
1 16.915 50.00 35.39
4 16.949 50.00 26.51
3 16.956 39.43 15.00
0 16.977 36.00 35.00
2 16.978 12.55 15.00
1 17.015 50.00 35.49
4 17.049 50.00 26.43
3 17.056 39.32 15.00
0 17.078 36.11 35.00
2 17.078 12.64 15.00
1 17.116 50.00 35.60
4 17.150 50.00 26.34
3 17.156 39.20 15.00
0 17.178 36.22 35.00
2 17.178 12.73 15.00
1 17.216 50.00 35.70
4 17.250 50.00 26.26
3 17.256 39.09 15.00
0 17.279 36.33 35.00
2 17.279 12.82 15.00
1 17.316 50.00 35.81
4 17.351 50.00 26.18
3 17.356 38.98 15.00
2 17.379 12.91 15.00
0 17.379 36.44 35.00
1 17.416 50.00 35.92
4 17.451 50.00 26.09
3 17.456 38.86 15.00
2 17.479 13.00 15.00
0 17.480 36.56 35.00
1 17.516 50.00 36.02
4 17.552 50.00 26.01
3 17.556 38.75 15.00
2 17.580 13.09 15.00
0 17.580 36.67 35.00
1 17.617 50.00 36.13
4 17.652 50.00 25.92
3 17.656 38.64 15.00
2 17.680 13.18 15.00
0 17.681 36.78 35.00
1 17.717 50.00 36.23
4 17.753 50.00 25.84
3 17.756 38.52 15.00
2 17.781 13.27 15.00
0 17.781 36.89 35.00
1 17.817 50.00 36.34
4 17.853 50.00 25.76
3 17.856 38.41 15.00
2 17.881 13.36 15.00
0 17.882 37.00 35.00
1 17.917 50.00 36.44
4 17.954 50.00 25.67
3 17.956 38.30 15.00
2 17.981 13.45 15.00
0 17.982 37.11 35.00
1 18.017 50.00 36.55
4 18.054 50.00 25.59
3 18.056 38.18 15.00
2 18.082 13.55 15.00
0 18.083 37.22 35.00
1 18.118 50.00 36.65
4 18.155 50.00 25.50
3 18.156 38.07 15.00
2 18.182 13.64 15.00
0 18.183 37.33 35.00
1 18.218 50.00 36.76
4 18.255 50.00 25.42
3 18.256 37.95 15.00
2 18.282 13.73 15.00
0 18.284 37.44 35.00
1 18.318 50.00 36.87
4 18.355 50.00 25.34
3 18.356 37.84 15.00
2 18.383 13.82 15.00
0 18.384 37.56 35.00
1 18.418 50.00 36.97
4 18.456 50.00 25.25
3 18.456 37.73 15.00
2 18.483 13.91 15.00
0 18.485 37.67 35.00
1 18.518 50.00 37.08
4 18.556 50.00 25.17
3 18.556 37.61 15.00
2 18.583 14.00 15.00
0 18.585 37.78 35.00
1 18.618 50.00 37.18
3 18.656 37.50 15.00
4 18.657 50.00 25.08
2 18.684 14.09 15.00
0 18.686 37.89 35.00
1 18.719 50.00 37.29
3 18.756 37.39 15.00
4 18.757 50.00 25.00
4 18.757 50.00 25.00
2 18.784 14.18 15.00
0 18.786 38.00 35.00
1 18.819 50.00 37.39
3 18.857 37.27 15.00
4 18.858 50.08 25.00
2 18.885 14.27 15.00
0 18.887 38.11 35.00
1 18.919 50.00 37.50
3 18.957 37.16 15.00
4 18.958 50.17 25.00
2 18.985 14.36 15.00
0 18.987 38.22 35.00
1 19.019 50.00 37.61
3 19.057 37.05 15.00
4 19.059 50.25 25.00
2 19.085 14.45 15.00
0 19.088 38.33 35.00
1 19.119 50.00 37.71
3 19.157 36.93 15.00
4 19.159 50.34 25.00
2 19.186 14.55 15.00
0 19.188 38.44 35.00
1 19.220 50.00 37.82
3 19.257 36.82 15.00
4 19.260 50.42 25.00
2 19.286 14.64 15.00
0 19.289 38.56 35.00
1 19.320 50.00 37.92
3 19.357 36.70 15.00
4 19.360 50.50 25.00
2 19.386 14.73 15.00
0 19.389 38.67 35.00
1 19.420 50.00 38.03
3 19.457 36.59 15.00
4 19.460 50.59 25.00
2 19.487 14.82 15.00
0 19.490 38.78 35.00
1 19.520 50.00 38.13
3 19.557 36.48 15.00
4 19.561 50.67 25.00
2 19.587 14.91 15.00
0 19.590 38.89 35.00
1 19.620 50.00 38.24
3 19.657 36.36 15.00
4 19.661 50.76 25.00
2 19.687 15.00 15.00
2 19.687 15.00 15.00
0 19.690 39.00 35.00
1 19.721 50.00 38.35
3 19.757 36.25 15.00
4 19.762 50.84 25.00
2 19.788 15.00 14.91
0 19.791 39.11 35.00
1 19.821 50.00 38.45
3 19.857 36.14 15.00
4 19.862 50.92 25.00
2 19.888 15.00 14.82
0 19.891 39.22 35.00
1 19.921 50.00 38.56
3 19.957 36.02 15.00
4 19.963 51.01 25.00
2 19.988 15.00 14.73
0 19.992 39.33 35.00
1 20.021 50.00 38.66
3 20.057 35.91 15.00
4 20.063 51.09 25.00
2 20.089 15.00 14.64
0 20.092 39.44 35.00
1 20.121 50.00 38.77
3 20.157 35.80 15.00
4 20.164 51.18 25.00
2 20.189 15.00 14.55
0 20.193 39.56 35.00
1 20.221 50.00 38.87
3 20.257 35.68 15.00
4 20.264 51.26 25.00
2 20.290 15.00 14.45
0 20.293 39.67 35.00
1 20.322 50.00 38.98
3 20.357 35.57 15.00
4 20.365 51.34 25.00
2 20.390 15.00 14.36
0 20.394 39.78 35.00
1 20.422 50.00 39.08
3 20.457 35.45 15.00
4 20.465 51.43 25.00
2 20.490 15.00 14.27
0 20.494 39.89 35.00
1 20.522 50.00 39.19
3 20.557 35.34 15.00
4 20.566 51.51 25.00
2 20.591 15.00 14.18
0 20.595 40.00 35.00
0 20.595 40.00 35.00
1 20.622 50.00 39.30
3 20.657 35.23 15.00
4 20.666 51.60 25.00
2 20.691 15.00 14.09
0 20.695 40.00 34.89
1 20.722 50.00 39.40
3 20.757 35.11 15.00
4 20.766 51.68 25.00
2 20.791 15.00 14.00
0 20.795 40.00 34.78
1 20.823 50.00 39.51
3 20.857 35.00 15.00
4 20.867 51.76 25.00
2 20.892 15.00 13.91
0 20.895 40.00 34.67
1 20.923 50.00 39.61
3 20.957 34.89 15.00
4 20.967 51.85 25.00
2 20.992 15.00 13.82
0 20.995 40.00 34.56
1 21.023 50.00 39.72
3 21.057 34.77 15.00
4 21.068 51.93 25.00
2 21.092 15.00 13.73
0 21.095 40.00 34.45
1 21.123 50.00 39.82
3 21.157 34.66 15.00
4 21.168 52.02 25.00
2 21.193 15.00 13.64
0 21.195 40.00 34.34
1 21.223 50.00 39.93
3 21.257 34.55 15.00
4 21.269 52.10 25.00
2 21.293 15.00 13.55
0 21.295 40.00 34.23
1 21.323 50.00 40.04
3 21.357 34.43 15.00
4 21.369 52.18 25.00
2 21.394 15.00 13.45
0 21.395 40.00 34.12
1 21.424 50.00 40.14
3 21.457 34.32 15.00
4 21.470 52.27 25.00
2 21.494 15.00 13.36
0 21.495 40.00 34.00
1 21.524 50.00 40.25
3 21.557 34.20 15.00
4 21.570 52.35 25.00
2 21.594 15.00 13.27
0 21.595 40.00 33.89
1 21.624 50.00 40.35
3 21.657 34.09 15.00
4 21.671 52.44 25.00
2 21.695 15.00 13.18
0 21.696 40.00 33.78
1 21.724 50.00 40.46
3 21.757 33.98 15.00
4 21.771 52.52 25.00
2 21.795 15.00 13.09
0 21.796 40.00 33.67
1 21.824 50.00 40.56
3 21.857 33.86 15.00
4 21.872 52.61 25.00
2 21.895 15.00 13.00
0 21.896 40.00 33.56
1 21.925 50.00 40.67
3 21.957 33.75 15.00
4 21.972 52.69 25.00
0 21.996 40.00 33.45
2 21.996 15.00 12.91
1 22.025 50.00 40.77
3 22.057 33.64 15.00
4 22.072 52.77 25.00
0 22.096 40.00 33.34
2 22.096 15.00 12.82
1 22.125 50.00 40.88
3 22.157 33.52 15.00
4 22.173 52.86 25.00
0 22.196 40.00 33.23
2 22.196 15.00 12.73
1 22.225 50.00 40.99
3 22.257 33.41 15.00
4 22.273 52.94 25.00
0 22.296 40.00 33.12
2 22.297 15.00 12.64
1 22.325 50.00 41.09
3 22.357 33.30 15.00
4 22.374 53.03 25.00
0 22.396 40.00 33.01
2 22.397 15.00 12.55
1 22.426 50.00 41.20
3 22.457 33.18 15.00
4 22.474 53.11 25.00
0 22.496 40.00 32.90
2 22.498 15.00 12.45
1 22.526 50.00 41.30
3 22.557 33.07 15.00
4 22.575 53.19 25.00
0 22.596 40.00 32.79
2 22.598 15.00 12.36
1 22.626 50.00 41.41
3 22.657 32.95 15.00
4 22.675 53.28 25.00
0 22.696 40.00 32.68
2 22.698 15.00 12.27
1 22.726 50.00 41.51
3 22.757 32.84 15.00
4 22.776 53.36 25.00
0 22.796 40.00 32.57
2 22.799 15.00 12.18
1 22.826 50.00 41.62
3 22.857 32.73 15.00
4 22.876 53.45 25.00
0 22.896 40.00 32.46
2 22.899 15.00 12.09
1 22.926 50.00 41.73
3 22.957 32.61 15.00
4 22.977 53.53 25.00
0 22.996 40.00 32.35
2 22.999 15.00 12.00
1 23.027 50.00 41.83
3 23.057 32.50 15.00
4 23.077 53.61 25.00
0 23.096 40.00 32.23
2 23.100 15.00 11.91
1 23.127 50.00 41.94
3 23.157 32.39 15.00
4 23.177 53.70 25.00
0 23.196 40.00 32.12
2 23.200 15.00 11.82
1 23.227 50.00 42.04
3 23.257 32.27 15.00
4 23.278 53.78 25.00
0 23.296 40.00 32.01
2 23.300 15.00 11.73
1 23.327 50.00 42.15
3 23.357 32.16 15.00
4 23.378 53.87 25.00
0 23.396 40.00 31.90
2 23.401 15.00 11.64
1 23.427 50.00 42.25
3 23.457 32.05 15.00
4 23.479 53.95 25.00
0 23.496 40.00 31.79
2 23.501 15.00 11.55
1 23.528 50.00 42.36
3 23.557 31.93 15.00
4 23.579 54.03 25.00
0 23.596 40.00 31.68
2 23.602 15.00 11.45
1 23.628 50.00 42.46
3 23.657 31.82 15.00
4 23.680 54.12 25.00
0 23.697 40.00 31.57
2 23.702 15.00 11.36
1 23.728 50.00 42.57
3 23.757 31.70 15.00
4 23.780 54.20 25.00
0 23.797 40.00 31.46
2 23.802 15.00 11.27
1 23.828 50.00 42.68
3 23.857 31.59 15.00
4 23.881 54.29 25.00
0 23.897 40.00 31.35
2 23.903 15.00 11.18
1 23.928 50.00 42.78
3 23.957 31.48 15.00
4 23.981 54.37 25.00
0 23.997 40.00 31.24
2 24.003 15.00 11.09
1 24.028 50.00 42.89
3 24.057 31.36 15.00
4 24.082 54.45 25.00
0 24.097 40.00 31.13
2 24.103 15.00 11.00
1 24.129 50.00 42.99
3 24.157 31.25 15.00
4 24.182 54.54 25.00
0 24.197 40.00 31.02
2 24.204 15.00 10.91
1 24.229 50.00 43.10
3 24.257 31.14 15.00
4 24.283 54.62 25.00
0 24.297 40.00 30.91
2 24.304 15.00 10.82
1 24.329 50.00 43.20
3 24.357 31.02 15.00
4 24.383 54.71 25.00
0 24.397 40.00 30.80
2 24.404 15.00 10.73
1 24.429 50.00 43.31
3 24.457 30.91 15.00
4 24.483 54.79 25.00
0 24.497 40.00 30.69
2 24.505 15.00 10.64
1 24.529 50.00 43.42
3 24.557 30.80 15.00
4 24.584 54.87 25.00
0 24.597 40.00 30.58
2 24.605 15.00 10.55
1 24.630 50.00 43.52
3 24.657 30.68 15.00
4 24.684 54.96 25.00
0 24.697 40.00 30.46
2 24.706 15.00 10.45
1 24.730 50.00 43.63
3 24.757 30.57 15.00
4 24.785 55.04 25.00
0 24.797 40.00 30.35
2 24.806 15.00 10.36
1 24.830 50.00 43.73
3 24.857 30.45 15.00
4 24.885 55.13 25.00
0 24.897 40.00 30.24
2 24.906 15.00 10.27
1 24.930 50.00 43.84
3 24.957 30.34 15.00
4 24.986 55.21 25.00
0 24.997 40.00 30.13
2 25.007 15.00 10.18
1 25.030 50.00 43.94
3 25.057 30.23 15.00
4 25.086 55.29 25.00
0 25.097 40.00 30.02
2 25.107 15.00 10.09
1 25.131 50.00 44.05
3 25.157 30.11 15.00
4 25.187 55.38 25.00
0 25.197 40.00 29.91
2 25.207 15.00 10.00
2 25.207 15.00 10.00
1 25.231 50.00 44.15
3 25.257 30.00 15.00
4 25.287 55.46 25.00
0 25.297 40.00 29.80
2 25.308 14.91 10.00
1 25.331 50.00 44.26
3 25.357 29.89 15.00
4 25.388 55.55 25.00
0 25.397 40.00 29.69
2 25.408 14.82 10.00
1 25.431 50.00 44.37
3 25.457 29.77 15.00
4 25.488 55.63 25.00
0 25.497 40.00 29.58
2 25.508 14.73 10.00
1 25.531 50.00 44.47
3 25.557 29.66 15.00
4 25.589 55.71 25.00
0 25.598 40.00 29.47
2 25.609 14.64 10.00
1 25.631 50.00 44.58
3 25.657 29.55 15.00
4 25.689 55.80 25.00
0 25.698 40.00 29.36
2 25.709 14.55 10.00
1 25.732 50.00 44.68
3 25.757 29.43 15.00
4 25.789 55.88 25.00
0 25.798 40.00 29.25
2 25.810 14.45 10.00
1 25.832 50.00 44.79
3 25.857 29.32 15.00
4 25.890 55.97 25.00
0 25.898 40.00 29.14
2 25.910 14.36 10.00
1 25.932 50.00 44.89
3 25.957 29.20 15.00
4 25.990 56.05 25.00
0 25.998 40.00 29.03
2 26.010 14.27 10.00
1 26.032 50.00 45.00
1 26.032 50.00 45.00
3 26.057 29.09 15.00
4 26.091 56.13 25.00
0 26.098 40.00 28.92
2 26.111 14.18 10.00
1 26.133 49.89 45.00
3 26.157 28.98 15.00
4 26.191 56.22 25.00
0 26.198 40.00 28.81
2 26.211 14.09 10.00
1 26.234 49.79 45.00
3 26.257 28.86 15.00
4 26.292 56.30 25.00
0 26.298 40.00 28.69
2 26.311 14.00 10.00
1 26.335 49.68 45.00
3 26.357 28.75 15.00
4 26.392 56.39 25.00
0 26.398 40.00 28.58
2 26.412 13.91 10.00
1 26.436 49.57 45.00
3 26.457 28.64 15.00
4 26.493 56.47 25.00
0 26.498 40.00 28.47
2 26.512 13.82 10.00
1 26.537 49.47 45.00
3 26.557 28.52 15.00
4 26.593 56.55 25.00
0 26.598 40.00 28.36
2 26.612 13.73 10.00
1 26.638 49.36 45.00
3 26.657 28.41 15.00
4 26.694 56.64 25.00
0 26.698 40.00 28.25
2 26.713 13.64 10.00
1 26.738 49.26 45.00
3 26.757 28.30 15.00
4 26.794 56.72 25.00
0 26.798 40.00 28.14
2 26.813 13.55 10.00
1 26.839 49.15 45.00
3 26.857 28.18 15.00
4 26.895 56.81 25.00
0 26.898 40.00 28.03
2 26.914 13.45 10.00
1 26.940 49.04 45.00
3 26.957 28.07 15.00
4 26.995 56.89 25.00
0 26.998 40.00 27.92
2 27.014 13.36 10.00
1 27.041 48.94 45.00
3 27.057 27.95 15.00
4 27.095 56.97 25.00
0 27.098 40.00 27.81
2 27.114 13.27 10.00
1 27.142 48.83 45.00
3 27.157 27.84 15.00
4 27.196 57.06 25.00
0 27.198 40.00 27.70
2 27.215 13.18 10.00
1 27.243 48.72 45.00
3 27.257 27.73 15.00
4 27.296 57.14 25.00
0 27.298 40.00 27.59
2 27.315 13.09 10.00
1 27.344 48.62 45.00
3 27.357 27.61 15.00
4 27.397 57.23 25.00
0 27.398 40.00 27.48
2 27.415 13.00 10.00
1 27.445 48.51 45.00
3 27.457 27.50 15.00
4 27.497 57.31 25.00
0 27.498 40.00 27.37
2 27.516 12.91 10.00
1 27.546 48.40 45.00
3 27.557 27.39 15.00
4 27.598 57.39 25.00
0 27.599 40.00 27.26
2 27.616 12.82 10.00
1 27.647 48.30 45.00
3 27.657 27.27 15.00
4 27.698 57.48 25.00
0 27.699 40.00 27.15
2 27.716 12.73 10.00
1 27.747 48.19 45.00
3 27.757 27.16 15.00
0 27.799 40.00 27.04
4 27.799 57.56 25.00
2 27.817 12.64 10.00
1 27.848 48.09 45.00
3 27.857 27.05 15.00
0 27.899 40.00 26.92
4 27.899 57.65 25.00
2 27.917 12.55 10.00
1 27.949 47.98 45.00
3 27.957 26.93 15.00
0 27.999 40.00 26.81
4 28.000 57.73 25.00
2 28.018 12.45 10.00
1 28.050 47.87 45.00
3 28.057 26.82 15.00
0 28.099 40.00 26.70
4 28.100 57.82 25.00
2 28.118 12.36 10.00
1 28.151 47.77 45.00
3 28.157 26.70 15.00
0 28.199 40.00 26.59
4 28.200 57.90 25.00
2 28.218 12.27 10.00
1 28.252 47.66 45.00
3 28.257 26.59 15.00
0 28.299 40.00 26.48
4 28.301 57.98 25.00
2 28.319 12.18 10.00
1 28.353 47.55 45.00
3 28.357 26.48 15.00
0 28.399 40.00 26.37
4 28.401 58.07 25.00
2 28.419 12.09 10.00
1 28.454 47.45 45.00
3 28.458 26.36 15.00
0 28.499 40.00 26.26
4 28.502 58.15 25.00
2 28.519 12.00 10.00
1 28.555 47.34 45.00
3 28.558 26.25 15.00
0 28.599 40.00 26.15
4 28.602 58.24 25.00
2 28.620 11.91 10.00
1 28.656 47.23 45.00
3 28.658 26.14 15.00
0 28.699 40.00 26.04
4 28.703 58.32 25.00
2 28.720 11.82 10.00
1 28.756 47.13 45.00
3 28.758 26.02 15.00
0 28.799 40.00 25.93
4 28.803 58.40 25.00
2 28.820 11.73 10.00
1 28.857 47.02 45.00
3 28.858 25.91 15.00
0 28.899 40.00 25.82
4 28.904 58.49 25.00
2 28.921 11.64 10.00
3 28.958 25.80 15.00
1 28.958 46.91 45.00
0 28.999 40.00 25.71
4 29.004 58.57 25.00
2 29.021 11.55 10.00
3 29.058 25.68 15.00
1 29.059 46.81 45.00
0 29.099 40.00 25.60
4 29.105 58.66 25.00
2 29.122 11.45 10.00
3 29.158 25.57 15.00
1 29.160 46.70 45.00
0 29.199 40.00 25.49
4 29.205 58.74 25.00
2 29.222 11.36 10.00
3 29.258 25.45 15.00
1 29.261 46.60 45.00
0 29.299 40.00 25.38
4 29.306 58.82 25.00
2 29.322 11.27 10.00
3 29.358 25.34 15.00
1 29.362 46.49 45.00
0 29.399 40.00 25.27
4 29.406 58.91 25.00
2 29.423 11.18 10.00
3 29.458 25.23 15.00
1 29.463 46.38 45.00
0 29.499 40.00 25.15
4 29.506 58.99 25.00
2 29.523 11.09 10.00
3 29.558 25.11 15.00
1 29.564 46.28 45.00
0 29.600 40.00 25.04
4 29.607 59.08 25.00
2 29.623 11.00 10.00
3 29.658 25.00 15.00
1 29.664 46.17 45.00
0 29.700 40.00 24.93
4 29.707 59.16 25.00
2 29.724 10.91 10.00
3 29.758 24.89 15.00
1 29.765 46.06 45.00
0 29.800 40.00 24.82
4 29.808 59.24 25.00
2 29.824 10.82 10.00
3 29.858 24.77 15.00
1 29.866 45.96 45.00
0 29.900 40.00 24.71
4 29.908 59.33 25.00
2 29.924 10.73 10.00
3 29.958 24.66 15.00
1 29.967 45.85 45.00
0 30.000 40.00 24.60
4 30.009 59.41 25.00
2 30.025 10.64 10.00
3 30.058 24.55 15.00
1 30.068 45.74 45.00
0 30.100 40.00 24.49
4 30.109 59.50 25.00
2 30.125 10.55 10.00
3 30.158 24.43 15.00
1 30.169 45.64 45.00
0 30.200 40.00 24.38
4 30.210 59.58 25.00
2 30.226 10.45 10.00
3 30.258 24.32 15.00
1 30.270 45.53 45.00
0 30.300 40.00 24.27
4 30.310 59.66 25.00
2 30.326 10.36 10.00
3 30.358 24.20 15.00
1 30.371 45.43 45.00
0 30.400 40.00 24.16
4 30.411 59.75 25.00
2 30.426 10.27 10.00
3 30.458 24.09 15.00
1 30.472 45.32 45.00
0 30.500 40.00 24.05
4 30.511 59.83 25.00
2 30.527 10.18 10.00
3 30.558 23.98 15.00
1 30.573 45.21 45.00
0 30.600 40.00 23.94
4 30.612 59.92 25.00
2 30.627 10.09 10.00
3 30.658 23.86 15.00
1 30.673 45.11 45.00
0 30.700 40.00 23.83
4 30.712 60.00 25.00
4 30.712 60.00 25.00
2 30.727 10.00 10.00
2 30.727 10.00 10.00
3 30.758 23.75 15.00
1 30.774 45.00 45.00
0 30.800 40.00 23.72
4 30.813 60.00 25.08
2 30.828 10.00 10.09
3 30.858 23.64 15.00
1 30.875 44.89 45.00
0 30.900 40.00 23.61
4 30.915 60.00 25.17
2 30.928 10.00 10.18
3 30.958 23.52 15.00
1 30.976 44.79 45.00
0 31.000 40.00 23.50
4 31.016 60.00 25.25
2 31.028 10.00 10.27
3 31.058 23.41 15.00
1 31.077 44.68 45.00
0 31.100 40.00 23.38
4 31.117 60.00 25.34
2 31.129 10.00 10.36
3 31.158 23.30 15.00
1 31.178 44.57 45.00
0 31.200 40.00 23.27
4 31.219 60.00 25.42
2 31.229 10.00 10.45
3 31.258 23.18 15.00
1 31.279 44.47 45.00
0 31.300 40.00 23.16
4 31.320 60.00 25.51
2 31.329 10.00 10.55
3 31.358 23.07 15.00
1 31.380 44.36 45.00
0 31.400 40.00 23.05
4 31.421 60.00 25.59
2 31.430 10.00 10.64
3 31.458 22.95 15.00
1 31.481 44.26 45.00
0 31.501 40.00 22.94
4 31.522 60.00 25.68
2 31.530 10.00 10.73
3 31.558 22.84 15.00
1 31.582 44.15 45.00
0 31.601 40.00 22.83
4 31.624 60.00 25.76
2 31.631 10.00 10.82
3 31.658 22.73 15.00
1 31.682 44.04 45.00
0 31.701 40.00 22.72
4 31.725 60.00 25.85
2 31.731 10.00 10.91
3 31.758 22.61 15.00
1 31.783 43.94 45.00
0 31.801 40.00 22.61
4 31.826 60.00 25.93
2 31.831 10.00 11.00
3 31.858 22.50 15.00
1 31.884 43.83 45.00
0 31.901 40.00 22.50
4 31.928 60.00 26.02
2 31.932 10.00 11.09
3 31.958 22.39 15.00
1 31.985 43.72 45.00
0 32.001 40.00 22.39
4 32.029 60.00 26.10
2 32.032 10.00 11.18
3 32.058 22.27 15.00
1 32.086 43.62 45.00
0 32.101 40.00 22.28
4 32.130 60.00 26.19
2 32.132 10.00 11.27
3 32.158 22.16 15.00
1 32.187 43.51 45.00
0 32.201 40.00 22.17
4 32.232 60.00 26.27
2 32.233 10.00 11.36
3 32.258 22.05 15.00
1 32.288 43.40 45.00
0 32.301 40.00 22.06
4 32.333 60.00 26.36
2 32.333 10.00 11.45
3 32.358 21.93 15.00
1 32.389 43.30 45.00
0 32.401 40.00 21.95
2 32.433 10.00 11.55
4 32.434 60.00 26.44
3 32.458 21.82 15.00
1 32.490 43.19 45.00
0 32.501 40.00 21.84
2 32.534 10.00 11.64
4 32.536 60.00 26.53
3 32.558 21.70 15.00
1 32.590 43.09 45.00
0 32.601 40.00 21.73
2 32.634 10.00 11.73
4 32.637 60.00 26.61
3 32.658 21.59 15.00
1 32.691 42.98 45.00
0 32.701 40.00 21.62
2 32.735 10.00 11.82
4 32.738 60.00 26.69
3 32.758 21.48 15.00
1 32.792 42.87 45.00
0 32.801 40.00 21.50
2 32.835 10.00 11.91
4 32.840 60.00 26.78
3 32.858 21.36 15.00
1 32.893 42.77 45.00
0 32.901 40.00 21.39
2 32.935 10.00 12.00
4 32.941 60.00 26.86
3 32.958 21.25 15.00
1 32.994 42.66 45.00
0 33.001 40.00 21.28
2 33.036 10.00 12.09
4 33.042 60.00 26.95
3 33.058 21.14 15.00
1 33.095 42.55 45.00
0 33.101 40.00 21.17
2 33.136 10.00 12.18
4 33.143 60.00 27.03
3 33.158 21.02 15.00
1 33.196 42.45 45.00
0 33.201 40.00 21.06
2 33.236 10.00 12.27
4 33.245 60.00 27.12
3 33.258 20.91 15.00
1 33.297 42.34 45.00
0 33.301 40.00 20.95
2 33.337 10.00 12.36
4 33.346 60.00 27.20
3 33.358 20.80 15.00
1 33.398 42.23 45.00
0 33.401 40.00 20.84
2 33.437 10.00 12.45
4 33.447 60.00 27.29
3 33.458 20.68 15.00
1 33.499 42.13 45.00
0 33.502 40.00 20.73
2 33.537 10.00 12.55
4 33.549 60.00 27.37
3 33.558 20.57 15.00
1 33.599 42.02 45.00
0 33.602 40.00 20.62
2 33.638 10.00 12.64
4 33.650 60.00 27.46
3 33.658 20.45 15.00
1 33.700 41.91 45.00
0 33.702 40.00 20.51
2 33.738 10.00 12.73
4 33.751 60.00 27.54
3 33.758 20.34 15.00
1 33.801 41.81 45.00
0 33.802 40.00 20.40
2 33.839 10.00 12.82
4 33.853 60.00 27.63
3 33.858 20.23 15.00
0 33.902 40.00 20.29
1 33.902 41.70 45.00
2 33.939 10.00 12.91
4 33.954 60.00 27.71
3 33.958 20.11 15.00
0 34.002 40.00 20.18
1 34.003 41.60 45.00
2 34.039 10.00 13.00
4 34.055 60.00 27.80
3 34.058 20.00 15.00
3 34.058 20.00 15.00
0 34.102 40.00 20.07
1 34.104 41.49 45.00
2 34.140 10.00 13.09
4 34.157 60.00 27.88
3 34.158 20.00 15.11
0 34.202 40.00 19.96
1 34.205 41.38 45.00
2 34.240 10.00 13.18
4 34.258 60.00 27.97
3 34.258 20.00 15.23
0 34.302 40.00 19.85
1 34.306 41.28 45.00
2 34.340 10.00 13.27
3 34.358 20.00 15.34
4 34.359 60.00 28.05
0 34.402 40.00 19.73
1 34.407 41.17 45.00
2 34.441 10.00 13.36
3 34.458 20.00 15.45
4 34.460 60.00 28.14
0 34.502 40.00 19.62
1 34.508 41.06 45.00
2 34.541 10.00 13.45
3 34.558 20.00 15.57
4 34.562 60.00 28.22
0 34.602 40.00 19.51
1 34.608 40.96 45.00
2 34.641 10.00 13.55
3 34.658 20.00 15.68
4 34.663 60.00 28.31
0 34.702 40.00 19.40
1 34.709 40.85 45.00
2 34.742 10.00 13.64
3 34.758 20.00 15.80
4 34.764 60.00 28.39
0 34.802 40.00 19.29
1 34.810 40.74 45.00
2 34.842 10.00 13.73
3 34.858 20.00 15.91
4 34.866 60.00 28.47
0 34.902 40.00 19.18
1 34.911 40.64 45.00
2 34.943 10.00 13.82
3 34.958 20.00 16.02
4 34.967 60.00 28.56
0 35.002 40.00 19.07
1 35.012 40.53 45.00
2 35.043 10.00 13.91
3 35.058 20.00 16.14
4 35.068 60.00 28.64
0 35.102 40.00 18.96
1 35.113 40.43 45.00
2 35.143 10.00 14.00
3 35.158 20.00 16.25
4 35.170 60.00 28.73
0 35.202 40.00 18.85
1 35.214 40.32 45.00
2 35.244 10.00 14.09
3 35.258 20.00 16.36
4 35.271 60.00 28.81
0 35.302 40.00 18.74
1 35.315 40.21 45.00
2 35.344 10.00 14.18
3 35.358 20.00 16.48
4 35.372 60.00 28.90
0 35.403 40.00 18.63
1 35.416 40.11 45.00
2 35.444 10.00 14.27
3 35.458 20.00 16.59
4 35.474 60.00 28.98
0 35.503 40.00 18.52
1 35.516 40.00 45.00
1 35.516 40.00 45.00
2 35.545 10.00 14.36
3 35.558 20.00 16.70
4 35.575 60.00 29.07
0 35.603 40.00 18.41
1 35.617 40.00 44.89
2 35.645 10.00 14.45
3 35.658 20.00 16.82
4 35.676 60.00 29.15
0 35.703 40.00 18.30
1 35.717 40.00 44.79
2 35.745 10.00 14.55
3 35.758 20.00 16.93
4 35.778 60.00 29.24
0 35.803 40.00 18.19
1 35.817 40.00 44.68
2 35.846 10.00 14.64
3 35.858 20.00 17.05
4 35.879 60.00 29.32
0 35.903 40.00 18.08
1 35.918 40.00 44.58
2 35.946 10.00 14.73
3 35.958 20.00 17.16
4 35.980 60.00 29.41
0 36.003 40.00 17.96
1 36.018 40.00 44.47
2 36.047 10.00 14.82
3 36.058 20.00 17.27
4 36.081 60.00 29.49
0 36.103 40.00 17.85
1 36.118 40.00 44.37
2 36.147 10.00 14.91
3 36.158 20.00 17.39
4 36.183 60.00 29.58
0 36.203 40.00 17.74
1 36.218 40.00 44.26
2 36.247 10.00 15.00
3 36.258 20.00 17.50
4 36.284 60.00 29.66
0 36.303 40.00 17.63
1 36.319 40.00 44.15
2 36.348 10.00 15.09
3 36.358 20.00 17.61
4 36.385 60.00 29.75
0 36.403 40.00 17.52
1 36.419 40.00 44.05
2 36.448 10.00 15.18
3 36.458 20.00 17.73
4 36.487 60.00 29.83
0 36.503 40.00 17.41
1 36.519 40.00 43.94
2 36.548 10.00 15.27
3 36.558 20.00 17.84
4 36.588 60.00 29.92
0 36.603 40.00 17.30
1 36.620 40.00 43.84
2 36.649 10.00 15.36
3 36.658 20.00 17.95
4 36.689 60.00 30.00
4 36.689 60.00 30.00
0 36.703 40.00 17.19
1 36.720 40.00 43.73
2 36.749 10.00 15.45
3 36.758 20.00 18.07
4 36.791 59.92 30.00
0 36.803 40.00 17.08
1 36.820 40.00 43.63
2 36.849 10.00 15.55
3 36.858 20.00 18.18
4 36.892 59.83 30.00
0 36.903 40.00 16.97
1 36.920 40.00 43.52
2 36.950 10.00 15.64
3 36.958 20.00 18.30
4 36.993 59.75 30.00
0 37.003 40.00 16.86
1 37.021 40.00 43.41
2 37.050 10.00 15.73
3 37.058 20.00 18.41
4 37.095 59.66 30.00
0 37.103 40.00 16.75
1 37.121 40.00 43.31
2 37.151 10.00 15.82
3 37.158 20.00 18.52
4 37.196 59.58 30.00
0 37.203 40.00 16.64
1 37.221 40.00 43.20
2 37.251 10.00 15.91
3 37.258 20.00 18.64
4 37.297 59.49 30.00
0 37.303 40.00 16.53
1 37.322 40.00 43.10
2 37.351 10.00 16.00
3 37.358 20.00 18.75
4 37.399 59.41 30.00
0 37.404 40.00 16.42
1 37.422 40.00 42.99
2 37.452 10.00 16.09
3 37.458 20.00 18.86
4 37.500 59.32 30.00
0 37.504 40.00 16.31
1 37.522 40.00 42.89
2 37.552 10.00 16.18
3 37.558 20.00 18.98
4 37.601 59.24 30.00
0 37.604 40.00 16.19
1 37.622 40.00 42.78
2 37.652 10.00 16.27
3 37.658 20.00 19.09
4 37.702 59.15 30.00
0 37.704 40.00 16.08
1 37.723 40.00 42.67
2 37.753 10.00 16.36
3 37.758 20.00 19.20
0 37.804 40.00 15.97
4 37.804 59.07 30.00
1 37.823 40.00 42.57
2 37.853 10.00 16.45
3 37.858 20.00 19.32
0 37.904 40.00 15.86
4 37.905 58.98 30.00
1 37.923 40.00 42.46
2 37.953 10.00 16.55
3 37.958 20.00 19.43
0 38.004 40.00 15.75
4 38.006 58.90 30.00
1 38.024 40.00 42.36
2 38.054 10.00 16.64
3 38.058 20.00 19.55
0 38.104 40.00 15.64
4 38.108 58.81 30.00
1 38.124 40.00 42.25
2 38.154 10.00 16.73
3 38.159 20.00 19.66
0 38.204 40.00 15.53
4 38.209 58.73 30.00
1 38.224 40.00 42.15
2 38.255 10.00 16.82
3 38.259 20.00 19.77
0 38.304 40.00 15.42
4 38.310 58.64 30.00
1 38.324 40.00 42.04
2 38.355 10.00 16.91
3 38.359 20.00 19.89
0 38.404 40.00 15.31
4 38.412 58.56 30.00
1 38.425 40.00 41.93
2 38.455 10.00 17.00
3 38.459 20.00 20.00
3 38.459 20.00 20.00
0 38.504 40.00 15.20
4 38.513 58.47 30.00
1 38.525 40.00 41.83
2 38.556 10.00 17.09
3 38.559 20.11 20.00
0 38.604 40.00 15.09
4 38.614 58.39 30.00
1 38.625 40.00 41.72
2 38.656 10.00 17.18
3 38.659 20.23 20.00
0 38.704 40.00 14.98
4 38.716 58.31 30.00
1 38.726 40.00 41.62
2 38.756 10.00 17.27
3 38.759 20.34 20.00
0 38.804 40.00 14.87
4 38.817 58.22 30.00
1 38.826 40.00 41.51
2 38.857 10.00 17.36
3 38.859 20.45 20.00
0 38.904 40.00 14.76
4 38.918 58.14 30.00
1 38.926 40.00 41.40
2 38.957 10.00 17.45
3 38.959 20.57 20.00
0 39.004 40.00 14.65
4 39.019 58.05 30.00
1 39.026 40.00 41.30
2 39.057 10.00 17.55
3 39.059 20.68 20.00
0 39.104 40.00 14.54
4 39.121 57.97 30.00
1 39.127 40.00 41.19
2 39.158 10.00 17.64
3 39.159 20.80 20.00
0 39.204 40.00 14.42
4 39.222 57.88 30.00
1 39.227 40.00 41.09
2 39.258 10.00 17.73
3 39.259 20.91 20.00
0 39.304 40.00 14.31
4 39.323 57.80 30.00
1 39.327 40.00 40.98
2 39.359 10.00 17.82
3 39.359 21.02 20.00
0 39.405 40.00 14.20
4 39.425 57.71 30.00
1 39.428 40.00 40.88
3 39.459 21.14 20.00
2 39.459 10.00 17.91
0 39.505 40.00 14.09
4 39.526 57.63 30.00
1 39.528 40.00 40.77
3 39.559 21.25 20.00
2 39.559 10.00 18.00
0 39.605 40.00 13.98
4 39.627 57.54 30.00
1 39.628 40.00 40.66
3 39.659 21.36 20.00
2 39.660 10.00 18.09
0 39.705 40.00 13.87
1 39.729 40.00 40.56
4 39.729 57.46 30.00
3 39.759 21.48 20.00
2 39.760 10.00 18.18
0 39.805 40.00 13.76
1 39.829 40.00 40.45
4 39.830 57.37 30.00
3 39.859 21.59 20.00
2 39.860 10.00 18.27
0 39.905 40.00 13.65
1 39.929 40.00 40.35
4 39.931 57.29 30.00
3 39.959 21.70 20.00
2 39.961 10.00 18.36
0 40.005 40.00 13.54
1 40.029 40.00 40.24
4 40.033 57.20 30.00
3 40.059 21.82 20.00
2 40.061 10.00 18.45
0 40.105 40.00 13.43
1 40.130 40.00 40.14
4 40.134 57.12 30.00
3 40.159 21.93 20.00
2 40.161 10.00 18.55
0 40.205 40.00 13.32
1 40.230 40.00 40.03
4 40.235 57.03 30.00
3 40.259 22.05 20.00
2 40.262 10.00 18.64
0 40.305 40.00 13.21
1 40.330 40.00 39.92
4 40.337 56.95 30.00
3 40.359 22.16 20.00
2 40.362 10.00 18.73
0 40.405 40.00 13.10
1 40.431 40.00 39.82
4 40.438 56.86 30.00
3 40.459 22.27 20.00
2 40.463 10.00 18.82
0 40.505 40.00 12.99
1 40.531 40.00 39.71
4 40.539 56.78 30.00
3 40.559 22.39 20.00
2 40.563 10.00 18.91
0 40.605 40.00 12.88
1 40.631 40.00 39.61
4 40.640 56.69 30.00
3 40.659 22.50 20.00
2 40.663 10.00 19.00
0 40.705 40.00 12.77
1 40.731 40.00 39.50
4 40.742 56.61 30.00
3 40.759 22.61 20.00
2 40.764 10.00 19.09
0 40.805 40.00 12.65
1 40.832 40.00 39.40
4 40.843 56.53 30.00
3 40.859 22.73 20.00
2 40.864 10.00 19.18
0 40.905 40.00 12.54
1 40.932 40.00 39.29
4 40.944 56.44 30.00
3 40.959 22.84 20.00
2 40.964 10.00 19.27
0 41.005 40.00 12.43
1 41.032 40.00 39.18
4 41.046 56.36 30.00
3 41.059 22.95 20.00
2 41.065 10.00 19.36
0 41.105 40.00 12.32
1 41.133 40.00 39.08
4 41.147 56.27 30.00
3 41.159 23.07 20.00
2 41.165 10.00 19.45
0 41.205 40.00 12.21
1 41.233 40.00 38.97
4 41.248 56.19 30.00
3 41.259 23.18 20.00
2 41.265 10.00 19.55
0 41.306 40.00 12.10
1 41.333 40.00 38.87
4 41.350 56.10 30.00
3 41.359 23.30 20.00
2 41.366 10.00 19.64
0 41.406 40.00 11.99
1 41.433 40.00 38.76
4 41.451 56.02 30.00
3 41.459 23.41 20.00
2 41.466 10.00 19.73
0 41.506 40.00 11.88
1 41.534 40.00 38.66
4 41.552 55.93 30.00
3 41.559 23.52 20.00
2 41.566 10.00 19.82
0 41.606 40.00 11.77
1 41.634 40.00 38.55
4 41.654 55.85 30.00
3 41.659 23.64 20.00
2 41.667 10.00 19.91
0 41.706 40.00 11.66
1 41.734 40.00 38.44
4 41.755 55.76 30.00
3 41.759 23.75 20.00
2 41.767 10.00 20.00
2 41.767 10.00 20.00
0 41.806 40.00 11.55
1 41.835 40.00 38.34
4 41.856 55.68 30.00
3 41.859 23.86 20.00
2 41.869 10.09 20.00
0 41.906 40.00 11.44
1 41.935 40.00 38.23
4 41.958 55.59 30.00
3 41.959 23.98 20.00
2 41.970 10.18 20.00
0 42.006 40.00 11.33
1 42.035 40.00 38.13
4 42.059 55.51 30.00
3 42.059 24.09 20.00
2 42.072 10.28 20.00
0 42.106 40.00 11.22
1 42.135 40.00 38.02
3 42.159 24.20 20.00
4 42.160 55.42 30.00
2 42.174 10.37 20.00
0 42.206 40.00 11.11
1 42.236 40.00 37.92
3 42.259 24.32 20.00
4 42.261 55.34 30.00
2 42.275 10.46 20.00
0 42.306 40.00 11.00
1 42.336 40.00 37.81
3 42.359 24.43 20.00
4 42.363 55.25 30.00
2 42.377 10.55 20.00
0 42.406 40.00 10.88
1 42.436 40.00 37.70
3 42.459 24.55 20.00
4 42.464 55.17 30.00
2 42.479 10.64 20.00
0 42.506 40.00 10.77
1 42.537 40.00 37.60
3 42.559 24.66 20.00
4 42.565 55.08 30.00
2 42.580 10.74 20.00
0 42.606 40.00 10.66
1 42.637 40.00 37.49
3 42.659 24.77 20.00
4 42.667 55.00 30.00
4 42.667 55.00 30.00
2 42.682 10.83 20.00
0 42.706 40.00 10.55
1 42.737 40.00 37.39
3 42.759 24.89 20.00
4 42.768 55.00 30.08
2 42.784 10.92 20.00
0 42.806 40.00 10.44
1 42.837 40.00 37.28
3 42.859 25.00 20.00
4 42.869 55.00 30.17
2 42.885 11.01 20.00
0 42.906 40.00 10.33
1 42.938 40.00 37.18
3 42.959 25.11 20.00
4 42.971 55.00 30.25
2 42.987 11.10 20.00
0 43.006 40.00 10.22
1 43.038 40.00 37.07
3 43.059 25.23 20.00
4 43.072 55.00 30.34
2 43.089 11.20 20.00
0 43.106 40.00 10.11
1 43.138 40.00 36.96
3 43.159 25.34 20.00
4 43.173 55.00 30.42
2 43.190 11.29 20.00
0 43.206 40.00 10.00
0 43.206 40.00 10.00
1 43.239 40.00 36.86
3 43.259 25.45 20.00
4 43.275 55.00 30.51
2 43.292 11.38 20.00
0 43.307 39.89 10.00
1 43.339 40.00 36.75
3 43.359 25.57 20.00
4 43.376 55.00 30.59
2 43.393 11.47 20.00
0 43.407 39.78 10.00
1 43.439 40.00 36.65
3 43.459 25.68 20.00
4 43.477 55.00 30.68
2 43.495 11.57 20.00
0 43.508 39.67 10.00
1 43.539 40.00 36.54
3 43.559 25.80 20.00
4 43.578 55.00 30.76
2 43.597 11.66 20.00
0 43.608 39.56 10.00
1 43.640 40.00 36.44
3 43.659 25.91 20.00
4 43.680 55.00 30.85
2 43.698 11.75 20.00
0 43.709 39.44 10.00
1 43.740 40.00 36.33
3 43.759 26.02 20.00
4 43.781 55.00 30.93
2 43.800 11.84 20.00
0 43.809 39.33 10.00
1 43.840 40.00 36.22
3 43.859 26.14 20.00
4 43.882 55.00 31.02
2 43.902 11.93 20.00
0 43.910 39.22 10.00
1 43.941 40.00 36.12
3 43.959 26.25 20.00
4 43.984 55.00 31.10
2 44.003 12.03 20.00
0 44.010 39.11 10.00
1 44.041 40.00 36.01
3 44.059 26.36 20.00
4 44.085 55.00 31.19
2 44.105 12.12 20.00
0 44.111 39.00 10.00
1 44.141 40.00 35.91
3 44.159 26.48 20.00
4 44.186 55.00 31.27
2 44.207 12.21 20.00
0 44.211 38.89 10.00
1 44.241 40.00 35.80
3 44.259 26.59 20.00
4 44.288 55.00 31.36
2 44.308 12.30 20.00
0 44.312 38.78 10.00
1 44.342 40.00 35.69
3 44.359 26.70 20.00
4 44.389 55.00 31.44
2 44.410 12.39 20.00
0 44.412 38.67 10.00
1 44.442 40.00 35.59
3 44.459 26.82 20.00
4 44.490 55.00 31.53
2 44.511 12.49 20.00
0 44.513 38.56 10.00
1 44.542 40.00 35.48
3 44.559 26.93 20.00
4 44.592 55.00 31.61
2 44.613 12.58 20.00
0 44.613 38.44 10.00
1 44.643 40.00 35.38
3 44.659 27.05 20.00
4 44.693 55.00 31.69
0 44.714 38.33 10.00
2 44.715 12.67 20.00
1 44.743 40.00 35.27
3 44.759 27.16 20.00
4 44.794 55.00 31.78
0 44.814 38.22 10.00
2 44.816 12.76 20.00
1 44.843 40.00 35.17
3 44.859 27.27 20.00
4 44.896 55.00 31.86
0 44.915 38.11 10.00
2 44.918 12.85 20.00
1 44.943 40.00 35.06
3 44.959 27.39 20.00
4 44.997 55.00 31.95
0 45.015 38.00 10.00
2 45.020 12.95 20.00
1 45.044 40.00 34.95
3 45.059 27.50 20.00
4 45.098 55.00 32.03
0 45.116 37.89 10.00
2 45.121 13.04 20.00
1 45.144 40.00 34.85
3 45.159 27.61 20.00
4 45.199 55.00 32.12
0 45.216 37.78 10.00
2 45.223 13.13 20.00
1 45.244 40.00 34.74
3 45.259 27.73 20.00
4 45.301 55.00 32.20
0 45.317 37.67 10.00
2 45.325 13.22 20.00
2 45.325 13.22 20.00
1 45.345 40.00 34.64
3 45.359 27.84 20.00
4 45.402 55.00 32.29
0 45.417 37.56 10.00
2 45.426 13.34 20.00
1 45.445 40.00 34.53
3 45.459 27.95 20.00
4 45.503 55.00 32.37
0 45.518 37.44 10.00
2 45.527 13.45 20.00
1 45.545 40.00 34.43
3 45.559 28.07 20.00
4 45.605 55.00 32.46
0 45.618 37.33 10.00
2 45.628 13.57 20.00
1 45.645 40.00 34.32
3 45.659 28.18 20.00
4 45.706 55.00 32.54
0 45.719 37.22 10.00
2 45.729 13.69 20.00
1 45.746 40.00 34.21
3 45.759 28.30 20.00
4 45.807 55.00 32.63
0 45.819 37.11 10.00
2 45.830 13.80 20.00
1 45.846 40.00 34.11
3 45.859 28.41 20.00
4 45.909 55.00 32.71
0 45.920 37.00 10.00
2 45.931 13.92 20.00
1 45.946 40.00 34.00
3 45.959 28.52 20.00
4 46.010 55.00 32.80
0 46.020 36.89 10.00
2 46.031 14.04 20.00
1 46.047 40.00 33.90
3 46.059 28.64 20.00
4 46.111 55.00 32.88
0 46.121 36.78 10.00
2 46.132 14.15 20.00
1 46.147 40.00 33.79
3 46.159 28.75 20.00
4 46.213 55.00 32.97
0 46.221 36.67 10.00
2 46.233 14.27 20.00
1 46.247 40.00 33.69
3 46.259 28.86 20.00
4 46.314 55.00 33.05
0 46.322 36.56 10.00
2 46.334 14.39 20.00
1 46.347 40.00 33.58
3 46.359 28.98 20.00
4 46.415 55.00 33.14
0 46.422 36.44 10.00
2 46.435 14.50 20.00
1 46.448 40.00 33.47
3 46.459 29.09 20.00
4 46.517 55.00 33.22
0 46.523 36.33 10.00
2 46.536 14.62 20.00
1 46.548 40.00 33.37
3 46.559 29.20 20.00
4 46.618 55.00 33.31
0 46.623 36.22 10.00
2 46.637 14.73 20.00
1 46.648 40.00 33.26
3 46.659 29.32 20.00
4 46.719 55.00 33.39
0 46.724 36.11 10.00
2 46.738 14.85 20.00
1 46.749 40.00 33.16
3 46.759 29.43 20.00
4 46.820 55.00 33.47
0 46.824 36.00 10.00
2 46.839 14.97 20.00
1 46.849 40.00 33.05
3 46.859 29.55 20.00
4 46.922 55.00 33.56
0 46.925 35.89 10.00
2 46.940 15.08 20.00
1 46.949 40.00 32.95
3 46.959 29.66 20.00
4 47.023 55.00 33.64
0 47.025 35.78 10.00
2 47.041 15.20 20.00
1 47.049 40.00 32.84
3 47.059 29.77 20.00
4 47.124 55.00 33.73
0 47.126 35.67 10.00
2 47.142 15.32 20.00
1 47.150 40.00 32.73
3 47.159 29.89 20.00
4 47.226 55.00 33.81
0 47.226 35.56 10.00
2 47.243 15.43 20.00
1 47.250 40.00 32.63
3 47.259 30.00 20.00
0 47.327 35.44 10.00
4 47.327 55.00 33.90
2 47.344 15.55 20.00
1 47.350 40.00 32.52
3 47.359 30.11 20.00
0 47.427 35.33 10.00
4 47.428 55.00 33.98
2 47.445 15.66 20.00
1 47.451 40.00 32.42
3 47.459 30.23 20.00
0 47.528 35.22 10.00
4 47.530 55.00 34.07
2 47.546 15.78 20.00
1 47.551 40.00 32.31
3 47.559 30.34 20.00
0 47.628 35.11 10.00
4 47.631 55.00 34.15
2 47.647 15.90 20.00
1 47.651 40.00 32.21
3 47.659 30.45 20.00
0 47.729 35.00 10.00
0 47.729 35.00 10.00
4 47.732 55.00 34.24
2 47.748 16.01 20.00
1 47.751 40.00 32.10
3 47.760 30.57 20.00
0 47.829 35.00 10.11
4 47.834 55.00 34.32
2 47.849 16.13 20.00
1 47.852 40.00 31.99
3 47.860 30.68 20.00
0 47.929 35.00 10.22
4 47.935 55.00 34.41
2 47.950 16.25 20.00
1 47.952 40.00 31.89
3 47.960 30.80 20.00
0 48.029 35.00 10.33
4 48.036 55.00 34.49
2 48.051 16.36 20.00
1 48.052 40.00 31.78
3 48.060 30.91 20.00
0 48.130 35.00 10.44
4 48.137 55.00 34.58
2 48.152 16.48 20.00
1 48.153 40.00 31.68
3 48.160 31.02 20.00
0 48.230 35.00 10.55
4 48.239 55.00 34.66
1 48.253 40.00 31.57
2 48.253 16.59 20.00
3 48.260 31.14 20.00
0 48.330 35.00 10.66
4 48.340 55.00 34.75
1 48.353 40.00 31.47
2 48.354 16.71 20.00
3 48.360 31.25 20.00
0 48.430 35.00 10.78
4 48.441 55.00 34.83
1 48.453 40.00 31.36
2 48.455 16.83 20.00
3 48.460 31.36 20.00
0 48.530 35.00 10.89
4 48.543 55.00 34.92
1 48.554 40.00 31.25
2 48.556 16.94 20.00
3 48.560 31.48 20.00
0 48.630 35.00 11.00
4 48.644 55.00 35.00
4 48.644 55.00 35.00
1 48.654 40.00 31.15
2 48.657 17.06 20.00
3 48.660 31.59 20.00
0 48.731 35.00 11.11
4 48.745 54.92 35.00
1 48.754 40.00 31.04
2 48.758 17.18 20.00
3 48.760 31.70 20.00
0 48.831 35.00 11.22
4 48.847 54.83 35.00
1 48.855 40.00 30.94
2 48.859 17.29 20.00
3 48.860 31.82 20.00
0 48.931 35.00 11.33
4 48.948 54.75 35.00
1 48.955 40.00 30.83
3 48.960 31.93 20.00
2 48.960 17.41 20.00
0 49.031 35.00 11.44
4 49.049 54.66 35.00
1 49.055 40.00 30.73
3 49.060 32.05 20.00
2 49.061 17.52 20.00
0 49.131 35.00 11.55
4 49.151 54.58 35.00
1 49.155 40.00 30.62
3 49.160 32.16 20.00
2 49.162 17.64 20.00
0 49.231 35.00 11.66
4 49.252 54.49 35.00
1 49.256 40.00 30.51
3 49.260 32.27 20.00
2 49.263 17.76 20.00
0 49.332 35.00 11.77
4 49.353 54.41 35.00
1 49.356 40.00 30.41
3 49.360 32.39 20.00
2 49.364 17.87 20.00
0 49.432 35.00 11.88
4 49.455 54.32 35.00
1 49.456 40.00 30.30
3 49.460 32.50 20.00
2 49.465 17.99 20.00
0 49.532 35.00 11.99
0 49.532 35.00 11.99
4 49.556 54.24 35.00
1 49.557 40.00 30.20
3 49.560 32.61 20.00
2 49.566 18.11 20.00
0 49.632 35.00 12.08
1 49.657 40.00 30.09
4 49.657 54.15 35.00
3 49.660 32.73 20.00
2 49.667 18.22 20.00
2 49.667 18.22 20.00
0 49.733 35.00 12.18
1 49.757 40.00 29.98
4 49.758 54.07 35.00
3 49.760 32.84 20.00
2 49.768 18.34 20.00
0 49.833 35.00 12.27
1 49.857 40.00 29.88
3 49.860 32.95 20.00
4 49.860 53.98 35.00
2 49.869 18.46 20.00
0 49.933 35.00 12.36
1 49.958 40.00 29.77
3 49.960 33.07 20.00
4 49.961 53.90 35.00
2 49.970 18.58 20.00
0 50.034 35.00 12.45
1 50.058 40.00 29.67
3 50.060 33.18 20.00
4 50.062 53.81 35.00
2 50.071 18.70 20.00
0 50.134 35.00 12.54
1 50.158 40.00 29.56
3 50.160 33.30 20.00
4 50.164 53.73 35.00
2 50.171 18.82 20.00
0 50.235 35.00 12.63
1 50.259 40.00 29.46
3 50.260 33.41 20.00
4 50.265 53.64 35.00
2 50.272 18.94 20.00
0 50.335 35.00 12.72
1 50.359 40.00 29.35
3 50.360 33.52 20.00
4 50.366 53.56 35.00
2 50.373 19.06 20.00
0 50.435 35.00 12.81
1 50.459 40.00 29.24
3 50.460 33.64 20.00
4 50.468 53.47 35.00
2 50.474 19.18 20.00
0 50.536 35.00 12.90
1 50.559 40.00 29.14
3 50.560 33.75 20.00
4 50.569 53.39 35.00
2 50.575 19.30 20.00
0 50.636 35.00 12.99
1 50.660 40.00 29.03
3 50.660 33.86 20.00
4 50.670 53.31 35.00
2 50.676 19.42 20.00
0 50.736 35.00 13.08
3 50.760 33.98 20.00
1 50.760 40.00 28.93
4 50.772 53.22 35.00
2 50.776 19.54 20.00
0 50.837 35.00 13.18
3 50.860 34.09 20.00
1 50.860 40.00 28.82
4 50.873 53.14 35.00
2 50.877 19.66 20.00
0 50.937 35.00 13.27
3 50.960 34.20 20.00
1 50.961 40.00 28.72
4 50.974 53.05 35.00
2 50.978 19.78 20.00
0 51.038 35.00 13.36
3 51.060 34.32 20.00
1 51.061 40.00 28.61
4 51.076 52.97 35.00
2 51.079 19.90 20.00
0 51.138 35.00 13.45
3 51.160 34.43 20.00
1 51.161 40.00 28.50
4 51.177 52.88 35.00
2 51.180 20.02 20.00
0 51.238 35.00 13.54
3 51.260 34.55 20.00
1 51.261 40.00 28.40
4 51.278 52.80 35.00
2 51.281 20.15 20.00
0 51.339 35.00 13.63
3 51.360 34.66 20.00
1 51.362 40.00 28.29
4 51.379 52.71 35.00
2 51.381 20.27 20.00
0 51.439 35.00 13.72
3 51.460 34.77 20.00
1 51.462 40.00 28.19
4 51.481 52.63 35.00
2 51.482 20.39 20.00
0 51.539 35.00 13.81
3 51.560 34.89 20.00
1 51.562 40.00 28.08
4 51.582 52.54 35.00
2 51.583 20.51 20.00
0 51.640 35.00 13.90
3 51.660 35.00 20.00
3 51.660 35.00 20.00
1 51.663 40.00 27.98
4 51.683 52.46 35.00
2 51.684 20.63 20.00
0 51.740 35.00 13.99
3 51.760 35.00 19.89
1 51.763 40.00 27.87
4 51.785 52.37 35.00
2 51.785 20.75 20.00
0 51.841 35.00 14.08
3 51.860 35.00 19.77
1 51.863 40.00 27.76
2 51.886 20.87 20.00
4 51.886 52.29 35.00
0 51.941 35.00 14.18
3 51.960 35.00 19.66
1 51.963 40.00 27.66
2 51.987 20.99 20.00
4 51.987 52.20 35.00
0 52.041 35.00 14.27
3 52.060 35.00 19.55
1 52.064 40.00 27.55
2 52.087 21.11 20.00
4 52.089 52.12 35.00
0 52.142 35.00 14.36
3 52.160 35.00 19.43
1 52.164 40.00 27.45
2 52.188 21.23 20.00
4 52.190 52.03 35.00
0 52.242 35.00 14.45
3 52.260 35.00 19.32
1 52.264 40.00 27.34
2 52.289 21.35 20.00
4 52.291 51.95 35.00
0 52.342 35.00 14.54
3 52.360 35.00 19.20
1 52.365 40.00 27.24
2 52.390 21.47 20.00
4 52.393 51.86 35.00
0 52.443 35.00 14.63
3 52.460 35.00 19.09
1 52.465 40.00 27.13
2 52.491 21.59 20.00
4 52.494 51.78 35.00
0 52.543 35.00 14.72
3 52.560 35.00 18.98
1 52.565 40.00 27.02
2 52.592 21.71 20.00
4 52.595 51.69 35.00
0 52.643 35.00 14.81
3 52.660 35.00 18.86
1 52.665 40.00 26.92
2 52.692 21.83 20.00
4 52.696 51.61 35.00
0 52.744 35.00 14.90
3 52.760 35.00 18.75
1 52.766 40.00 26.81
2 52.793 21.95 20.00
4 52.798 51.53 35.00
0 52.844 35.00 14.99
3 52.860 35.00 18.64
1 52.866 40.00 26.71
2 52.894 22.07 20.00
4 52.899 51.44 35.00
0 52.945 35.00 15.08
3 52.960 35.00 18.52
1 52.966 40.00 26.60
2 52.995 22.19 20.00
4 53.000 51.36 35.00
0 53.045 35.00 15.18
3 53.060 35.00 18.41
1 53.067 40.00 26.50
2 53.096 22.31 20.00
4 53.102 51.27 35.00
0 53.145 35.00 15.27
3 53.160 35.00 18.30
1 53.167 40.00 26.39
2 53.197 22.43 20.00
4 53.203 51.19 35.00
0 53.246 35.00 15.36
3 53.260 35.00 18.18
1 53.267 40.00 26.28
2 53.297 22.55 20.00
4 53.304 51.10 35.00
0 53.346 35.00 15.45
3 53.360 35.00 18.07
1 53.367 40.00 26.18
2 53.398 22.67 20.00
4 53.406 51.02 35.00
0 53.446 35.00 15.54
3 53.460 35.00 17.95
1 53.468 40.00 26.07
2 53.499 22.79 20.00
4 53.507 50.93 35.00
0 53.547 35.00 15.63
3 53.560 35.00 17.84
1 53.568 40.00 25.97
2 53.600 22.91 20.00
4 53.608 50.85 35.00
0 53.647 35.00 15.72
3 53.660 35.00 17.73
1 53.668 40.00 25.86
2 53.701 23.03 20.00
4 53.710 50.76 35.00
0 53.748 35.00 15.81
3 53.760 35.00 17.61
1 53.769 40.00 25.76
2 53.802 23.15 20.00
4 53.811 50.68 35.00
0 53.848 35.00 15.90
3 53.860 35.00 17.50
1 53.869 40.00 25.65
2 53.903 23.27 20.00
4 53.912 50.59 35.00
0 53.948 35.00 15.99
3 53.960 35.00 17.39
1 53.969 40.00 25.54
2 54.003 23.39 20.00
4 54.014 50.51 35.00
0 54.049 35.00 16.08
3 54.060 35.00 17.27
1 54.070 40.00 25.44
2 54.104 23.51 20.00
4 54.115 50.42 35.00
0 54.149 35.00 16.18
3 54.160 35.00 17.16
1 54.170 40.00 25.33
2 54.205 23.63 20.00
4 54.216 50.34 35.00
0 54.249 35.00 16.27
3 54.260 35.00 17.05
1 54.270 40.00 25.23
2 54.306 23.75 20.00
4 54.317 50.25 35.00
0 54.350 35.00 16.36
3 54.360 35.00 16.93
1 54.370 40.00 25.12
2 54.407 23.87 20.00
4 54.419 50.17 35.00
0 54.450 35.00 16.45
3 54.460 35.00 16.82
1 54.471 40.00 25.02
2 54.508 23.99 20.00
4 54.520 50.08 35.00
0 54.551 35.00 16.54
3 54.560 35.00 16.70
1 54.571 40.00 24.91
2 54.608 24.11 20.00
4 54.621 50.00 35.00
4 54.621 50.00 35.00
0 54.651 35.00 16.63
3 54.660 35.00 16.59
1 54.671 40.00 24.80
2 54.709 24.23 20.00
4 54.723 50.00 35.08
0 54.751 35.00 16.72
3 54.760 35.00 16.48
1 54.772 40.00 24.70
2 54.810 24.35 20.00
4 54.824 50.00 35.17
0 54.852 35.00 16.81
3 54.860 35.00 16.36
1 54.872 40.00 24.59
2 54.911 24.47 20.00
4 54.925 50.00 35.25
0 54.952 35.00 16.90
3 54.960 35.00 16.25
1 54.972 40.00 24.49
2 55.012 24.59 20.00
4 55.027 50.00 35.34
0 55.052 35.00 16.99
3 55.060 35.00 16.14
1 55.072 40.00 24.38
2 55.113 24.71 20.00
4 55.128 50.00 35.42
0 55.153 35.00 17.08
3 55.160 35.00 16.02
1 55.173 40.00 24.27
2 55.213 24.83 20.00
4 55.229 50.00 35.51
0 55.253 35.00 17.18
3 55.260 35.00 15.91
1 55.273 40.00 24.17
2 55.314 24.95 20.00
4 55.331 50.00 35.59
0 55.353 35.00 17.27
3 55.360 35.00 15.80
1 55.373 40.00 24.06
2 55.415 25.07 20.00
4 55.432 50.00 35.68
0 55.454 35.00 17.36
3 55.460 35.00 15.68
1 55.474 40.00 23.96
2 55.516 25.19 20.00
4 55.533 50.00 35.76
0 55.554 35.00 17.45
3 55.560 35.00 15.57
1 55.574 40.00 23.85
2 55.617 25.31 20.00
4 55.635 50.00 35.85
0 55.655 35.00 17.54
3 55.660 35.00 15.45
1 55.674 40.00 23.75
2 55.718 25.43 20.00
4 55.736 50.00 35.93
0 55.755 35.00 17.63
3 55.760 35.00 15.34
1 55.774 40.00 23.64
2 55.819 25.55 20.00
4 55.837 50.00 36.02
0 55.855 35.00 17.72
3 55.860 35.00 15.23
1 55.875 40.00 23.53
2 55.919 25.67 20.00
4 55.938 50.00 36.10
0 55.956 35.00 17.81
3 55.960 35.00 15.11
1 55.975 40.00 23.43
2 56.020 25.79 20.00
4 56.040 50.00 36.19
0 56.056 35.00 17.90
3 56.060 35.00 15.00
3 56.060 35.00 15.00
1 56.075 40.00 23.32
2 56.121 25.91 20.00
4 56.141 50.00 36.27
0 56.156 35.00 17.99
3 56.160 35.11 15.00
1 56.176 40.00 23.22
2 56.222 26.03 20.00
4 56.242 50.00 36.36
0 56.257 35.00 18.08
3 56.260 35.23 15.00
1 56.276 40.00 23.11
2 56.323 26.15 20.00
4 56.344 50.00 36.44
0 56.357 35.00 18.18
3 56.360 35.34 15.00
1 56.376 40.00 23.01
2 56.424 26.27 20.00
4 56.445 50.00 36.53
0 56.458 35.00 18.27
3 56.460 35.45 15.00
1 56.476 40.00 22.90
2 56.524 26.39 20.00
4 56.546 50.00 36.61
0 56.558 35.00 18.36
3 56.560 35.57 15.00
1 56.577 40.00 22.79
2 56.625 26.51 20.00
4 56.648 50.00 36.69
0 56.658 35.00 18.45
3 56.660 35.68 15.00
1 56.677 40.00 22.69
2 56.726 26.63 20.00
4 56.749 50.00 36.78
0 56.759 35.00 18.54
3 56.760 35.80 15.00
1 56.777 40.00 22.58
2 56.827 26.76 20.00
4 56.850 50.00 36.86
0 56.859 35.00 18.63
3 56.860 35.91 15.00
1 56.878 40.00 22.48
2 56.928 26.88 20.00
4 56.952 50.00 36.95
0 56.959 35.00 18.72
3 56.960 36.02 15.00
1 56.978 40.00 22.37
2 57.029 27.00 20.00
4 57.053 50.00 37.03
0 57.060 35.00 18.81
3 57.060 36.14 15.00
1 57.078 40.00 22.27
2 57.130 27.12 20.00
4 57.154 50.00 37.12
0 57.160 35.00 18.90
3 57.160 36.25 15.00
1 57.178 40.00 22.16
2 57.230 27.24 20.00
4 57.256 50.00 37.20
3 57.260 36.36 15.00
0 57.261 35.00 18.99
1 57.279 40.00 22.05
2 57.331 27.36 20.00
4 57.357 50.00 37.29
3 57.360 36.48 15.00
0 57.361 35.00 19.08
1 57.379 40.00 21.95
2 57.432 27.48 20.00
4 57.458 50.00 37.37
3 57.461 36.59 15.00
0 57.461 35.00 19.18
1 57.479 40.00 21.84
2 57.533 27.60 20.00
4 57.559 50.00 37.46
3 57.561 36.70 15.00
0 57.562 35.00 19.27
1 57.580 40.00 21.74
2 57.634 27.72 20.00
3 57.661 36.82 15.00
4 57.661 50.00 37.54
0 57.662 35.00 19.36
1 57.680 40.00 21.63
2 57.735 27.84 20.00
3 57.761 36.93 15.00
4 57.762 50.00 37.63
0 57.762 35.00 19.45
1 57.780 40.00 21.53
2 57.835 27.96 20.00
3 57.861 37.05 15.00
0 57.863 35.00 19.54
4 57.863 50.00 37.71
1 57.880 40.00 21.42
2 57.936 28.08 20.00
3 57.961 37.16 15.00
0 57.963 35.00 19.63
4 57.965 50.00 37.80
1 57.981 40.00 21.31
2 58.037 28.20 20.00
3 58.061 37.27 15.00
0 58.063 35.00 19.72
4 58.066 50.00 37.88
1 58.081 40.00 21.21
2 58.138 28.32 20.00
3 58.161 37.39 15.00
0 58.164 35.00 19.81
4 58.167 50.00 37.97
1 58.181 40.00 21.10
2 58.239 28.44 20.00
3 58.261 37.50 15.00
0 58.264 35.00 19.90
4 58.269 50.00 38.05
1 58.282 40.00 21.00
2 58.340 28.56 20.00
3 58.361 37.61 15.00
0 58.365 35.00 19.99
4 58.370 50.00 38.14
1 58.382 40.00 20.89
2 58.440 28.68 20.00
3 58.461 37.73 15.00
0 58.465 35.00 20.08
4 58.471 50.00 38.22
1 58.482 40.00 20.79
2 58.541 28.80 20.00
3 58.561 37.84 15.00
0 58.565 35.00 20.18
4 58.573 50.00 38.31
1 58.582 40.00 20.68
2 58.642 28.92 20.00
3 58.661 37.95 15.00
0 58.666 35.00 20.27
4 58.674 50.00 38.39
1 58.683 40.00 20.57
2 58.743 29.04 20.00
3 58.761 38.07 15.00
0 58.766 35.00 20.36
4 58.775 50.00 38.47
1 58.783 40.00 20.47
2 58.844 29.16 20.00
3 58.861 38.18 15.00
0 58.866 35.00 20.45
4 58.876 50.00 38.56
1 58.883 40.00 20.36
2 58.945 29.28 20.00
3 58.961 38.30 15.00
0 58.967 35.00 20.54
4 58.978 50.00 38.64
1 58.984 40.00 20.26
2 59.046 29.40 20.00
3 59.061 38.41 15.00
0 59.067 35.00 20.63
4 59.079 50.00 38.73
1 59.084 40.00 20.15
2 59.146 29.52 20.00
3 59.161 38.52 15.00
0 59.168 35.00 20.72
4 59.180 50.00 38.81
1 59.184 40.00 20.05
2 59.247 29.64 20.00
3 59.261 38.64 15.00
0 59.268 35.00 20.81
4 59.282 50.00 38.90
1 59.284 40.00 19.94
2 59.348 29.76 20.00
3 59.361 38.75 15.00
0 59.368 35.00 20.90
4 59.383 50.00 38.98
1 59.385 40.00 19.83
2 59.449 29.88 20.00
3 59.461 38.86 15.00
0 59.469 35.00 20.99
4 59.484 50.00 39.07
1 59.485 40.00 19.73
2 59.550 30.00 20.00
2 59.550 30.00 20.00
3 59.561 38.98 15.00
0 59.569 35.00 21.08
1 59.585 40.00 19.62
4 59.586 50.00 39.15
2 59.652 30.00 19.88
3 59.661 39.09 15.00
0 59.669 35.00 21.18
1 59.686 40.00 19.52
4 59.687 50.00 39.24
2 59.754 30.00 19.76
3 59.761 39.20 15.00
0 59.770 35.00 21.27
1 59.786 40.00 19.41
4 59.788 50.00 39.32
2 59.857 30.00 19.63
3 59.861 39.32 15.00
0 59.870 35.00 21.36
1 59.886 40.00 19.31
4 59.890 50.00 39.41
2 59.959 30.00 19.51
3 59.961 39.43 15.00
0 59.971 35.00 21.45
1 59.986 40.00 19.20
4 59.991 50.00 39.49
3 60.061 39.55 15.00
2 60.061 30.00 19.39
0 60.071 35.00 21.54
1 60.087 40.00 19.09
4 60.092 50.00 39.58
3 60.161 39.66 15.00
2 60.164 30.00 19.27
0 60.171 35.00 21.63
1 60.187 40.00 18.99
4 60.194 50.00 39.66
3 60.261 39.77 15.00
2 60.266 30.00 19.15
0 60.272 35.00 21.72
1 60.287 40.00 18.88
4 60.295 50.00 39.75
3 60.361 39.89 15.00
2 60.368 30.00 19.02
0 60.372 35.00 21.81
1 60.388 40.00 18.78
4 60.396 50.00 39.83
3 60.461 40.00 15.00
3 60.461 40.00 15.00
2 60.471 30.00 18.90
0 60.472 35.00 21.90
1 60.488 40.00 18.67
4 60.497 50.00 39.92
3 60.561 40.00 15.11
0 60.573 35.00 21.99
0 60.573 35.00 21.99
2 60.573 30.00 18.78
1 60.588 40.00 18.56
4 60.599 50.00 40.00
4 60.599 50.00 40.00
3 60.661 40.00 15.23
0 60.673 35.00 22.12
2 60.675 30.00 18.66
1 60.688 40.00 18.46
4 60.699 50.08 40.00
3 60.761 40.00 15.34
0 60.773 35.00 22.24
2 60.778 30.00 18.54
1 60.789 40.00 18.35
4 60.800 50.17 40.00
3 60.861 40.00 15.45
0 60.873 35.00 22.37
2 60.880 30.00 18.41
1 60.889 40.00 18.25
4 60.900 50.25 40.00
3 60.961 40.00 15.57
0 60.973 35.00 22.49
2 60.982 30.00 18.29
1 60.989 40.00 18.14
4 61.001 50.34 40.00
3 61.061 40.00 15.68
0 61.073 35.00 22.62
2 61.085 30.00 18.17
1 61.090 40.00 18.04
4 61.101 50.42 40.00
3 61.161 40.00 15.80
0 61.174 35.00 22.74
2 61.187 30.00 18.05
1 61.190 40.00 17.93
4 61.202 50.50 40.00
3 61.261 40.00 15.91
0 61.274 35.00 22.87
2 61.289 30.00 17.93
1 61.290 40.00 17.82
4 61.302 50.59 40.00
3 61.361 40.00 16.02
0 61.374 35.00 22.99
1 61.390 40.00 17.72
2 61.392 30.00 17.80
4 61.402 50.67 40.00
3 61.461 40.00 16.14
0 61.474 35.00 23.12
1 61.491 40.00 17.61
2 61.494 30.00 17.68
4 61.503 50.76 40.00
3 61.561 40.00 16.25
0 61.574 35.00 23.24
1 61.591 40.00 17.51
2 61.596 30.00 17.56
4 61.603 50.84 40.00
3 61.661 40.00 16.36
0 61.674 35.00 23.37
1 61.691 40.00 17.40
2 61.699 30.00 17.44
4 61.704 50.92 40.00
3 61.761 40.00 16.48
0 61.774 35.00 23.49
1 61.792 40.00 17.30
2 61.801 30.00 17.32
4 61.804 51.01 40.00
3 61.861 40.00 16.59
0 61.875 35.00 23.62
1 61.892 40.00 17.19
2 61.903 30.00 17.20
4 61.905 51.09 40.00
3 61.961 40.00 16.70
0 61.975 35.00 23.75
1 61.992 40.00 17.08
4 62.005 51.18 40.00
2 62.006 30.00 17.07
3 62.061 40.00 16.82
0 62.075 35.00 23.87
1 62.092 40.00 16.98
4 62.106 51.26 40.00
2 62.108 30.00 16.95
3 62.161 40.00 16.93
0 62.175 35.00 24.00
1 62.193 40.00 16.87
4 62.206 51.34 40.00
2 62.210 30.00 16.83
3 62.261 40.00 17.05
0 62.275 35.00 24.12
1 62.293 40.00 16.77
4 62.307 51.43 40.00
2 62.313 30.00 16.71
3 62.361 40.00 17.16
0 62.375 35.00 24.25
1 62.393 40.00 16.66
4 62.407 51.51 40.00
2 62.415 30.00 16.59
3 62.461 40.00 17.27
0 62.475 35.00 24.37
1 62.494 40.00 16.56
4 62.508 51.60 40.00
2 62.517 30.00 16.46
3 62.561 40.00 17.39
0 62.576 35.00 24.50
1 62.594 40.00 16.45
4 62.608 51.68 40.00
2 62.620 30.00 16.34
3 62.661 40.00 17.50
0 62.676 35.00 24.62
1 62.694 40.00 16.34
4 62.708 51.76 40.00
2 62.722 30.00 16.22
3 62.761 40.00 17.61
0 62.776 35.00 24.75
1 62.794 40.00 16.24
4 62.809 51.85 40.00
2 62.824 30.00 16.10
3 62.861 40.00 17.73
0 62.876 35.00 24.87
1 62.895 40.00 16.13
4 62.909 51.93 40.00
2 62.927 30.00 15.98
3 62.961 40.00 17.84
0 62.976 35.00 25.00
1 62.995 40.00 16.03
4 63.010 52.02 40.00
2 63.029 30.00 15.85
3 63.061 40.00 17.95
0 63.076 35.00 25.12
1 63.095 40.00 15.92
4 63.110 52.10 40.00
2 63.131 30.00 15.73
3 63.161 40.00 18.07
0 63.176 35.00 25.25
1 63.196 40.00 15.82
4 63.211 52.18 40.00
2 63.234 30.00 15.61
3 63.261 40.00 18.18
0 63.277 35.00 25.37
1 63.296 40.00 15.71
4 63.311 52.27 40.00
2 63.336 30.00 15.49
3 63.361 40.00 18.30
0 63.377 35.00 25.50
1 63.396 40.00 15.60
4 63.412 52.35 40.00
2 63.438 30.00 15.37
3 63.461 40.00 18.41
0 63.477 35.00 25.62
1 63.496 40.00 15.50
4 63.512 52.44 40.00
2 63.541 30.00 15.24
3 63.561 40.00 18.52
0 63.577 35.00 25.75
1 63.597 40.00 15.39
4 63.613 52.52 40.00
2 63.643 30.00 15.12
3 63.661 40.00 18.64
0 63.677 35.00 25.87
1 63.697 40.00 15.29
4 63.713 52.61 40.00
2 63.745 30.00 15.00
2 63.745 30.00 15.00
3 63.761 40.00 18.75
0 63.777 35.00 26.00
1 63.797 40.00 15.18
4 63.813 52.69 40.00
2 63.846 29.88 15.00
3 63.861 40.00 18.86
0 63.877 35.00 26.12
1 63.898 40.00 15.08
4 63.914 52.77 40.00
2 63.947 29.76 15.00
3 63.961 40.00 18.98
0 63.978 35.00 26.25
1 63.998 40.00 14.97
4 64.014 52.86 40.00
2 64.048 29.64 15.00
3 64.061 40.00 19.09
0 64.078 35.00 26.37
1 64.098 40.00 14.86
4 64.115 52.94 40.00
2 64.150 29.52 15.00
3 64.161 40.00 19.20
0 64.178 35.00 26.50
1 64.198 40.00 14.76
4 64.215 53.03 40.00
2 64.251 29.40 15.00
3 64.261 40.00 19.32
0 64.278 35.00 26.62
1 64.299 40.00 14.65
4 64.316 53.11 40.00
2 64.352 29.28 15.00
3 64.361 40.00 19.43
0 64.378 35.00 26.75
1 64.399 40.00 14.55
4 64.416 53.19 40.00
2 64.453 29.16 15.00
3 64.461 40.00 19.55
0 64.478 35.00 26.87
1 64.499 40.00 14.44
4 64.517 53.28 40.00
2 64.554 29.04 15.00
3 64.561 40.00 19.66
0 64.578 35.00 27.00
1 64.600 40.00 14.34
4 64.617 53.36 40.00
2 64.655 28.92 15.00
3 64.661 40.00 19.77
0 64.679 35.00 27.12
1 64.700 40.00 14.23
4 64.718 53.45 40.00
2 64.756 28.80 15.00
3 64.761 40.00 19.89
0 64.779 35.00 27.25
1 64.800 40.00 14.12
4 64.818 53.53 40.00
2 64.857 28.67 15.00
3 64.861 40.00 20.00
3 64.861 40.00 20.00
0 64.879 35.00 27.37
1 64.900 40.00 14.02
4 64.919 53.61 40.00
2 64.958 28.55 15.00
3 64.962 39.89 20.00
0 64.979 35.00 27.50
1 65.001 40.00 13.91
4 65.019 53.70 40.00
2 65.059 28.43 15.00
3 65.062 39.77 20.00
0 65.079 35.00 27.62
1 65.101 40.00 13.81
4 65.119 53.78 40.00
2 65.161 28.31 15.00
3 65.162 39.66 20.00
0 65.179 35.00 27.75
1 65.201 40.00 13.70
4 65.220 53.87 40.00
2 65.262 28.19 15.00
3 65.262 39.54 20.00
0 65.279 35.00 27.87
1 65.302 40.00 13.60
4 65.320 53.95 40.00
3 65.363 39.43 20.00
2 65.363 28.07 15.00
0 65.380 35.00 28.00
1 65.402 40.00 13.49
4 65.421 54.03 40.00
3 65.463 39.32 20.00
2 65.464 27.95 15.00
0 65.480 35.00 28.12
1 65.502 40.00 13.38
4 65.521 54.12 40.00
3 65.563 39.20 20.00
2 65.565 27.83 15.00
0 65.580 35.00 28.25
1 65.602 40.00 13.28
4 65.622 54.20 40.00
3 65.663 39.09 20.00
2 65.666 27.71 15.00
0 65.680 35.00 28.37
1 65.703 40.00 13.17
4 65.722 54.29 40.00
3 65.764 38.97 20.00
2 65.767 27.59 15.00
0 65.780 35.00 28.50
1 65.803 40.00 13.07
4 65.823 54.37 40.00
3 65.864 38.86 20.00
2 65.868 27.47 15.00
0 65.880 35.00 28.62
1 65.903 40.00 12.96
4 65.923 54.45 40.00
3 65.964 38.75 20.00
2 65.969 27.35 15.00
0 65.980 35.00 28.75
1 66.004 40.00 12.85
4 66.024 54.54 40.00
3 66.064 38.63 20.00
2 66.070 27.23 15.00
0 66.081 35.00 28.87
1 66.104 40.00 12.75
4 66.124 54.62 40.00
3 66.165 38.52 20.00
2 66.171 27.11 15.00
0 66.181 35.00 29.00
1 66.204 40.00 12.64
4 66.225 54.71 40.00
3 66.265 38.41 20.00
2 66.273 26.99 15.00
0 66.281 35.00 29.12
1 66.304 40.00 12.54
4 66.325 54.79 40.00
3 66.365 38.29 20.00
2 66.374 26.87 15.00
0 66.381 35.00 29.25
1 66.405 40.00 12.43
4 66.425 54.87 40.00
3 66.465 38.18 20.00
2 66.475 26.75 15.00
0 66.481 35.00 29.37
1 66.505 40.00 12.33
4 66.526 54.96 40.00
3 66.566 38.06 20.00
2 66.576 26.63 15.00
0 66.581 35.00 29.50
1 66.605 40.00 12.22
4 66.626 55.04 40.00
3 66.666 37.95 20.00
2 66.677 26.51 15.00
0 66.681 35.00 29.62
1 66.706 40.00 12.11
4 66.727 55.13 40.00
3 66.766 37.84 20.00
2 66.778 26.39 15.00
0 66.782 35.00 29.75
1 66.806 40.00 12.01
4 66.827 55.21 40.00
3 66.867 37.72 20.00
2 66.879 26.27 15.00
0 66.882 35.00 29.87
1 66.906 40.00 11.90
4 66.928 55.29 40.00
3 66.967 37.61 20.00
2 66.980 26.14 15.00
0 66.982 35.00 30.00
0 66.982 35.00 30.00
1 67.006 40.00 11.80
4 67.028 55.38 40.00
3 67.067 37.49 20.00
2 67.081 26.02 15.00
0 67.082 34.88 30.00
1 67.107 40.00 11.69
4 67.129 55.46 40.00
3 67.167 37.38 20.00
0 67.182 34.75 30.00
2 67.182 25.90 15.00
1 67.207 40.00 11.59
4 67.229 55.55 40.00
3 67.268 37.27 20.00
0 67.282 34.62 30.00
2 67.284 25.78 15.00
1 67.307 40.00 11.48
4 67.330 55.63 40.00
3 67.368 37.15 20.00
0 67.382 34.50 30.00
2 67.385 25.66 15.00
1 67.408 40.00 11.37
4 67.430 55.71 40.00
3 67.468 37.04 20.00
0 67.482 34.38 30.00
2 67.486 25.54 15.00
1 67.508 40.00 11.27
4 67.530 55.80 40.00
3 67.568 36.92 20.00
0 67.582 34.25 30.00
2 67.587 25.42 15.00
1 67.608 40.00 11.16
4 67.631 55.88 40.00
3 67.669 36.81 20.00
0 67.682 34.12 30.00
2 67.688 25.30 15.00
1 67.708 40.00 11.06
4 67.731 55.97 40.00
3 67.769 36.70 20.00
0 67.782 34.00 30.00
2 67.789 25.18 15.00
1 67.809 40.00 10.95
4 67.832 56.05 40.00
3 67.869 36.58 20.00
0 67.883 33.88 30.00
2 67.890 25.06 15.00
1 67.909 40.00 10.85
4 67.932 56.13 40.00
3 67.969 36.47 20.00
0 67.983 33.75 30.00
2 67.991 24.94 15.00
1 68.009 40.00 10.74
4 68.033 56.22 40.00
3 68.070 36.35 20.00
0 68.083 33.62 30.00
2 68.092 24.82 15.00
1 68.110 40.00 10.63
4 68.133 56.30 40.00
3 68.170 36.24 20.00
0 68.183 33.50 30.00
2 68.193 24.70 15.00
1 68.210 40.00 10.53
4 68.234 56.39 40.00
3 68.270 36.13 20.00
0 68.283 33.38 30.00
2 68.294 24.58 15.00
1 68.310 40.00 10.42
4 68.334 56.47 40.00
3 68.370 36.01 20.00
0 68.383 33.25 30.00
2 68.396 24.46 15.00
1 68.410 40.00 10.32
4 68.435 56.55 40.00
3 68.471 35.90 20.00
0 68.483 33.12 30.00
2 68.497 24.34 15.00
1 68.511 40.00 10.21
4 68.535 56.64 40.00
3 68.571 35.78 20.00
0 68.583 33.00 30.00
2 68.598 24.22 15.00
1 68.611 40.00 10.11
4 68.636 56.72 40.00
3 68.671 35.67 20.00
0 68.683 32.88 30.00
2 68.699 24.10 15.00
1 68.711 40.00 10.00
1 68.711 40.00 10.00
4 68.736 56.81 40.00
3 68.772 35.56 20.00
0 68.783 32.75 30.00
2 68.800 23.98 15.00
1 68.813 39.89 10.00
4 68.836 56.89 40.00
3 68.872 35.44 20.00
0 68.883 32.62 30.00
2 68.901 23.86 15.00
1 68.915 39.78 10.00
4 68.937 56.97 40.00
3 68.972 35.33 20.00
0 68.983 32.50 30.00
2 69.002 23.73 15.00
1 69.017 39.68 10.00
4 69.037 57.06 40.00
3 69.072 35.22 20.00
0 69.083 32.38 30.00
2 69.103 23.61 15.00
1 69.119 39.57 10.00
4 69.138 57.14 40.00
3 69.173 35.10 20.00
0 69.183 32.25 30.00
2 69.204 23.49 15.00
1 69.221 39.46 10.00
4 69.238 57.23 40.00
3 69.273 34.99 20.00
0 69.283 32.12 30.00
2 69.305 23.37 15.00
1 69.323 39.35 10.00
4 69.339 57.31 40.00
3 69.373 34.87 20.00
0 69.383 32.00 30.00
2 69.407 23.25 15.00
1 69.425 39.25 10.00
4 69.439 57.39 40.00
3 69.473 34.76 20.00
0 69.484 31.88 30.00
2 69.508 23.13 15.00
1 69.527 39.14 10.00
4 69.540 57.48 40.00
3 69.574 34.65 20.00
0 69.584 31.75 30.00
2 69.609 23.01 15.00
1 69.629 39.03 10.00
4 69.640 57.56 40.00
3 69.674 34.53 20.00
0 69.684 31.62 30.00
2 69.710 22.89 15.00
1 69.731 38.92 10.00
1 69.731 38.92 10.00
4 69.741 57.65 40.00
3 69.774 34.42 20.00
0 69.784 31.50 30.00
2 69.811 22.77 15.00
1 69.832 38.80 10.00
4 69.841 57.73 40.00
3 69.874 34.30 20.00
0 69.884 31.38 30.00
2 69.912 22.65 15.00
1 69.934 38.68 10.00
4 69.942 57.82 40.00
3 69.975 34.19 20.00
0 69.984 31.25 30.00
2 70.013 22.53 15.00
1 70.035 38.56 10.00
4 70.042 57.90 40.00
3 70.075 34.08 20.00
0 70.084 31.12 30.00
2 70.114 22.41 15.00
1 70.136 38.44 10.00
4 70.142 57.98 40.00
3 70.175 33.96 20.00
0 70.184 31.00 30.00
2 70.215 22.29 15.00
1 70.238 38.32 10.00
4 70.243 58.07 40.00
3 70.275 33.85 20.00
0 70.284 30.88 30.00
2 70.316 22.17 15.00
1 70.339 38.20 10.00
4 70.343 58.15 40.00
3 70.376 33.73 20.00
0 70.384 30.75 30.00
2 70.417 22.05 15.00
1 70.441 38.08 10.00
4 70.444 58.24 40.00
3 70.476 33.62 20.00
0 70.484 30.62 30.00
2 70.519 21.93 15.00
1 70.542 37.96 10.00
4 70.544 58.32 40.00
3 70.576 33.51 20.00
0 70.584 30.50 30.00
2 70.620 21.81 15.00
1 70.643 37.84 10.00
4 70.645 58.40 40.00
3 70.677 33.39 20.00
0 70.684 30.38 30.00
2 70.721 21.69 15.00
1 70.745 37.72 10.00
4 70.745 58.49 40.00
3 70.777 33.28 20.00
0 70.784 30.25 30.00
2 70.822 21.57 15.00
4 70.846 58.57 40.00
1 70.846 37.60 10.00
3 70.877 33.16 20.00
0 70.884 30.12 30.00
2 70.923 21.45 15.00
4 70.946 58.66 40.00
1 70.947 37.48 10.00
3 70.977 33.05 20.00
0 70.985 30.00 30.00
0 70.985 30.00 30.00
2 71.024 21.33 15.00
4 71.047 58.74 40.00
1 71.049 37.36 10.00
3 71.078 32.94 20.00
0 71.086 30.00 30.13
2 71.125 21.20 15.00
4 71.147 58.82 40.00
1 71.150 37.24 10.00
3 71.178 32.82 20.00
0 71.188 30.00 30.25
2 71.226 21.08 15.00
4 71.248 58.91 40.00
1 71.251 37.12 10.00
3 71.278 32.71 20.00
3 71.278 32.71 20.00
0 71.290 30.00 30.38
2 71.327 20.96 15.00
4 71.348 58.99 40.00
1 71.353 37.00 10.00
3 71.379 32.58 20.00
0 71.392 30.00 30.51
2 71.428 20.84 15.00
4 71.448 59.08 40.00
1 71.454 36.87 10.00
3 71.480 32.45 20.00
0 71.493 30.00 30.64
2 71.530 20.72 15.00
4 71.549 59.16 40.00
1 71.555 36.75 10.00
3 71.581 32.32 20.00
0 71.595 30.00 30.76
2 71.631 20.60 15.00
4 71.649 59.24 40.00
1 71.657 36.63 10.00
3 71.682 32.19 20.00
0 71.697 30.00 30.89
2 71.732 20.48 15.00
4 71.750 59.33 40.00
1 71.758 36.51 10.00
3 71.783 32.06 20.00
0 71.799 30.00 31.02
2 71.833 20.36 15.00
4 71.850 59.41 40.00
1 71.859 36.39 10.00
3 71.884 31.93 20.00
0 71.901 30.00 31.14
2 71.934 20.24 15.00
4 71.951 59.50 40.00
1 71.961 36.27 10.00
3 71.985 31.81 20.00
0 72.002 30.00 31.27
2 72.035 20.12 15.00
4 72.051 59.58 40.00
1 72.062 36.15 10.00
3 72.086 31.68 20.00
0 72.104 30.00 31.40
2 72.136 20.00 15.00
2 72.136 20.00 15.00
4 72.152 59.66 40.00
1 72.163 36.03 10.00
3 72.187 31.55 20.00
0 72.206 30.00 31.53
2 72.238 20.00 14.88
4 72.252 59.75 40.00
1 72.265 35.91 10.00
3 72.288 31.42 20.00
0 72.308 30.00 31.65
2 72.341 20.00 14.76
4 72.353 59.83 40.00
1 72.366 35.79 10.00
3 72.389 31.29 20.00
0 72.410 30.00 31.78
2 72.443 20.00 14.63
4 72.453 59.92 40.00
1 72.468 35.67 10.00
3 72.490 31.16 20.00
0 72.511 30.00 31.91
2 72.545 20.00 14.51
4 72.553 60.00 40.00
4 72.553 60.00 40.00
1 72.569 35.55 10.00
3 72.591 31.03 20.00
0 72.613 30.00 32.03
2 72.648 20.00 14.39
4 72.654 60.00 39.92
1 72.670 35.43 10.00
3 72.692 30.90 20.00
0 72.715 30.00 32.16
2 72.750 20.00 14.27
4 72.754 60.00 39.83
1 72.772 35.31 10.00
3 72.793 30.77 20.00
0 72.817 30.00 32.29
2 72.852 20.00 14.15
4 72.854 60.00 39.75
1 72.873 35.19 10.00
3 72.894 30.64 20.00
0 72.919 30.00 32.42
4 72.955 60.00 39.66
2 72.955 20.00 14.02
1 72.974 35.07 10.00
3 72.995 30.52 20.00
0 73.020 30.00 32.54
4 73.055 60.00 39.58
2 73.057 20.00 13.90
1 73.076 34.94 10.00
3 73.096 30.39 20.00
0 73.122 30.00 32.67
4 73.155 60.00 39.50
2 73.159 20.00 13.78
1 73.177 34.82 10.00
3 73.197 30.26 20.00
0 73.224 30.00 32.80
4 73.256 60.00 39.41
2 73.262 20.00 13.66
1 73.278 34.70 10.00
3 73.298 30.13 20.00
0 73.326 30.00 32.92
4 73.356 60.00 39.33
2 73.364 20.00 13.54
1 73.380 34.58 10.00
3 73.399 30.00 20.00
3 73.399 30.00 20.00
0 73.428 30.00 33.05
4 73.456 60.00 39.24
2 73.466 20.00 13.41
1 73.481 34.46 10.00
3 73.500 30.00 20.13
0 73.529 30.00 33.18
4 73.556 60.00 39.16
2 73.569 20.00 13.29
1 73.582 34.34 10.00
3 73.600 30.00 20.26
0 73.631 30.00 33.31
4 73.657 60.00 39.08
2 73.671 20.00 13.17
1 73.684 34.22 10.00
3 73.701 30.00 20.38
0 73.733 30.00 33.43
4 73.757 60.00 38.99
2 73.773 20.00 13.05
1 73.785 34.10 10.00
3 73.801 30.00 20.51
0 73.835 30.00 33.56
4 73.857 60.00 38.91
2 73.876 20.00 12.93
1 73.886 33.98 10.00
3 73.901 30.00 20.64
0 73.937 30.00 33.69
4 73.958 60.00 38.83
2 73.978 20.00 12.80
1 73.988 33.86 10.00
3 74.002 30.00 20.77
0 74.038 30.00 33.81
4 74.058 60.00 38.74
2 74.080 20.00 12.68
1 74.089 33.74 10.00
3 74.102 30.00 20.90
0 74.140 30.00 33.94
4 74.158 60.00 38.66
2 74.183 20.00 12.56
1 74.190 33.62 10.00
3 74.203 30.00 21.03
0 74.242 30.00 34.07
4 74.258 60.00 38.57
2 74.285 20.00 12.44
1 74.292 33.50 10.00
3 74.303 30.00 21.15
0 74.344 30.00 34.20
4 74.359 60.00 38.49
2 74.387 20.00 12.32
1 74.393 33.38 10.00
3 74.403 30.00 21.28
0 74.445 30.00 34.32
4 74.459 60.00 38.41
2 74.490 20.00 12.20
1 74.494 33.26 10.00
3 74.504 30.00 21.41
0 74.547 30.00 34.45
4 74.559 60.00 38.32
2 74.592 20.00 12.07
1 74.596 33.14 10.00
3 74.604 30.00 21.54
0 74.649 30.00 34.58
4 74.660 60.00 38.24
2 74.694 20.00 11.95
1 74.697 33.02 10.00
3 74.704 30.00 21.67
0 74.751 30.00 34.70
4 74.760 60.00 38.15
2 74.797 20.00 11.83
1 74.799 32.89 10.00
3 74.805 30.00 21.79
0 74.853 30.00 34.83
4 74.860 60.00 38.07
2 74.899 20.00 11.71
1 74.900 32.77 10.00
3 74.905 30.00 21.92
0 74.954 30.00 34.96
4 74.960 60.00 37.99
1 75.001 32.65 10.00
2 75.001 20.00 11.59
3 75.006 30.00 22.05
0 75.056 30.00 35.09
4 75.061 60.00 37.90
1 75.103 32.53 10.00
2 75.104 20.00 11.46
3 75.106 30.00 22.18
0 75.158 30.00 35.21
4 75.161 60.00 37.82
1 75.204 32.41 10.00
2 75.206 20.00 11.34
3 75.206 30.00 22.31
0 75.260 30.00 35.34
4 75.261 60.00 37.73
1 75.305 32.29 10.00
3 75.307 30.00 22.44
2 75.308 20.00 11.22
0 75.362 30.00 35.47
4 75.362 60.00 37.65
1 75.407 32.17 10.00
3 75.407 30.00 22.56
2 75.411 20.00 11.10
4 75.462 60.00 37.57
0 75.463 30.00 35.59
3 75.508 30.00 22.69
1 75.508 32.05 10.00
2 75.513 20.00 10.98
4 75.562 60.00 37.48
0 75.565 30.00 35.72
3 75.608 30.00 22.82
1 75.609 31.93 10.00
2 75.615 20.00 10.85
4 75.663 60.00 37.40
0 75.667 30.00 35.85
3 75.708 30.00 22.95
1 75.711 31.81 10.00
2 75.718 20.00 10.73
4 75.763 60.00 37.32
0 75.769 30.00 35.98
3 75.809 30.00 23.08
1 75.812 31.69 10.00
2 75.820 20.00 10.61
4 75.863 60.00 37.23
0 75.871 30.00 36.10
3 75.909 30.00 23.21
1 75.913 31.57 10.00
2 75.922 20.00 10.49
4 75.963 60.00 37.15
0 75.972 30.00 36.23
3 76.010 30.00 23.33
1 76.015 31.45 10.00
2 76.025 20.00 10.37
4 76.064 60.00 37.06
0 76.074 30.00 36.36
3 76.110 30.00 23.46
1 76.116 31.33 10.00
2 76.127 20.00 10.24
4 76.164 60.00 36.98
0 76.176 30.00 36.49
3 76.210 30.00 23.59
1 76.217 31.21 10.00
2 76.229 20.00 10.12
4 76.264 60.00 36.90
0 76.278 30.00 36.61
3 76.311 30.00 23.72
1 76.319 31.09 10.00
2 76.332 20.00 10.00
2 76.332 20.00 10.00
4 76.365 60.00 36.81
0 76.380 30.00 36.74
3 76.411 30.00 23.85
1 76.420 30.96 10.00
2 76.433 20.12 10.00
4 76.465 60.00 36.73
0 76.481 30.00 36.87
3 76.512 30.00 23.97
1 76.521 30.84 10.00
2 76.534 20.24 10.00
4 76.565 60.00 36.64
0 76.583 30.00 36.99
0 76.583 30.00 36.99
3 76.612 30.00 24.10
1 76.623 30.72 10.00
2 76.636 20.36 10.00
4 76.665 60.00 36.56
0 76.683 30.00 37.07
3 76.712 30.00 24.23
1 76.724 30.60 10.00
2 76.737 20.48 10.00
4 76.766 60.00 36.48
0 76.783 30.00 37.14
3 76.813 30.00 24.36
1 76.826 30.48 10.00
2 76.839 20.60 10.00
4 76.866 60.00 36.39
0 76.884 30.00 37.21
3 76.913 30.00 24.49
1 76.927 30.36 10.00
2 76.940 20.73 10.00
4 76.966 60.00 36.31
0 76.984 30.00 37.28
3 77.014 30.00 24.62
1 77.028 30.24 10.00
2 77.042 20.85 10.00
4 77.067 60.00 36.22
0 77.084 30.00 37.35
3 77.114 30.00 24.74
1 77.130 30.12 10.00
2 77.143 20.97 10.00
4 77.167 60.00 36.14
0 77.184 30.00 37.42
3 77.214 30.00 24.87
1 77.231 30.00 10.00
1 77.231 30.00 10.00
2 77.245 21.09 10.00
4 77.267 60.00 36.06
0 77.284 30.00 37.49
3 77.315 30.00 25.00
3 77.315 30.00 25.00
1 77.331 30.00 10.12
2 77.346 21.21 10.00
4 77.367 60.00 35.97
0 77.384 30.00 37.57
3 77.415 30.13 25.00
1 77.431 30.00 10.24
2 77.448 21.33 10.00
4 77.468 60.00 35.89
0 77.485 30.00 37.64
3 77.515 30.26 25.00
1 77.531 30.00 10.36
2 77.549 21.45 10.00
4 77.568 60.00 35.81
0 77.585 30.00 37.71
3 77.616 30.38 25.00
1 77.631 30.00 10.48
2 77.651 21.57 10.00
4 77.668 60.00 35.72
0 77.685 30.00 37.78
3 77.716 30.51 25.00
1 77.731 30.00 10.60
2 77.752 21.69 10.00
4 77.769 60.00 35.64
0 77.785 30.00 37.85
3 77.817 30.64 25.00
1 77.831 30.00 10.71
2 77.853 21.81 10.00
4 77.869 60.00 35.55
0 77.885 30.00 37.92
3 77.917 30.77 25.00
1 77.931 30.00 10.83
2 77.955 21.93 10.00
4 77.969 60.00 35.47
0 77.985 30.00 37.99
3 78.017 30.90 25.00
1 78.031 30.00 10.95
2 78.056 22.06 10.00
4 78.070 60.00 35.39
0 78.085 30.00 38.07
3 78.118 31.03 25.00
1 78.131 30.00 11.07
2 78.158 22.18 10.00
4 78.170 60.00 35.30
0 78.186 30.00 38.14
3 78.218 31.15 25.00
1 78.231 30.00 11.19
2 78.259 22.30 10.00
4 78.270 60.00 35.22
0 78.286 30.00 38.21
3 78.319 31.28 25.00
1 78.331 30.00 11.31
2 78.361 22.42 10.00
4 78.370 60.00 35.13
0 78.386 30.00 38.28
3 78.419 31.41 25.00
1 78.431 30.00 11.43
2 78.462 22.54 10.00
4 78.471 60.00 35.05
0 78.486 30.00 38.35
3 78.519 31.54 25.00
1 78.531 30.00 11.55
2 78.564 22.66 10.00
4 78.571 60.00 34.97
0 78.586 30.00 38.42
3 78.620 31.67 25.00
1 78.631 30.00 11.67
2 78.665 22.78 10.00
4 78.671 60.00 34.88
0 78.686 30.00 38.49
3 78.720 31.79 25.00
1 78.732 30.00 11.79
2 78.767 22.90 10.00
4 78.772 60.00 34.80
0 78.787 30.00 38.57
3 78.821 31.92 25.00
1 78.832 30.00 11.90
2 78.868 23.02 10.00
4 78.872 60.00 34.71
0 78.887 30.00 38.64
3 78.921 32.05 25.00
1 78.932 30.00 12.02
2 78.969 23.14 10.00
4 78.972 60.00 34.63
0 78.987 30.00 38.71
3 79.021 32.18 25.00
1 79.032 30.00 12.14
2 79.071 23.26 10.00
4 79.072 60.00 34.55
0 79.087 30.00 38.78
3 79.122 32.31 25.00
1 79.132 30.00 12.26
2 79.172 23.39 10.00
4 79.173 60.00 34.46
0 79.187 30.00 38.85
3 79.222 32.44 25.00
1 79.232 30.00 12.38
4 79.273 60.00 34.38
2 79.274 23.51 10.00
0 79.287 30.00 38.92
3 79.323 32.56 25.00
1 79.332 30.00 12.50
4 79.373 60.00 34.30
2 79.375 23.63 10.00
0 79.387 30.00 38.99
3 79.423 32.69 25.00
1 79.432 30.00 12.62
4 79.474 60.00 34.21
2 79.477 23.75 10.00
0 79.488 30.00 39.07
3 79.523 32.82 25.00
1 79.532 30.00 12.74
4 79.574 60.00 34.13
2 79.578 23.87 10.00
0 79.588 30.00 39.14
3 79.624 32.95 25.00
1 79.632 30.00 12.86
4 79.674 60.00 34.04
2 79.680 23.99 10.00
0 79.688 30.00 39.21
3 79.724 33.08 25.00
1 79.732 30.00 12.98
4 79.774 60.00 33.96
2 79.781 24.11 10.00
0 79.788 30.00 39.28
3 79.825 33.21 25.00
1 79.832 30.00 13.10
4 79.875 60.00 33.88
2 79.883 24.23 10.00
0 79.888 30.00 39.35
3 79.925 33.33 25.00
1 79.932 30.00 13.21
4 79.975 60.00 33.79
2 79.984 24.35 10.00
0 79.988 30.00 39.42
3 80.025 33.46 25.00
1 80.032 30.00 13.33
4 80.075 60.00 33.71
2 80.086 24.47 10.00
0 80.088 30.00 39.49
3 80.126 33.59 25.00
1 80.132 30.00 13.45
4 80.176 60.00 33.62
2 80.187 24.59 10.00
0 80.189 30.00 39.57
3 80.226 33.72 25.00
1 80.232 30.00 13.57
4 80.276 60.00 33.54
2 80.288 24.72 10.00
0 80.289 30.00 39.64
3 80.326 33.85 25.00
1 80.332 30.00 13.69
4 80.376 60.00 33.46
0 80.389 30.00 39.71
2 80.390 24.84 10.00
3 80.427 33.97 25.00
1 80.432 30.00 13.81
4 80.476 60.00 33.37
0 80.489 30.00 39.78
2 80.491 24.96 10.00
3 80.527 34.10 25.00
1 80.532 30.00 13.93
4 80.577 60.00 33.29
0 80.589 30.00 39.85
2 80.593 25.08 10.00
3 80.628 34.23 25.00
1 80.632 30.00 14.05
4 80.677 60.00 33.20
0 80.689 30.00 39.92
2 80.694 25.20 10.00
3 80.728 34.36 25.00
1 80.732 30.00 14.17
4 80.777 60.00 33.12
0 80.790 30.00 40.00
2 80.796 25.32 10.00
3 80.828 34.49 25.00
1 80.832 30.00 14.29
4 80.878 60.00 33.04
0 80.890 30.00 40.07
2 80.897 25.44 10.00
3 80.929 34.62 25.00
1 80.932 30.00 14.40
4 80.978 60.00 32.95
0 80.990 30.00 40.14
2 80.999 25.56 10.00
3 81.029 34.74 25.00
1 81.032 30.00 14.52
4 81.078 60.00 32.87
0 81.090 30.00 40.21
2 81.100 25.68 10.00
3 81.130 34.87 25.00
1 81.132 30.00 14.64
4 81.179 60.00 32.79
0 81.190 30.00 40.28
2 81.202 25.80 10.00
3 81.230 35.00 25.00
3 81.230 35.00 25.00
1 81.233 30.00 14.76
4 81.279 60.00 32.70
0 81.290 30.00 40.35
2 81.303 25.92 10.00
3 81.330 35.00 24.87
1 81.333 30.00 14.88
4 81.379 60.00 32.62
0 81.390 30.00 40.42
2 81.404 26.05 10.00
3 81.431 35.00 24.74
1 81.433 30.00 15.00
1 81.433 30.00 15.00
4 81.479 60.00 32.53
0 81.491 30.00 40.50
2 81.506 26.17 10.00
3 81.531 35.00 24.62
1 81.533 30.12 15.00
4 81.580 60.00 32.45
0 81.591 30.00 40.57
2 81.607 26.29 10.00
3 81.632 35.00 24.49
1 81.633 30.24 15.00
4 81.680 60.00 32.37
0 81.691 30.00 40.64
2 81.709 26.41 10.00
3 81.732 35.00 24.36
1 81.733 30.36 15.00
4 81.780 60.00 32.28
0 81.791 30.00 40.71
2 81.810 26.53 10.00
3 81.832 35.00 24.23
1 81.833 30.48 15.00
4 81.881 60.00 32.20
0 81.891 30.00 40.78
2 81.912 26.65 10.00
3 81.933 35.00 24.10
1 81.933 30.60 15.00
4 81.981 60.00 32.11
0 81.991 30.00 40.85
2 82.013 26.77 10.00
1 82.033 30.71 15.00
3 82.033 35.00 23.97
4 82.081 60.00 32.03
0 82.092 30.00 40.92
2 82.115 26.89 10.00
1 82.133 30.83 15.00
3 82.134 35.00 23.85
4 82.181 60.00 31.95
0 82.192 30.00 41.00
2 82.216 27.01 10.00
1 82.233 30.95 15.00
3 82.234 35.00 23.72
4 82.282 60.00 31.86
0 82.292 30.00 41.07
2 82.318 27.13 10.00
1 82.333 31.07 15.00
3 82.334 35.00 23.59
4 82.382 60.00 31.78
0 82.392 30.00 41.14
2 82.419 27.25 10.00
1 82.433 31.19 15.00
3 82.435 35.00 23.46
4 82.482 60.00 31.69
0 82.492 30.00 41.21
2 82.521 27.38 10.00
1 82.533 31.31 15.00
3 82.535 35.00 23.33
4 82.583 60.00 31.61
0 82.592 30.00 41.28
2 82.622 27.50 10.00
1 82.633 31.43 15.00
3 82.636 35.00 23.21
4 82.683 60.00 31.53
0 82.692 30.00 41.35
2 82.723 27.62 10.00
1 82.733 31.55 15.00
3 82.736 35.00 23.08
4 82.783 60.00 31.44
0 82.793 30.00 41.42
2 82.825 27.74 10.00
1 82.833 31.67 15.00
3 82.836 35.00 22.95
4 82.883 60.00 31.36
0 82.893 30.00 41.50
2 82.926 27.86 10.00
1 82.933 31.79 15.00
3 82.937 35.00 22.82
4 82.984 60.00 31.28
0 82.993 30.00 41.57
2 83.028 27.98 10.00
1 83.033 31.90 15.00
3 83.037 35.00 22.69
4 83.084 60.00 31.19
0 83.093 30.00 41.64
2 83.129 28.10 10.00
1 83.133 32.02 15.00
3 83.138 35.00 22.56
4 83.184 60.00 31.11
0 83.193 30.00 41.71
2 83.231 28.22 10.00
2 83.231 28.22 10.00
1 83.233 32.14 15.00
3 83.238 35.00 22.44
4 83.285 60.00 31.02
0 83.293 30.00 41.78
2 83.332 28.31 10.00
1 83.333 32.26 15.00
3 83.338 35.00 22.31
4 83.385 60.00 30.94
0 83.394 30.00 41.85
1 83.433 32.38 15.00
2 83.434 28.40 10.00
3 83.439 35.00 22.18
4 83.485 60.00 30.86
0 83.494 30.00 41.92
1 83.533 32.50 15.00
2 83.535 28.49 10.00
3 83.539 35.00 22.05
4 83.586 60.00 30.77
0 83.594 30.00 42.00
1 83.633 32.62 15.00
2 83.637 28.58 10.00
3 83.639 35.00 21.92
4 83.686 60.00 30.69
0 83.694 30.00 42.07
1 83.734 32.74 15.00
2 83.738 28.67 10.00
3 83.740 35.00 21.79
4 83.786 60.00 30.60
0 83.794 30.00 42.14
1 83.834 32.86 15.00
2 83.840 28.76 10.00
3 83.840 35.00 21.67
4 83.886 60.00 30.52
0 83.894 30.00 42.21
1 83.934 32.98 15.00
3 83.941 35.00 21.54
2 83.942 28.84 10.00
4 83.987 60.00 30.44
0 83.994 30.00 42.28
1 84.034 33.10 15.00
3 84.041 35.00 21.41
2 84.043 28.93 10.00
4 84.087 60.00 30.35
0 84.095 30.00 42.35
1 84.134 33.21 15.00
3 84.141 35.00 21.28
2 84.145 29.02 10.00
4 84.187 60.00 30.27
0 84.195 30.00 42.42
1 84.234 33.33 15.00
3 84.242 35.00 21.15
2 84.246 29.11 10.00
4 84.288 60.00 30.18
0 84.295 30.00 42.50
1 84.334 33.45 15.00
3 84.342 35.00 21.03
2 84.348 29.20 10.00
4 84.388 60.00 30.10
0 84.395 30.00 42.57
1 84.434 33.57 15.00
3 84.443 35.00 20.90
2 84.449 29.29 10.00
4 84.488 60.00 30.02
0 84.495 30.00 42.64
1 84.534 33.69 15.00
3 84.543 35.00 20.77
2 84.551 29.38 10.00
4 84.588 60.00 29.93
0 84.595 30.00 42.71
1 84.634 33.81 15.00
3 84.643 35.00 20.64
2 84.652 29.47 10.00
4 84.689 60.00 29.85
0 84.696 30.00 42.78
1 84.734 33.93 15.00
3 84.744 35.00 20.51
2 84.754 29.56 10.00
4 84.789 60.00 29.77
0 84.796 30.00 42.85
1 84.834 34.05 15.00
3 84.844 35.00 20.38
2 84.855 29.64 10.00
4 84.889 60.00 29.68
0 84.896 30.00 42.93
1 84.934 34.17 15.00
3 84.945 35.00 20.26
2 84.957 29.73 10.00
4 84.990 60.00 29.60
0 84.996 30.00 43.00
1 85.034 34.29 15.00
3 85.045 35.00 20.13
2 85.058 29.82 10.00
4 85.090 60.00 29.51
0 85.096 30.00 43.07
1 85.134 34.40 15.00
3 85.145 35.00 20.00
2 85.160 29.91 10.00
4 85.190 60.00 29.43
0 85.196 30.00 43.14
1 85.234 34.52 15.00
3 85.246 35.00 19.87
2 85.262 30.00 10.00
2 85.262 30.00 10.00
4 85.290 60.00 29.35
0 85.296 30.00 43.21
1 85.334 34.64 15.00
3 85.346 35.00 19.74
2 85.364 30.00 10.09
4 85.391 60.00 29.26
0 85.397 30.00 43.28
1 85.434 34.76 15.00
3 85.447 35.00 19.62
2 85.466 30.00 10.18
4 85.491 60.00 29.18
0 85.497 30.00 43.35
1 85.534 34.88 15.00
3 85.547 35.00 19.49
2 85.568 30.00 10.27
4 85.591 60.00 29.09
0 85.597 30.00 43.43
1 85.634 35.00 15.00
3 85.647 35.00 19.36
2 85.671 30.00 10.36
4 85.692 60.00 29.01
0 85.697 30.00 43.50
1 85.734 35.12 15.00
3 85.748 35.00 19.23
2 85.773 30.00 10.45
4 85.792 60.00 28.93
0 85.797 30.00 43.57
1 85.834 35.24 15.00
3 85.848 35.00 19.10
2 85.875 30.00 10.54
4 85.892 60.00 28.84
0 85.897 30.00 43.64
1 85.934 35.36 15.00
3 85.949 35.00 18.97
2 85.977 30.00 10.63
4 85.993 60.00 28.76
0 85.998 30.00 43.71
1 86.034 35.48 15.00
3 86.049 35.00 18.85
2 86.080 30.00 10.72
4 86.093 60.00 28.67
0 86.098 30.00 43.78
1 86.134 35.60 15.00
3 86.149 35.00 18.72
2 86.182 30.00 10.81
4 86.193 60.00 28.59
0 86.198 30.00 43.85
1 86.235 35.71 15.00
3 86.250 35.00 18.59
2 86.284 30.00 10.90
4 86.293 60.00 28.51
0 86.298 30.00 43.93
1 86.335 35.83 15.00
3 86.350 35.00 18.46
2 86.386 30.00 10.98
4 86.394 60.00 28.42
0 86.398 30.00 44.00
1 86.435 35.95 15.00
3 86.450 35.00 18.33
2 86.489 30.00 11.07
4 86.494 60.00 28.34
0 86.498 30.00 44.07
1 86.535 36.07 15.00
3 86.551 35.00 18.21
2 86.591 30.00 11.16
4 86.594 60.00 28.26
0 86.598 30.00 44.14
1 86.635 36.19 15.00
3 86.651 35.00 18.08
2 86.693 30.00 11.25
4 86.695 60.00 28.17
0 86.699 30.00 44.21
1 86.735 36.31 15.00
3 86.752 35.00 17.95
4 86.795 60.00 28.09
2 86.795 30.00 11.34
0 86.799 30.00 44.28
1 86.835 36.43 15.00
3 86.852 35.00 17.82
4 86.895 60.00 28.00
2 86.898 30.00 11.43
0 86.899 30.00 44.35
1 86.935 36.55 15.00
3 86.952 35.00 17.69
4 86.995 60.00 27.92
0 86.999 30.00 44.43
2 87.000 30.00 11.52
1 87.035 36.67 15.00
3 87.053 35.00 17.56
4 87.096 60.00 27.84
0 87.099 30.00 44.50
2 87.102 30.00 11.61
1 87.135 36.79 15.00
3 87.153 35.00 17.44
4 87.196 60.00 27.75
0 87.199 30.00 44.57
2 87.204 30.00 11.70
1 87.235 36.90 15.00
3 87.254 35.00 17.31
4 87.296 60.00 27.67
0 87.300 30.00 44.64
2 87.307 30.00 11.79
1 87.335 37.02 15.00
3 87.354 35.00 17.18
4 87.397 60.00 27.58
0 87.400 30.00 44.71
2 87.409 30.00 11.88
1 87.435 37.14 15.00
3 87.454 35.00 17.05
4 87.497 60.00 27.50
0 87.500 30.00 44.78
2 87.511 30.00 11.97
1 87.535 37.26 15.00
3 87.555 35.00 16.92
4 87.597 60.00 27.42
0 87.600 30.00 44.85
2 87.613 30.00 12.06
1 87.635 37.38 15.00
3 87.655 35.00 16.79
4 87.697 60.00 27.33
0 87.700 30.00 44.93
2 87.716 30.00 12.15
1 87.735 37.50 15.00
3 87.756 35.00 16.67
4 87.798 60.00 27.25
0 87.800 30.00 45.00
2 87.818 30.00 12.24
1 87.835 37.62 15.00
3 87.856 35.00 16.54
4 87.898 60.00 27.16
0 87.900 30.00 45.07
2 87.920 30.00 12.33
1 87.935 37.74 15.00
3 87.956 35.00 16.41
4 87.998 60.00 27.08
0 88.001 30.00 45.14
2 88.022 30.00 12.42
1 88.035 37.86 15.00
3 88.057 35.00 16.28
4 88.099 60.00 27.00
0 88.101 30.00 45.21
2 88.125 30.00 12.51
1 88.135 37.98 15.00
3 88.157 35.00 16.15
4 88.199 60.00 26.91
0 88.201 30.00 45.28
2 88.227 30.00 12.60
1 88.235 38.10 15.00
3 88.258 35.00 16.03
4 88.299 60.00 26.83
0 88.301 30.00 45.35
2 88.329 30.00 12.69
1 88.335 38.21 15.00
3 88.358 35.00 15.90
4 88.400 60.00 26.74
0 88.401 30.00 45.43
2 88.431 30.00 12.77
1 88.435 38.33 15.00
3 88.458 35.00 15.77
4 88.500 60.00 26.66
0 88.501 30.00 45.50
2 88.534 30.00 12.86
1 88.535 38.45 15.00
3 88.559 35.00 15.64
4 88.600 60.00 26.58
0 88.602 30.00 45.57
1 88.635 38.57 15.00
2 88.636 30.00 12.95
3 88.659 35.00 15.51
4 88.700 60.00 26.49
0 88.702 30.00 45.64
1 88.736 38.69 15.00
2 88.738 30.00 13.04
3 88.760 35.00 15.38
4 88.801 60.00 26.41
0 88.802 30.00 45.71
1 88.836 38.81 15.00
2 88.840 30.00 13.13
3 88.860 35.00 15.26
4 88.901 60.00 26.33
0 88.902 30.00 45.78
1 88.936 38.93 15.00
2 88.943 30.00 13.22
2 88.943 30.00 13.22
3 88.960 35.00 15.13
4 89.001 60.00 26.24
0 89.002 30.00 45.86
1 89.036 39.05 15.00
2 89.047 30.00 13.32
3 89.061 35.00 15.00
4 89.102 60.00 26.16
0 89.102 30.00 45.93
1 89.136 39.17 15.00
2 89.151 30.00 13.42
3 89.161 35.00 14.87
4 89.202 60.00 26.07
0 89.202 30.00 46.00
1 89.236 39.29 15.00
2 89.255 30.00 13.52
3 89.261 35.00 14.74
4 89.302 60.00 25.99
0 89.303 30.00 46.07
1 89.336 39.40 15.00
2 89.359 30.00 13.62
3 89.362 35.00 14.62
4 89.402 60.00 25.91
0 89.403 30.00 46.14
1 89.436 39.52 15.00
3 89.462 35.00 14.49
2 89.463 30.00 13.72
4 89.503 60.00 25.82
0 89.503 30.00 46.21
1 89.536 39.64 15.00
3 89.563 35.00 14.36
2 89.567 30.00 13.81
4 89.603 60.00 25.74
0 89.603 30.00 46.28
1 89.636 39.76 15.00
3 89.663 35.00 14.23
2 89.671 30.00 13.91
0 89.703 30.00 46.36
4 89.703 60.00 25.65
1 89.736 39.88 15.00
3 89.763 35.00 14.10
2 89.776 30.00 14.01
0 89.803 30.00 46.43
4 89.804 60.00 25.57
1 89.836 40.00 15.00
1 89.836 40.00 15.00
3 89.864 35.00 13.97
2 89.880 30.00 14.11
0 89.903 30.00 46.50
4 89.904 60.00 25.49
1 89.936 40.00 14.88
3 89.964 35.00 13.85
2 89.984 30.00 14.21
0 90.004 30.00 46.57
4 90.004 60.00 25.40
1 90.036 40.00 14.76
3 90.065 35.00 13.72
2 90.088 30.00 14.31
0 90.104 30.00 46.64
4 90.104 60.00 25.32
1 90.136 40.00 14.64
3 90.165 35.00 13.59
2 90.192 30.00 14.41
0 90.204 30.00 46.71
4 90.205 60.00 25.23
1 90.236 40.00 14.52
3 90.265 35.00 13.46
2 90.296 30.00 14.51
0 90.304 30.00 46.78
4 90.305 60.00 25.15
1 90.336 40.00 14.40
3 90.366 35.00 13.33
2 90.400 30.00 14.60
0 90.404 30.00 46.86
4 90.405 60.00 25.07
1 90.436 40.00 14.29
3 90.466 35.00 13.21
0 90.504 30.00 46.93
2 90.505 30.00 14.70
4 90.506 60.00 24.98
1 90.536 40.00 14.17
3 90.567 35.00 13.08
0 90.605 30.00 47.00
4 90.606 60.00 24.90
2 90.609 30.00 14.80
1 90.636 40.00 14.05
3 90.667 35.00 12.95
0 90.705 30.00 47.07
4 90.706 60.00 24.82
2 90.713 30.00 14.90
1 90.736 40.00 13.93
3 90.767 35.00 12.82
0 90.805 30.00 47.14
4 90.806 60.00 24.73
2 90.817 30.00 15.00
2 90.817 30.00 15.00
1 90.836 40.00 13.81
3 90.868 35.00 12.69
0 90.905 30.00 47.21
4 90.907 60.00 24.65
2 90.917 30.09 15.00
1 90.936 40.00 13.69
3 90.968 35.00 12.56
0 91.005 30.00 47.28
4 91.007 60.00 24.56
2 91.017 30.19 15.00
1 91.036 40.00 13.57
3 91.069 35.00 12.44
0 91.105 30.00 47.36
4 91.107 60.00 24.48
2 91.117 30.28 15.00
1 91.136 40.00 13.45
3 91.169 35.00 12.31
0 91.205 30.00 47.43
4 91.208 60.00 24.40
2 91.217 30.38 15.00
1 91.237 40.00 13.33
3 91.269 35.00 12.18
0 91.306 30.00 47.50
4 91.308 60.00 24.31
2 91.317 30.47 15.00
1 91.337 40.00 13.21
3 91.370 35.00 12.05
0 91.406 30.00 47.57
4 91.408 60.00 24.23
2 91.418 30.57 15.00
1 91.437 40.00 13.10
3 91.470 35.00 11.92
0 91.506 30.00 47.64
4 91.509 60.00 24.14
2 91.518 30.66 15.00
1 91.537 40.00 12.98
3 91.571 35.00 11.79
0 91.606 30.00 47.71
4 91.609 60.00 24.06
2 91.618 30.76 15.00
1 91.637 40.00 12.86
3 91.671 35.00 11.67
0 91.706 30.00 47.78
4 91.709 60.00 23.98
2 91.718 30.85 15.00
1 91.737 40.00 12.74
3 91.771 35.00 11.54
0 91.806 30.00 47.86
4 91.809 60.00 23.89
2 91.818 30.95 15.00
1 91.837 40.00 12.62
3 91.872 35.00 11.41
0 91.907 30.00 47.93
4 91.910 60.00 23.81
2 91.918 31.04 15.00
1 91.937 40.00 12.50
3 91.972 35.00 11.28
0 92.007 30.00 48.00
4 92.010 60.00 23.72
2 92.018 31.14 15.00
1 92.037 40.00 12.38
3 92.072 35.00 11.15
0 92.107 30.00 48.07
4 92.110 60.00 23.64
2 92.118 31.23 15.00
1 92.137 40.00 12.26
3 92.173 35.00 11.03
0 92.207 30.00 48.14
4 92.211 60.00 23.56
2 92.218 31.33 15.00
1 92.237 40.00 12.14
3 92.273 35.00 10.90
0 92.307 30.00 48.21
4 92.311 60.00 23.47
2 92.319 31.42 15.00
1 92.337 40.00 12.02
3 92.374 35.00 10.77
0 92.407 30.00 48.28
4 92.411 60.00 23.39
2 92.419 31.52 15.00
1 92.437 40.00 11.90
3 92.474 35.00 10.64
0 92.507 30.00 48.36
4 92.511 60.00 23.31
2 92.519 31.61 15.00
1 92.537 40.00 11.79
3 92.574 35.00 10.51
0 92.608 30.00 48.43
4 92.612 60.00 23.22
2 92.619 31.71 15.00
1 92.637 40.00 11.67
3 92.675 35.00 10.38
0 92.708 30.00 48.50
4 92.712 60.00 23.14
2 92.719 31.80 15.00
1 92.737 40.00 11.55
3 92.775 35.00 10.26
0 92.808 30.00 48.57
4 92.812 60.00 23.05
2 92.819 31.90 15.00
1 92.837 40.00 11.43
3 92.876 35.00 10.13
0 92.908 30.00 48.64
4 92.913 60.00 22.97
2 92.919 31.99 15.00
1 92.937 40.00 11.31
3 92.976 35.00 10.00
3 92.976 35.00 10.00
0 93.008 30.00 48.71
4 93.013 60.00 22.89
2 93.019 32.09 15.00
1 93.037 40.00 11.19
3 93.076 35.13 10.00
0 93.108 30.00 48.79
4 93.113 60.00 22.80
2 93.119 32.18 15.00
1 93.137 40.00 11.07
3 93.177 35.26 10.00
0 93.209 30.00 48.86
4 93.213 60.00 22.72
2 93.219 32.28 15.00
1 93.237 40.00 10.95
3 93.277 35.38 10.00
0 93.309 30.00 48.93
4 93.314 60.00 22.63
2 93.320 32.37 15.00
1 93.337 40.00 10.83
3 93.378 35.51 10.00
0 93.409 30.00 49.00
4 93.414 60.00 22.55
2 93.420 32.47 15.00
1 93.437 40.00 10.71
3 93.478 35.64 10.00
0 93.509 30.00 49.07
4 93.514 60.00 22.47
2 93.520 32.56 15.00
1 93.537 40.00 10.60
3 93.578 35.77 10.00
0 93.609 30.00 49.14
4 93.615 60.00 22.38
2 93.620 32.66 15.00
1 93.637 40.00 10.48
3 93.679 35.90 10.00
0 93.709 30.00 49.21
4 93.715 60.00 22.30
2 93.720 32.75 15.00
1 93.738 40.00 10.36
3 93.779 36.03 10.00
0 93.809 30.00 49.29
4 93.815 60.00 22.21
2 93.820 32.85 15.00
1 93.838 40.00 10.24
3 93.880 36.15 10.00
0 93.910 30.00 49.36
4 93.916 60.00 22.13
2 93.920 32.94 15.00
1 93.938 40.00 10.12
3 93.980 36.28 10.00
0 94.010 30.00 49.43
4 94.016 60.00 22.05
2 94.020 33.04 15.00
1 94.038 40.00 10.00
1 94.038 40.00 10.00
3 94.080 36.41 10.00
0 94.110 30.00 49.50
4 94.116 60.00 21.96
2 94.120 33.13 15.00
1 94.138 40.12 10.00
3 94.181 36.54 10.00
0 94.210 30.00 49.57
4 94.216 60.00 21.88
2 94.220 33.23 15.00
1 94.238 40.24 10.00
3 94.281 36.67 10.00
0 94.310 30.00 49.64
4 94.317 60.00 21.80
2 94.321 33.32 15.00
1 94.338 40.36 10.00
3 94.382 36.79 10.00
0 94.410 30.00 49.71
4 94.417 60.00 21.71
2 94.421 33.42 15.00
1 94.438 40.48 10.00
3 94.482 36.92 10.00
0 94.511 30.00 49.79
4 94.517 60.00 21.63
2 94.521 33.51 15.00
1 94.538 40.60 10.00
3 94.582 37.05 10.00
0 94.611 30.00 49.86
4 94.618 60.00 21.54
2 94.621 33.61 15.00
1 94.638 40.71 10.00
3 94.683 37.18 10.00
0 94.711 30.00 49.93
4 94.718 60.00 21.46
2 94.721 33.70 15.00
1 94.738 40.83 10.00
3 94.783 37.31 10.00
0 94.811 30.00 50.00
0 94.811 30.00 50.00
4 94.818 60.00 21.38
2 94.821 33.80 15.00
1 94.838 40.95 10.00
3 94.884 37.44 10.00
0 94.911 29.93 50.00
4 94.918 60.00 21.29
2 94.921 33.89 15.00
1 94.938 41.07 10.00
3 94.984 37.56 10.00
0 95.011 29.86 50.00
4 95.019 60.00 21.21
2 95.021 33.99 15.00
1 95.038 41.19 10.00
3 95.084 37.69 10.00
0 95.111 29.79 50.00
4 95.119 60.00 21.12
2 95.121 34.08 15.00
1 95.138 41.31 10.00
3 95.185 37.82 10.00
0 95.211 29.71 50.00
4 95.219 60.00 21.04
2 95.221 34.18 15.00
1 95.238 41.43 10.00
3 95.285 37.95 10.00
0 95.312 29.64 50.00
4 95.320 60.00 20.96
2 95.322 34.27 15.00
1 95.338 41.55 10.00
3 95.385 38.08 10.00
0 95.412 29.57 50.00
4 95.420 60.00 20.87
2 95.422 34.37 15.00
1 95.438 41.67 10.00
3 95.486 38.21 10.00
0 95.512 29.50 50.00
4 95.520 60.00 20.79
2 95.522 34.46 15.00
1 95.538 41.79 10.00
3 95.586 38.33 10.00
0 95.612 29.43 50.00
4 95.620 60.00 20.70
2 95.622 34.56 15.00
1 95.638 41.90 10.00
3 95.687 38.46 10.00
0 95.712 29.36 50.00
4 95.721 60.00 20.62
2 95.722 34.65 15.00
1 95.738 42.02 10.00
3 95.787 38.59 10.00
0 95.812 29.29 50.00
4 95.821 60.00 20.54
2 95.822 34.75 15.00
1 95.838 42.14 10.00
3 95.887 38.72 10.00
0 95.912 29.21 50.00
4 95.921 60.00 20.45
2 95.922 34.84 15.00
1 95.938 42.26 10.00
3 95.988 38.85 10.00
0 96.012 29.14 50.00
4 96.022 60.00 20.37
2 96.022 34.94 15.00
1 96.038 42.38 10.00
3 96.088 38.97 10.00
0 96.112 29.07 50.00
4 96.122 60.00 20.29
2 96.122 35.03 15.00
1 96.138 42.50 10.00
3 96.189 39.10 10.00
0 96.212 29.00 50.00
4 96.222 60.00 20.20
2 96.222 35.13 15.00
1 96.239 42.62 10.00
3 96.289 39.23 10.00
0 96.313 28.93 50.00
4 96.323 60.00 20.12
2 96.323 35.22 15.00
1 96.339 42.74 10.00
3 96.389 39.36 10.00
0 96.413 28.86 50.00
2 96.423 35.32 15.00
4 96.423 60.00 20.03
1 96.439 42.86 10.00
3 96.490 39.49 10.00
0 96.513 28.79 50.00
2 96.523 35.41 15.00
4 96.523 60.00 19.95
1 96.539 42.98 10.00
3 96.590 39.62 10.00
0 96.613 28.71 50.00
2 96.623 35.51 15.00
4 96.623 60.00 19.87
1 96.639 43.10 10.00
3 96.691 39.74 10.00
0 96.713 28.64 50.00
2 96.723 35.60 15.00
4 96.724 60.00 19.78
1 96.739 43.21 10.00
3 96.791 39.87 10.00
0 96.813 28.57 50.00
2 96.823 35.70 15.00
4 96.824 60.00 19.70
1 96.839 43.33 10.00
3 96.891 40.00 10.00
0 96.913 28.50 50.00
2 96.923 35.79 15.00
4 96.924 60.00 19.61
1 96.939 43.45 10.00
3 96.992 40.13 10.00
0 97.013 28.43 50.00
2 97.023 35.89 15.00
4 97.025 60.00 19.53
1 97.039 43.57 10.00
3 97.092 40.26 10.00
0 97.113 28.36 50.00
2 97.123 35.98 15.00
4 97.125 60.00 19.45
1 97.139 43.69 10.00
3 97.193 40.38 10.00
0 97.214 28.29 50.00
2 97.223 36.08 15.00
4 97.225 60.00 19.36
1 97.239 43.81 10.00
3 97.293 40.51 10.00
0 97.314 28.21 50.00
2 97.324 36.17 15.00
4 97.325 60.00 19.28
1 97.339 43.93 10.00
3 97.393 40.64 10.00
0 97.414 28.14 50.00
2 97.424 36.27 15.00
4 97.426 60.00 19.19
1 97.439 44.05 10.00
3 97.494 40.77 10.00
0 97.514 28.07 50.00
2 97.524 36.36 15.00
4 97.526 60.00 19.11
1 97.539 44.17 10.00
3 97.594 40.90 10.00
0 97.614 28.00 50.00
2 97.624 36.46 15.00
4 97.626 60.00 19.03
1 97.639 44.29 10.00
3 97.695 41.03 10.00
0 97.714 27.93 50.00
2 97.724 36.55 15.00
4 97.727 60.00 18.94
1 97.739 44.40 10.00
3 97.795 41.15 10.00
0 97.814 27.86 50.00
2 97.824 36.65 15.00
4 97.827 60.00 18.86
1 97.839 44.52 10.00
3 97.895 41.28 10.00
0 97.914 27.79 50.00
2 97.924 36.74 15.00
4 97.927 60.00 18.78
1 97.939 44.64 10.00
3 97.996 41.41 10.00
0 98.014 27.71 50.00
2 98.024 36.84 15.00
4 98.027 60.00 18.69
1 98.039 44.76 10.00
3 98.096 41.54 10.00
0 98.114 27.64 50.00
2 98.124 36.93 15.00
4 98.128 60.00 18.61
1 98.139 44.88 10.00
3 98.196 41.67 10.00
0 98.215 27.57 50.00
2 98.225 37.03 15.00
4 98.228 60.00 18.52
1 98.239 45.00 10.00
1 98.239 45.00 10.00
3 98.297 41.79 10.00
0 98.315 27.50 50.00
2 98.325 37.12 15.00
4 98.328 60.00 18.44
1 98.339 45.00 10.12
3 98.397 41.92 10.00
0 98.415 27.43 50.00
2 98.425 37.22 15.00
4 98.429 60.00 18.36
1 98.439 45.00 10.24
3 98.498 42.05 10.00
0 98.515 27.36 50.00
2 98.525 37.31 15.00
4 98.529 60.00 18.27
1 98.539 45.00 10.36
3 98.598 42.18 10.00
0 98.615 27.29 50.00
2 98.625 37.41 15.00
4 98.629 60.00 18.19
1 98.639 45.00 10.48
3 98.698 42.31 10.00
0 98.715 27.21 50.00
2 98.725 37.50 15.00
4 98.730 60.00 18.10
1 98.740 45.00 10.60
3 98.799 42.44 10.00
0 98.815 27.14 50.00
2 98.825 37.59 15.00
4 98.830 60.00 18.02
1 98.840 45.00 10.71
3 98.899 42.56 10.00
0 98.915 27.07 50.00
2 98.925 37.69 15.00
4 98.930 60.00 17.94
1 98.940 45.00 10.83
3 99.000 42.69 10.00
0 99.015 27.00 50.00
2 99.025 37.78 15.00
4 99.030 60.00 17.85
1 99.040 45.00 10.95
3 99.100 42.82 10.00
0 99.116 26.93 50.00
2 99.125 37.88 15.00
4 99.131 60.00 17.77
1 99.140 45.00 11.07
3 99.200 42.95 10.00
0 99.216 26.86 50.00
2 99.226 37.97 15.00
4 99.231 60.00 17.68
1 99.240 45.00 11.19
3 99.301 43.08 10.00
0 99.316 26.79 50.00
2 99.326 38.07 15.00
4 99.331 60.00 17.60
1 99.340 45.00 11.31
3 99.401 43.21 10.00
0 99.416 26.71 50.00
2 99.426 38.16 15.00
4 99.432 60.00 17.52
1 99.440 45.00 11.43
3 99.502 43.33 10.00
0 99.516 26.64 50.00
2 99.526 38.26 15.00
4 99.532 60.00 17.43
1 99.540 45.00 11.55
3 99.602 43.46 10.00
0 99.616 26.57 50.00
2 99.626 38.35 15.00
4 99.632 60.00 17.35
1 99.640 45.00 11.67
3 99.702 43.59 10.00
0 99.716 26.50 50.00
2 99.726 38.45 15.00
4 99.732 60.00 17.27
1 99.740 45.00 11.79
3 99.803 43.72 10.00
0 99.816 26.43 50.00
2 99.826 38.54 15.00
4 99.833 60.00 17.18
1 99.840 45.00 11.90
3 99.903 43.85 10.00
0 99.916 26.36 50.00
2 99.926 38.64 15.00
4 99.933 60.00 17.10
1 99.940 45.00 12.02
3 100.004 43.97 10.00
0 100.016 26.29 50.00
2 100.026 38.73 15.00
4 100.033 60.00 17.01
1 100.040 45.00 12.14
3 100.104 44.10 10.00
0 100.117 26.21 50.00
2 100.126 38.83 15.00
4 100.134 60.00 16.93
1 100.140 45.00 12.26
3 100.204 44.23 10.00
0 100.217 26.14 50.00
2 100.227 38.92 15.00
4 100.234 60.00 16.85
1 100.240 45.00 12.38
3 100.305 44.36 10.00
0 100.317 26.07 50.00
2 100.327 39.02 15.00
4 100.334 60.00 16.76
1 100.340 45.00 12.50
3 100.405 44.49 10.00
0 100.417 26.00 50.00
2 100.427 39.11 15.00
4 100.434 60.00 16.68
1 100.440 45.00 12.62
3 100.506 44.62 10.00
0 100.517 25.93 50.00
2 100.527 39.21 15.00
4 100.535 60.00 16.59
1 100.540 45.00 12.74
3 100.606 44.74 10.00
0 100.617 25.86 50.00
2 100.627 39.30 15.00
4 100.635 60.00 16.51
1 100.640 45.00 12.86
3 100.706 44.87 10.00
0 100.717 25.79 50.00
2 100.727 39.40 15.00
4 100.735 60.00 16.43
1 100.740 45.00 12.98
3 100.807 45.00 10.00
3 100.807 45.00 10.00
0 100.817 25.71 50.00
2 100.827 39.49 15.00
4 100.836 60.00 16.34
1 100.840 45.00 13.10
3 100.907 45.00 10.13
0 100.917 25.64 50.00
2 100.927 39.59 15.00
4 100.936 60.00 16.26
1 100.940 45.00 13.21
3 101.007 45.00 10.26
0 101.017 25.57 50.00
2 101.027 39.68 15.00
4 101.036 60.00 16.17
1 101.040 45.00 13.33
3 101.108 45.00 10.38
0 101.118 25.50 50.00
2 101.127 39.78 15.00
4 101.136 60.00 16.09
1 101.140 45.00 13.45
3 101.208 45.00 10.51
0 101.218 25.43 50.00
2 101.228 39.87 15.00
4 101.237 60.00 16.01
1 101.241 45.00 13.57
3 101.309 45.00 10.64
0 101.318 25.36 50.00
2 101.328 39.97 15.00
4 101.337 60.00 15.92
1 101.341 45.00 13.69
3 101.409 45.00 10.77
0 101.418 25.29 50.00
2 101.428 40.06 15.00
4 101.437 60.00 15.84
1 101.441 45.00 13.81
3 101.509 45.00 10.90
0 101.518 25.21 50.00
2 101.528 40.16 15.00
4 101.538 60.00 15.76
1 101.541 45.00 13.93
3 101.610 45.00 11.03
0 101.618 25.14 50.00
2 101.628 40.25 15.00
4 101.638 60.00 15.67
1 101.641 45.00 14.05
3 101.710 45.00 11.15
0 101.718 25.07 50.00
2 101.728 40.35 15.00
4 101.738 60.00 15.59
1 101.741 45.00 14.17
3 101.811 45.00 11.28
0 101.818 25.00 50.00
2 101.828 40.44 15.00
4 101.839 60.00 15.50
1 101.841 45.00 14.29
3 101.911 45.00 11.41
0 101.918 24.93 50.00
2 101.928 40.54 15.00
4 101.939 60.00 15.42
1 101.941 45.00 14.40
3 102.011 45.00 11.54
0 102.019 24.86 50.00
2 102.028 40.63 15.00
4 102.039 60.00 15.34
1 102.041 45.00 14.52
3 102.112 45.00 11.67
0 102.119 24.79 50.00
2 102.128 40.73 15.00
4 102.139 60.00 15.25
1 102.141 45.00 14.64
3 102.212 45.00 11.79
0 102.219 24.71 50.00
2 102.229 40.82 15.00
4 102.240 60.00 15.17
1 102.241 45.00 14.76
3 102.313 45.00 11.92
0 102.319 24.64 50.00
2 102.329 40.92 15.00
4 102.340 60.00 15.08
1 102.341 45.00 14.88
3 102.413 45.00 12.05
0 102.419 24.57 50.00
2 102.429 41.01 15.00
4 102.440 60.00 15.00
4 102.440 60.00 15.00
1 102.441 45.00 15.00
3 102.513 45.00 12.18
0 102.519 24.50 50.00
2 102.529 41.11 15.00
1 102.541 45.00 15.12
4 102.542 59.92 15.00
3 102.614 45.00 12.31
0 102.619 24.43 50.00
2 102.629 41.20 15.00
1 102.641 45.00 15.24
4 102.643 59.83 15.00
3 102.714 45.00 12.44
0 102.719 24.36 50.00
2 102.729 41.30 15.00
1 102.741 45.00 15.36
4 102.744 59.75 15.00
3 102.815 45.00 12.56
0 102.819 24.29 50.00
2 102.829 41.39 15.00
1 102.841 45.00 15.48
4 102.846 59.66 15.00
3 102.915 45.00 12.69
0 102.919 24.21 50.00
2 102.929 41.49 15.00
1 102.941 45.00 15.60
4 102.947 59.58 15.00
3 103.015 45.00 12.82
0 103.020 24.14 50.00
2 103.029 41.58 15.00
1 103.041 45.00 15.71
4 103.048 59.49 15.00
3 103.116 45.00 12.95
0 103.120 24.07 50.00
2 103.129 41.68 15.00
1 103.141 45.00 15.83
4 103.149 59.41 15.00
3 103.216 45.00 13.08
0 103.220 24.00 50.00
2 103.230 41.77 15.00
1 103.241 45.00 15.95
4 103.251 59.32 15.00
3 103.317 45.00 13.21
0 103.320 23.93 50.00
2 103.330 41.87 15.00
1 103.341 45.00 16.07
4 103.352 59.24 15.00
3 103.417 45.00 13.33
0 103.420 23.86 50.00
2 103.430 41.96 15.00
1 103.441 45.00 16.19
4 103.453 59.15 15.00
3 103.517 45.00 13.46
0 103.520 23.79 50.00
2 103.530 42.06 15.00
1 103.541 45.00 16.31
4 103.555 59.07 15.00
3 103.618 45.00 13.59
0 103.620 23.71 50.00
2 103.630 42.15 15.00
1 103.641 45.00 16.43
4 103.656 58.98 15.00
3 103.718 45.00 13.72
0 103.720 23.64 50.00
2 103.730 42.25 15.00
1 103.742 45.00 16.55
4 103.757 58.90 15.00
3 103.819 45.00 13.85
0 103.820 23.57 50.00
2 103.830 42.34 15.00
1 103.842 45.00 16.67
4 103.859 58.81 15.00
3 103.919 45.00 13.97
0 103.921 23.50 50.00
2 103.930 42.44 15.00
1 103.942 45.00 16.79
4 103.960 58.73 15.00
3 104.019 45.00 14.10
0 104.021 23.43 50.00
2 104.030 42.53 15.00
1 104.042 45.00 16.90
4 104.061 58.64 15.00
3 104.120 45.00 14.23
0 104.121 23.36 50.00
2 104.131 42.63 15.00
1 104.142 45.00 17.02
4 104.163 58.56 15.00
3 104.220 45.00 14.36
0 104.221 23.29 50.00
2 104.231 42.72 15.00
1 104.242 45.00 17.14
4 104.264 58.47 15.00
3 104.320 45.00 14.49
0 104.321 23.21 50.00
2 104.331 42.82 15.00
1 104.342 45.00 17.26
4 104.365 58.39 15.00
3 104.421 45.00 14.62
0 104.421 23.14 50.00
2 104.431 42.91 15.00
1 104.442 45.00 17.38
4 104.467 58.31 15.00
0 104.521 23.07 50.00
3 104.521 45.00 14.74
2 104.531 43.01 15.00
1 104.542 45.00 17.50
4 104.568 58.22 15.00
0 104.621 23.00 50.00
3 104.622 45.00 14.87
2 104.631 43.10 15.00
1 104.642 45.00 17.62
4 104.669 58.14 15.00
0 104.721 22.93 50.00
3 104.722 45.00 15.00
3 104.722 45.00 15.00
2 104.731 43.20 15.00
1 104.742 45.00 17.74
4 104.770 58.05 15.00
0 104.821 22.86 50.00
3 104.822 44.87 15.00
2 104.831 43.29 15.00
1 104.842 45.00 17.86
4 104.872 57.97 15.00
0 104.922 22.79 50.00
3 104.923 44.74 15.00
2 104.931 43.39 15.00
1 104.942 45.00 17.98
4 104.973 57.88 15.00
0 105.022 22.71 50.00
3 105.023 44.62 15.00
2 105.031 43.48 15.00
1 105.042 45.00 18.10
4 105.074 57.80 15.00
0 105.122 22.64 50.00
3 105.124 44.49 15.00
2 105.132 43.58 15.00
1 105.142 45.00 18.21
4 105.176 57.71 15.00
0 105.222 22.57 50.00
3 105.224 44.36 15.00
2 105.232 43.67 15.00
1 105.242 45.00 18.33
4 105.277 57.63 15.00
0 105.322 22.50 50.00
3 105.324 44.23 15.00
2 105.332 43.77 15.00
1 105.342 45.00 18.45
4 105.378 57.54 15.00
0 105.422 22.43 50.00
3 105.425 44.10 15.00
2 105.432 43.86 15.00
1 105.442 45.00 18.57
4 105.480 57.46 15.00
0 105.522 22.36 50.00
3 105.525 43.97 15.00
2 105.532 43.96 15.00
1 105.542 45.00 18.69
4 105.581 57.37 15.00
0 105.622 22.29 50.00
3 105.626 43.85 15.00
2 105.632 44.05 15.00
1 105.642 45.00 18.81
4 105.682 57.29 15.00
0 105.722 22.21 50.00
3 105.726 43.72 15.00
2 105.732 44.15 15.00
1 105.742 45.00 18.93
4 105.784 57.20 15.00
0 105.823 22.14 50.00
3 105.826 43.59 15.00
2 105.832 44.24 15.00
1 105.842 45.00 19.05
4 105.885 57.12 15.00
0 105.923 22.07 50.00
3 105.927 43.46 15.00
2 105.932 44.34 15.00
1 105.942 45.00 19.17
4 105.986 57.03 15.00
0 106.023 22.00 50.00
3 106.027 43.33 15.00
2 106.032 44.43 15.00
1 106.042 45.00 19.29
4 106.087 56.95 15.00
0 106.123 21.93 50.00
3 106.128 43.21 15.00
2 106.133 44.53 15.00
1 106.142 45.00 19.40
4 106.189 56.86 15.00
0 106.223 21.86 50.00
3 106.228 43.08 15.00
2 106.233 44.62 15.00
1 106.243 45.00 19.52
4 106.290 56.78 15.00
0 106.323 21.79 50.00
3 106.328 42.95 15.00
2 106.333 44.72 15.00
1 106.343 45.00 19.64
4 106.391 56.69 15.00
0 106.423 21.71 50.00
3 106.429 42.82 15.00
2 106.433 44.81 15.00
1 106.443 45.00 19.76
4 106.493 56.61 15.00
0 106.523 21.64 50.00
3 106.529 42.69 15.00
2 106.533 44.91 15.00
1 106.543 45.00 19.88
4 106.594 56.53 15.00
0 106.623 21.57 50.00
3 106.630 42.56 15.00
2 106.633 45.00 15.00
2 106.633 45.00 15.00
1 106.643 45.00 20.00
4 106.695 56.44 15.00
0 106.723 21.50 50.00
3 106.730 42.44 15.00
2 106.734 45.00 14.90
1 106.743 45.00 20.12
4 106.797 56.36 15.00
0 106.824 21.43 50.00
3 106.830 42.31 15.00
2 106.836 45.00 14.81
1 106.843 45.00 20.24
4 106.898 56.27 15.00
0 106.924 21.36 50.00
3 106.931 42.18 15.00
2 106.937 45.00 14.71
1 106.943 45.00 20.36
4 106.999 56.19 15.00
0 107.024 21.29 50.00
3 107.031 42.05 15.00
2 107.039 45.00 14.62
1 107.043 45.00 20.48
4 107.101 56.10 15.00
0 107.124 21.21 50.00
3 107.131 41.92 15.00
2 107.140 45.00 14.52
1 107.143 45.00 20.60
4 107.202 56.02 15.00
0 107.224 21.14 50.00
3 107.232 41.79 15.00
2 107.241 45.00 14.42
1 107.243 45.00 20.71
4 107.303 55.93 15.00
0 107.324 21.07 50.00
3 107.332 41.67 15.00
2 107.343 45.00 14.33
1 107.343 45.00 20.83
4 107.405 55.85 15.00
0 107.424 21.00 50.00
3 107.433 41.54 15.00
1 107.443 45.00 20.95
2 107.444 45.00 14.23
4 107.506 55.76 15.00
0 107.524 20.93 50.00
3 107.533 41.41 15.00
1 107.543 45.00 21.07
2 107.546 45.00 14.13
4 107.607 55.68 15.00
0 107.624 20.86 50.00
3 107.633 41.28 15.00
1 107.643 45.00 21.19
2 107.647 45.00 14.04
4 107.708 55.59 15.00
0 107.725 20.79 50.00
3 107.734 41.15 15.00
1 107.743 45.00 21.31
2 107.748 45.00 13.94
4 107.810 55.51 15.00
0 107.825 20.71 50.00
3 107.834 41.03 15.00
1 107.843 45.00 21.43
2 107.850 45.00 13.85
4 107.911 55.42 15.00
0 107.925 20.64 50.00
3 107.935 40.90 15.00
1 107.943 45.00 21.55
2 107.951 45.00 13.75
4 108.012 55.34 15.00
0 108.025 20.57 50.00
3 108.035 40.77 15.00
1 108.043 45.00 21.67
2 108.052 45.00 13.65
4 108.114 55.25 15.00
0 108.125 20.50 50.00
3 108.135 40.64 15.00
1 108.143 45.00 21.79
2 108.154 45.00 13.56
4 108.215 55.17 15.00
0 108.225 20.43 50.00
3 108.236 40.51 15.00
1 108.243 45.00 21.90
2 108.255 45.00 13.46
4 108.316 55.08 15.00
0 108.325 20.36 50.00
3 108.336 40.38 15.00
1 108.343 45.00 22.02
2 108.357 45.00 13.37
4 108.418 55.00 15.00
4 108.418 55.00 15.00
0 108.425 20.29 50.00
3 108.437 40.26 15.00
1 108.443 45.00 22.14
2 108.458 45.00 13.27
4 108.519 55.00 15.08
0 108.525 20.21 50.00
3 108.537 40.13 15.00
1 108.543 45.00 22.26
2 108.559 45.00 13.17
4 108.620 55.00 15.17
0 108.625 20.14 50.00
3 108.637 40.00 15.00
3 108.637 40.00 15.00
1 108.643 45.00 22.38
2 108.661 45.00 13.08
4 108.722 55.00 15.25
0 108.726 20.07 50.00
3 108.738 40.00 14.87
1 108.744 45.00 22.50
2 108.762 45.00 12.98
4 108.823 55.00 15.34
0 108.826 20.00 50.00
0 108.826 20.00 50.00
3 108.838 40.00 14.74
1 108.844 45.00 22.62
2 108.864 45.00 12.88
4 108.924 55.00 15.42
0 108.926 20.00 49.93
3 108.939 40.00 14.62
1 108.944 45.00 22.74
2 108.965 45.00 12.79
4 109.026 55.00 15.51
0 109.026 20.00 49.86
3 109.039 40.00 14.49
1 109.044 45.00 22.86
2 109.066 45.00 12.69
0 109.126 20.00 49.79
4 109.127 55.00 15.59
3 109.139 40.00 14.36
1 109.144 45.00 22.98
2 109.168 45.00 12.60
0 109.226 20.00 49.71
4 109.228 55.00 15.68
3 109.240 40.00 14.23
1 109.244 45.00 23.10
2 109.269 45.00 12.50
0 109.326 20.00 49.64
4 109.329 55.00 15.76
3 109.340 40.00 14.10
1 109.344 45.00 23.21
2 109.370 45.00 12.40
0 109.426 20.00 49.57
4 109.431 55.00 15.85
3 109.441 40.00 13.97
1 109.444 45.00 23.33
2 109.472 45.00 12.31
0 109.526 20.00 49.50
4 109.532 55.00 15.93
3 109.541 40.00 13.85
1 109.544 45.00 23.45
2 109.573 45.00 12.21
0 109.626 20.00 49.43
4 109.633 55.00 16.02
3 109.641 40.00 13.72
1 109.644 45.00 23.57
2 109.675 45.00 12.12
0 109.726 20.00 49.36
4 109.735 55.00 16.10
3 109.742 40.00 13.59
1 109.744 45.00 23.69
2 109.776 45.00 12.02
0 109.826 20.00 49.29
4 109.836 55.00 16.19
3 109.842 40.00 13.46
1 109.844 45.00 23.81
2 109.877 45.00 11.92
0 109.926 20.00 49.21
4 109.937 55.00 16.27
3 109.942 40.00 13.33
1 109.944 45.00 23.93
2 109.979 45.00 11.83
0 110.026 20.00 49.14
4 110.039 55.00 16.36
3 110.043 40.00 13.21
1 110.044 45.00 24.05
2 110.080 45.00 11.73
0 110.126 20.00 49.07
4 110.140 55.00 16.44
3 110.143 40.00 13.08
1 110.144 45.00 24.17
2 110.182 45.00 11.63
0 110.226 20.00 49.00
4 110.241 55.00 16.53
3 110.244 40.00 12.95
1 110.244 45.00 24.29
2 110.283 45.00 11.54
0 110.326 20.00 48.93
4 110.343 55.00 16.61
3 110.344 40.00 12.82
1 110.344 45.00 24.40
2 110.384 45.00 11.44
0 110.426 20.00 48.86
4 110.444 55.00 16.69
1 110.444 45.00 24.52
3 110.444 40.00 12.69
2 110.486 45.00 11.35
0 110.526 20.00 48.79
1 110.544 45.00 24.64
3 110.545 40.00 12.56
4 110.545 55.00 16.78
2 110.587 45.00 11.25
0 110.626 20.00 48.72
1 110.644 45.00 24.76
3 110.645 40.00 12.44
4 110.646 55.00 16.86
2 110.688 45.00 11.15
0 110.726 20.00 48.64
1 110.744 45.00 24.88
3 110.746 40.00 12.31
4 110.748 55.00 16.95
2 110.790 45.00 11.06
0 110.826 20.00 48.57
1 110.844 45.00 25.00
1 110.844 45.00 25.00
3 110.846 40.00 12.18
4 110.849 55.00 17.03
2 110.891 45.00 10.96
0 110.926 20.00 48.50
1 110.944 44.88 25.00
3 110.946 40.00 12.05
4 110.950 55.00 17.12
2 110.993 45.00 10.87
0 111.026 20.00 48.43
1 111.044 44.76 25.00
3 111.047 40.00 11.92
4 111.052 55.00 17.20
2 111.094 45.00 10.77
0 111.126 20.00 48.36
1 111.144 44.64 25.00
3 111.147 40.00 11.79
4 111.153 55.00 17.29
2 111.195 45.00 10.67
0 111.226 20.00 48.29
1 111.245 44.52 25.00
3 111.248 40.00 11.67
4 111.254 55.00 17.37
2 111.297 45.00 10.58
0 111.326 20.00 48.22
1 111.345 44.40 25.00
3 111.348 40.00 11.54
4 111.356 55.00 17.46
2 111.398 45.00 10.48
0 111.426 20.00 48.14
1 111.445 44.29 25.00
3 111.448 40.00 11.41
4 111.457 55.00 17.54
2 111.500 45.00 10.38
0 111.526 20.00 48.07
1 111.545 44.17 25.00
3 111.549 40.00 11.28
4 111.558 55.00 17.63
2 111.601 45.00 10.29
0 111.626 20.00 48.00
1 111.645 44.05 25.00
3 111.649 40.00 11.15
4 111.660 55.00 17.71
2 111.702 45.00 10.19
0 111.726 20.00 47.93
1 111.745 43.93 25.00
3 111.750 40.00 11.03
4 111.761 55.00 17.80
2 111.804 45.00 10.10
0 111.826 20.00 47.86
1 111.845 43.81 25.00
3 111.850 40.00 10.90
4 111.862 55.00 17.88
2 111.905 45.00 10.00
2 111.905 45.00 10.00
0 111.926 20.00 47.79
1 111.945 43.69 25.00
3 111.950 40.00 10.77
4 111.964 55.00 17.97
2 112.006 44.90 10.00
0 112.026 20.00 47.72
1 112.045 43.57 25.00
3 112.051 40.00 10.64
4 112.065 55.00 18.05
2 112.108 44.81 10.00
0 112.126 20.00 47.64
1 112.145 43.45 25.00
3 112.151 40.00 10.51
4 112.166 55.00 18.14
2 112.209 44.71 10.00
0 112.226 20.00 47.57
1 112.245 43.33 25.00
3 112.252 40.00 10.38
4 112.267 55.00 18.22
2 112.311 44.62 10.00
0 112.326 20.00 47.50
1 112.345 43.21 25.00
3 112.352 40.00 10.26
4 112.369 55.00 18.31
2 112.412 44.52 10.00
0 112.426 20.00 47.43
1 112.445 43.10 25.00
3 112.452 40.00 10.13
4 112.470 55.00 18.39
2 112.513 44.42 10.00
0 112.526 20.00 47.36
1 112.545 42.98 25.00
3 112.553 40.00 10.00
3 112.553 40.00 10.00
4 112.571 55.00 18.47
2 112.615 44.33 10.00
0 112.626 20.00 47.29
1 112.645 42.86 25.00
3 112.653 39.87 10.00
4 112.673 55.00 18.56
2 112.716 44.23 10.00
0 112.726 20.00 47.22
1 112.745 42.74 25.00
3 112.753 39.74 10.00
4 112.774 55.00 18.64
2 112.818 44.13 10.00
0 112.826 20.00 47.15
1 112.845 42.62 25.00
3 112.854 39.62 10.00
4 112.875 55.00 18.73
2 112.919 44.04 10.00
0 112.926 20.00 47.07
1 112.945 42.50 25.00
3 112.954 39.49 10.00
4 112.977 55.00 18.81
2 113.020 43.94 10.00
0 113.026 20.00 47.00
1 113.045 42.38 25.00
3 113.055 39.36 10.00
4 113.078 55.00 18.90
2 113.122 43.85 10.00
0 113.126 20.00 46.93
1 113.145 42.26 25.00
3 113.155 39.23 10.00
4 113.179 55.00 18.98
2 113.223 43.75 10.00
0 113.226 20.00 46.86
1 113.245 42.14 25.00
3 113.255 39.10 10.00
4 113.281 55.00 19.07
2 113.324 43.65 10.00
0 113.326 20.00 46.79
1 113.345 42.02 25.00
3 113.356 38.97 10.00
4 113.382 55.00 19.15
2 113.426 43.56 10.00
0 113.426 20.00 46.72
1 113.445 41.90 25.00
3 113.456 38.85 10.00
4 113.483 55.00 19.24
0 113.526 20.00 46.65
2 113.527 43.46 10.00
1 113.545 41.79 25.00
3 113.557 38.72 10.00
4 113.585 55.00 19.32
0 113.626 20.00 46.57
2 113.629 43.37 10.00
1 113.645 41.67 25.00
3 113.657 38.59 10.00
4 113.686 55.00 19.41
0 113.726 20.00 46.50
2 113.730 43.27 10.00
1 113.746 41.55 25.00
3 113.757 38.46 10.00
4 113.787 55.00 19.49
0 113.826 20.00 46.43
2 113.831 43.17 10.00
1 113.846 41.43 25.00
3 113.858 38.33 10.00
4 113.888 55.00 19.58
0 113.926 20.00 46.36
2 113.933 43.08 10.00
1 113.946 41.31 25.00
3 113.958 38.21 10.00
4 113.990 55.00 19.66
0 114.026 20.00 46.29
2 114.034 42.98 10.00
1 114.046 41.19 25.00
3 114.059 38.08 10.00
4 114.091 55.00 19.75
0 114.126 20.00 46.22
2 114.136 42.88 10.00
1 114.146 41.07 25.00
3 114.159 37.95 10.00
4 114.192 55.00 19.83
0 114.226 20.00 46.15
2 114.237 42.79 10.00
1 114.246 40.95 25.00
3 114.259 37.82 10.00
4 114.294 55.00 19.92
0 114.326 20.00 46.07
2 114.338 42.69 10.00
1 114.346 40.83 25.00
3 114.360 37.69 10.00
4 114.395 55.00 20.00
4 114.395 55.00 20.00
0 114.426 20.00 46.00
2 114.440 42.60 10.00
1 114.446 40.71 25.00
3 114.460 37.56 10.00
4 114.496 55.08 20.00
0 114.526 20.00 45.93
2 114.541 42.50 10.00
1 114.546 40.60 25.00
3 114.561 37.44 10.00
4 114.597 55.17 20.00
0 114.627 20.00 45.86
2 114.642 42.40 10.00
1 114.646 40.48 25.00
3 114.661 37.31 10.00
4 114.699 55.25 20.00
0 114.727 20.00 45.79
2 114.744 42.31 10.00
1 114.746 40.36 25.00
3 114.761 37.18 10.00
4 114.800 55.34 20.00
0 114.827 20.00 45.72
2 114.845 42.21 10.00
1 114.846 40.24 25.00
3 114.862 37.05 10.00
4 114.901 55.42 20.00
0 114.927 20.00 45.65
1 114.946 40.12 25.00
2 114.947 42.12 10.00
3 114.962 36.92 10.00
4 115.002 55.51 20.00
0 115.027 20.00 45.58
1 115.046 40.00 25.00
1 115.046 40.00 25.00
2 115.048 42.02 10.00
3 115.063 36.79 10.00
4 115.103 55.59 20.00
0 115.127 20.00 45.50
1 115.146 40.00 24.88
2 115.149 41.92 10.00
3 115.163 36.67 10.00
4 115.204 55.68 20.00
0 115.227 20.00 45.43
1 115.246 40.00 24.76
2 115.251 41.83 10.00
3 115.263 36.54 10.00
4 115.306 55.76 20.00
0 115.327 20.00 45.36
1 115.346 40.00 24.64
2 115.352 41.73 10.00
3 115.364 36.41 10.00
4 115.407 55.85 20.00
0 115.427 20.00 45.29
1 115.446 40.00 24.52
2 115.454 41.63 10.00
3 115.464 36.28 10.00
4 115.508 55.93 20.00
0 115.527 20.00 45.22
1 115.546 40.00 24.40
2 115.555 41.54 10.00
3 115.565 36.15 10.00
4 115.609 56.02 20.00
0 115.627 20.00 45.15
1 115.646 40.00 24.29
2 115.656 41.44 10.00
3 115.665 36.03 10.00
4 115.710 56.10 20.00
0 115.727 20.00 45.08
1 115.746 40.00 24.17
2 115.758 41.35 10.00
3 115.765 35.90 10.00
4 115.811 56.18 20.00
0 115.827 20.00 45.00
1 115.846 40.00 24.05
2 115.859 41.25 10.00
3 115.866 35.77 10.00
4 115.913 56.27 20.00
0 115.927 20.00 44.93
1 115.946 40.00 23.93
2 115.960 41.15 10.00
3 115.966 35.64 10.00
4 116.014 56.35 20.00
0 116.027 20.00 44.86
1 116.046 40.00 23.81
2 116.062 41.06 10.00
3 116.066 35.51 10.00
4 116.115 56.44 20.00
0 116.127 20.00 44.79
1 116.146 40.00 23.69
2 116.163 40.96 10.00
3 116.167 35.38 10.00
4 116.216 56.52 20.00
0 116.227 20.00 44.72
1 116.247 40.00 23.57
2 116.265 40.87 10.00
3 116.267 35.26 10.00
4 116.317 56.61 20.00
0 116.327 20.00 44.65
1 116.347 40.00 23.45
2 116.366 40.77 10.00
3 116.368 35.13 10.00
4 116.418 56.69 20.00
0 116.427 20.00 44.58
1 116.447 40.00 23.33
2 116.467 40.67 10.00
3 116.468 35.00 10.00
4 116.520 56.78 20.00
0 116.527 20.00 44.50
1 116.547 40.00 23.21
3 116.568 34.87 10.00
2 116.569 40.58 10.00
4 116.621 56.86 20.00
0 116.627 20.00 44.43
1 116.647 40.00 23.10
3 116.669 34.74 10.00
2 116.670 40.48 10.00
4 116.722 56.95 20.00
0 116.727 20.00 44.36
1 116.747 40.00 22.98
3 116.769 34.62 10.00
2 116.772 40.38 10.00
4 116.823 57.03 20.00
0 116.827 20.00 44.29
1 116.847 40.00 22.86
3 116.870 34.49 10.00
2 116.873 40.29 10.00
4 116.924 57.12 20.00
0 116.927 20.00 44.22
1 116.947 40.00 22.74
3 116.970 34.36 10.00
2 116.974 40.19 10.00
4 117.025 57.20 20.00
0 117.027 20.00 44.15
1 117.047 40.00 22.62
3 117.070 34.23 10.00
2 117.076 40.10 10.00
4 117.127 57.29 20.00
0 117.127 20.00 44.08
1 117.147 40.00 22.50
3 117.171 34.10 10.00
2 117.177 40.00 10.00
2 117.177 40.00 10.00
0 117.227 20.00 44.01
4 117.228 57.37 20.00
1 117.247 40.00 22.38
3 117.271 33.97 10.00
2 117.278 40.00 10.10
0 117.327 20.00 43.93
4 117.329 57.45 20.00
1 117.347 40.00 22.26
3 117.372 33.85 10.00
2 117.380 40.00 10.19
0 117.427 20.00 43.86
4 117.430 57.54 20.00
1 117.447 40.00 22.14
3 117.472 33.72 10.00
2 117.481 40.00 10.29
0 117.527 20.00 43.79
4 117.531 57.62 20.00
1 117.547 40.00 22.02
3 117.572 33.59 10.00
2 117.583 40.00 10.38
0 117.627 20.00 43.72
4 117.633 57.71 20.00
1 117.647 40.00 21.90
3 117.673 33.46 10.00
2 117.684 40.00 10.48
0 117.727 20.00 43.65
4 117.734 57.79 20.00
1 117.747 40.00 21.79
3 117.773 33.33 10.00
2 117.785 40.00 10.58
0 117.827 20.00 43.58
4 117.835 57.88 20.00
1 117.847 40.00 21.67
3 117.874 33.21 10.00
2 117.887 40.00 10.67
0 117.927 20.00 43.51
4 117.936 57.96 20.00
1 117.947 40.00 21.55
3 117.974 33.08 10.00
2 117.988 40.00 10.77
0 118.027 20.00 43.43
4 118.037 58.05 20.00
1 118.047 40.00 21.43
3 118.074 32.95 10.00
2 118.090 40.00 10.87
0 118.127 20.00 43.36
4 118.138 58.13 20.00
1 118.147 40.00 21.31
3 118.175 32.82 10.00
2 118.191 40.00 10.96
0 118.227 20.00 43.29
4 118.240 58.22 20.00
1 118.247 40.00 21.19
3 118.275 32.69 10.00
2 118.292 40.00 11.06
0 118.327 20.00 43.22
4 118.341 58.30 20.00
4 118.341 58.30 20.00
1 118.347 40.00 21.07
3 118.376 32.56 10.00
2 118.394 40.00 11.15
0 118.427 20.00 43.15
4 118.441 58.39 20.00
1 118.447 40.00 20.95
3 118.476 32.44 10.00
2 118.495 40.00 11.25
0 118.527 20.00 43.08
4 118.542 58.48 20.00
1 118.547 40.00 20.83
3 118.576 32.31 10.00
2 118.596 40.00 11.35
0 118.627 20.00 43.01
0 118.627 20.00 43.01
4 118.643 58.57 20.00
1 118.647 40.00 20.71
3 118.677 32.18 10.00
2 118.698 40.00 11.44
0 118.727 20.00 42.95
4 118.743 58.66 20.00
1 118.748 40.00 20.60
3 118.777 32.05 10.00
2 118.799 40.00 11.54
0 118.827 20.00 42.89
4 118.844 58.75 20.00
1 118.848 40.00 20.48
3 118.877 31.92 10.00
2 118.901 40.00 11.63
0 118.927 20.00 42.82
4 118.945 58.84 20.00
1 118.948 40.00 20.36
3 118.978 31.79 10.00
2 119.002 40.00 11.73
0 119.027 20.00 42.76
4 119.045 58.93 20.00
1 119.048 40.00 20.24
3 119.078 31.67 10.00
2 119.103 40.00 11.83
0 119.127 20.00 42.70
4 119.146 59.02 20.00
1 119.148 40.00 20.12
3 119.179 31.54 10.00
2 119.205 40.00 11.92
0 119.227 20.00 42.64
4 119.246 59.11 20.00
1 119.248 40.00 20.00
1 119.248 40.00 20.00
3 119.279 31.41 10.00
2 119.306 40.00 12.02
0 119.327 20.00 42.58
4 119.347 59.20 20.00
1 119.348 39.88 20.00
3 119.379 31.28 10.00
2 119.408 40.00 12.12
0 119.427 20.00 42.52
4 119.448 59.28 20.00
1 119.448 39.76 20.00
3 119.480 31.15 10.00
2 119.509 40.00 12.21
0 119.527 20.00 42.46
1 119.548 39.64 20.00
4 119.548 59.37 20.00
3 119.580 31.03 10.00
2 119.610 40.00 12.31
0 119.627 20.00 42.40
1 119.648 39.52 20.00
4 119.649 59.46 20.00
3 119.681 30.90 10.00
2 119.712 40.00 12.40
0 119.728 20.00 42.34
1 119.748 39.40 20.00
4 119.750 59.55 20.00
3 119.781 30.77 10.00
2 119.813 40.00 12.50
0 119.828 20.00 42.28
1 119.848 39.29 20.00
4 119.850 59.64 20.00
3 119.881 30.64 10.00
2 119.914 40.00 12.60
0 119.928 20.00 42.22
1 119.948 39.17 20.00
4 119.951 59.73 20.00
3 119.982 30.51 10.00
2 120.016 40.00 12.69
0 120.028 20.00 42.16
1 120.048 39.05 20.00
4 120.052 59.82 20.00
3 120.082 30.38 10.00
2 120.117 40.00 12.79
0 120.128 20.00 42.10
1 120.148 38.93 20.00
4 120.152 59.91 20.00
3 120.183 30.26 10.00
2 120.219 40.00 12.88
0 120.228 20.00 42.04
1 120.248 38.81 20.00
4 120.253 60.00 20.00
4 120.253 60.00 20.00
3 120.283 30.13 10.00
2 120.320 40.00 12.98
0 120.328 20.00 41.98
1 120.348 38.69 20.00
4 120.353 60.00 20.09
3 120.383 30.00 10.00
3 120.383 30.00 10.00
2 120.421 40.00 13.08
0 120.428 20.00 41.92
1 120.448 38.57 20.00
4 120.454 60.00 20.18
3 120.484 30.00 10.13
2 120.523 40.00 13.17
0 120.528 20.00 41.85
1 120.548 38.45 20.00
4 120.554 60.00 20.27
3 120.584 30.00 10.26
2 120.624 40.00 13.27
0 120.628 20.00 41.79
1 120.648 38.33 20.00
4 120.655 60.00 20.36
3 120.684 30.00 10.38
2 120.726 40.00 13.37
0 120.728 20.00 41.73
1 120.748 38.21 20.00
4 120.755 60.00 20.45
3 120.784 30.00 10.51
2 120.827 40.00 13.46
0 120.828 20.00 41.67
1 120.848 38.10 20.00
4 120.856 60.00 20.54
3 120.885 30.00 10.64
0 120.928 20.00 41.61
2 120.928 40.00 13.56
1 120.948 37.98 20.00
4 120.956 60.00 20.62
3 120.985 30.00 10.77
0 121.028 20.00 41.55
2 121.030 40.00 13.65
1 121.048 37.86 20.00
4 121.057 60.00 20.71
3 121.085 30.00 10.90
0 121.128 20.00 41.49
2 121.131 40.00 13.75
1 121.148 37.74 20.00
4 121.157 60.00 20.80
3 121.185 30.00 11.02
0 121.228 20.00 41.43
2 121.232 40.00 13.85
1 121.249 37.62 20.00
4 121.257 60.00 20.89
3 121.286 30.00 11.15
0 121.328 20.00 41.37
2 121.334 40.00 13.94
1 121.349 37.50 20.00
4 121.358 60.00 20.98
3 121.386 30.00 11.28
0 121.428 20.00 41.31
2 121.435 40.00 14.04
1 121.449 37.38 20.00
4 121.458 60.00 21.07
3 121.486 30.00 11.41
0 121.528 20.00 41.25
2 121.537 40.00 14.13
1 121.549 37.26 20.00
4 121.559 60.00 21.16
3 121.586 30.00 11.54
0 121.628 20.00 41.19
2 121.638 40.00 14.23
1 121.649 37.14 20.00
4 121.659 60.00 21.25
3 121.687 30.00 11.66
0 121.728 20.00 41.13
2 121.739 40.00 14.33
1 121.749 37.02 20.00
4 121.760 60.00 21.34
3 121.787 30.00 11.79
0 121.828 20.00 41.07
2 121.841 40.00 14.42
1 121.849 36.90 20.00
4 121.860 60.00 21.43
3 121.887 30.00 11.92
0 121.928 20.00 41.01
2 121.942 40.00 14.52
1 121.949 36.79 20.00
4 121.961 60.00 21.52
3 121.988 30.00 12.05
0 122.028 20.00 40.95
2 122.044 40.00 14.62
1 122.049 36.67 20.00
4 122.061 60.00 21.61
3 122.088 30.00 12.18
0 122.128 20.00 40.89
2 122.145 40.00 14.71
1 122.149 36.55 20.00
4 122.162 60.00 21.70
3 122.188 30.00 12.30
0 122.229 20.00 40.82
2 122.246 40.00 14.81
1 122.249 36.43 20.00
4 122.262 60.00 21.79
3 122.288 30.00 12.43
0 122.329 20.00 40.76
2 122.348 40.00 14.90
1 122.349 36.31 20.00
4 122.363 60.00 21.88
3 122.389 30.00 12.56
0 122.429 20.00 40.70
1 122.449 36.19 20.00
2 122.449 40.00 15.00
2 122.449 40.00 15.00
4 122.463 60.00 21.96
3 122.489 30.00 12.69
0 122.529 20.00 40.64
1 122.549 36.07 20.00
2 122.551 39.90 15.00
4 122.563 60.00 22.05
3 122.589 30.00 12.82
0 122.629 20.00 40.58
1 122.649 35.95 20.00
2 122.652 39.81 15.00
4 122.664 60.00 22.14
3 122.689 30.00 12.94
0 122.729 20.00 40.52
1 122.749 35.83 20.00
2 122.753 39.71 15.00
4 122.764 60.00 22.23
3 122.790 30.00 13.07
0 122.829 20.00 40.46
1 122.849 35.71 20.00
2 122.855 39.62 15.00
4 122.865 60.00 22.32
3 122.890 30.00 13.20
0 122.929 20.00 40.40
1 122.949 35.60 20.00
2 122.956 39.52 15.00
4 122.965 60.00 22.41
3 122.990 30.00 13.33
0 123.029 20.00 40.34
1 123.049 35.48 20.00
2 123.057 39.42 15.00
4 123.066 60.00 22.50
3 123.090 30.00 13.46
0 123.129 20.00 40.28
1 123.149 35.36 20.00
2 123.159 39.33 15.00
4 123.166 60.00 22.59
3 123.191 30.00 13.58
0 123.229 20.00 40.22
1 123.249 35.24 20.00
2 123.260 39.23 15.00
4 123.267 60.00 22.68
3 123.291 30.00 13.71
0 123.329 20.00 40.16
1 123.349 35.12 20.00
2 123.362 39.13 15.00
4 123.367 60.00 22.77
3 123.391 30.00 13.84
0 123.429 20.00 40.10
1 123.449 35.00 20.00
1 123.449 35.00 20.00
2 123.463 39.04 15.00
4 123.468 60.00 22.86
3 123.491 30.00 13.97
0 123.529 20.00 40.04
1 123.549 35.00 20.12
2 123.564 38.94 15.00
4 123.568 60.00 22.95
3 123.592 30.00 14.10
0 123.629 20.00 39.98
1 123.649 35.00 20.24
2 123.666 38.85 15.00
4 123.669 60.00 23.04
3 123.692 30.00 14.23
0 123.729 20.00 39.92
1 123.750 35.00 20.36
2 123.767 38.75 15.00
4 123.769 60.00 23.12
3 123.792 30.00 14.35
0 123.829 20.00 39.85
1 123.850 35.00 20.48
2 123.869 38.65 15.00
4 123.869 60.00 23.21
3 123.892 30.00 14.48
0 123.929 20.00 39.79
1 123.950 35.00 20.60
2 123.970 38.56 15.00
4 123.970 60.00 23.30
3 123.993 30.00 14.61
0 124.029 20.00 39.73
1 124.050 35.00 20.71
4 124.070 60.00 23.39
2 124.071 38.46 15.00
3 124.093 30.00 14.74
0 124.129 20.00 39.67
1 124.150 35.00 20.83
4 124.171 60.00 23.48
2 124.173 38.37 15.00
3 124.193 30.00 14.87
0 124.229 20.00 39.61
1 124.250 35.00 20.95
4 124.271 60.00 23.57
2 124.274 38.27 15.00
3 124.293 30.00 14.99
0 124.329 20.00 39.55
1 124.350 35.00 21.07
4 124.372 60.00 23.66
2 124.375 38.17 15.00
3 124.394 30.00 15.12
0 124.429 20.00 39.49
1 124.450 35.00 21.19
4 124.472 60.00 23.75
2 124.477 38.08 15.00
3 124.494 30.00 15.25
0 124.529 20.00 39.43
1 124.550 35.00 21.31
4 124.573 60.00 23.84
2 124.578 37.98 15.00
3 124.594 30.00 15.38
0 124.630 20.00 39.37
1 124.650 35.00 21.43
4 124.673 60.00 23.93
2 124.680 37.88 15.00
3 124.694 30.00 15.51
0 124.730 20.00 39.31
1 124.750 35.00 21.55
4 124.774 60.00 24.02
2 124.781 37.79 15.00
3 124.795 30.00 15.63
0 124.830 20.00 39.25
1 124.850 35.00 21.67
4 124.874 60.00 24.11
2 124.882 37.69 15.00
3 124.895 30.00 15.76
0 124.930 20.00 39.19
1 124.950 35.00 21.79
4 124.975 60.00 24.20
2 124.984 37.60 15.00
3 124.995 30.00 15.89
0 125.030 20.00 39.13
1 125.050 35.00 21.90
4 125.075 60.00 24.29
2 125.085 37.50 15.00
3 125.095 30.00 16.02
0 125.130 20.00 39.07
1 125.150 35.00 22.02
4 125.175 60.00 24.38
2 125.187 37.40 15.00
3 125.196 30.00 16.15
0 125.230 20.00 39.01
1 125.250 35.00 22.14
4 125.276 60.00 24.46
2 125.288 37.31 15.00
3 125.296 30.00 16.27
0 125.330 20.00 38.95
1 125.350 35.00 22.26
4 125.376 60.00 24.55
2 125.389 37.21 15.00
3 125.396 30.00 16.40
0 125.430 20.00 38.89
1 125.450 35.00 22.38
4 125.477 60.00 24.64
2 125.491 37.12 15.00
3 125.497 30.00 16.53
0 125.530 20.00 38.82
1 125.550 35.00 22.50
4 125.577 60.00 24.73
2 125.592 37.02 15.00
3 125.597 30.00 16.66
0 125.630 20.00 38.76
1 125.650 35.00 22.62
4 125.678 60.00 24.82
2 125.693 36.92 15.00
3 125.697 30.00 16.79
0 125.730 20.00 38.70
1 125.750 35.00 22.74
4 125.778 60.00 24.91
2 125.795 36.83 15.00
3 125.797 30.00 16.91
0 125.830 20.00 38.64
1 125.850 35.00 22.86
4 125.879 60.00 25.00
2 125.896 36.73 15.00
3 125.898 30.00 17.04
0 125.930 20.00 38.58
1 125.950 35.00 22.98
4 125.979 60.00 25.09
2 125.998 36.63 15.00
3 125.998 30.00 17.17
0 126.030 20.00 38.52
1 126.050 35.00 23.10
4 126.080 60.00 25.18
3 126.098 30.00 17.30
2 126.099 36.54 15.00
0 126.130 20.00 38.46
1 126.150 35.00 23.21
4 126.180 60.00 25.27
3 126.198 30.00 17.43
2 126.200 36.44 15.00
0 126.230 20.00 38.40
1 126.251 35.00 23.33
4 126.281 60.00 25.36
3 126.299 30.00 17.55
2 126.302 36.35 15.00
0 126.330 20.00 38.34
1 126.351 35.00 23.45
4 126.381 60.00 25.45
3 126.399 30.00 17.68
2 126.403 36.25 15.00
0 126.430 20.00 38.28
1 126.451 35.00 23.57
4 126.481 60.00 25.54
3 126.499 30.00 17.81
2 126.505 36.15 15.00
0 126.530 20.00 38.22
1 126.551 35.00 23.69
4 126.582 60.00 25.62
3 126.599 30.00 17.94
2 126.606 36.06 15.00
0 126.630 20.00 38.16
1 126.651 35.00 23.81
4 126.682 60.00 25.71
3 126.700 30.00 18.07
2 126.707 35.96 15.00
0 126.730 20.00 38.10
1 126.751 35.00 23.93
4 126.783 60.00 25.80
3 126.800 30.00 18.19
2 126.809 35.87 15.00
0 126.830 20.00 38.04
1 126.851 35.00 24.05
4 126.883 60.00 25.89
3 126.900 30.00 18.32
2 126.910 35.77 15.00
0 126.930 20.00 37.98
1 126.951 35.00 24.17
4 126.984 60.00 25.98
3 127.000 30.00 18.45
2 127.011 35.67 15.00
0 127.030 20.00 37.92
1 127.051 35.00 24.29
4 127.084 60.00 26.07
3 127.101 30.00 18.58
2 127.113 35.58 15.00
0 127.131 20.00 37.85
1 127.151 35.00 24.40
4 127.185 60.00 26.16
3 127.201 30.00 18.71
2 127.214 35.48 15.00
0 127.231 20.00 37.79
1 127.251 35.00 24.52
4 127.285 60.00 26.25
3 127.301 30.00 18.83
2 127.316 35.38 15.00
0 127.331 20.00 37.73
1 127.351 35.00 24.64
4 127.386 60.00 26.34
3 127.401 30.00 18.96
2 127.417 35.29 15.00
0 127.431 20.00 37.67
1 127.451 35.00 24.76
4 127.486 60.00 26.43
3 127.502 30.00 19.09
2 127.518 35.19 15.00
0 127.531 20.00 37.61
1 127.551 35.00 24.88
4 127.587 60.00 26.52
3 127.602 30.00 19.22
2 127.620 35.10 15.00
0 127.631 20.00 37.55
1 127.651 35.00 25.00
1 127.651 35.00 25.00
4 127.687 60.00 26.61
3 127.702 30.00 19.35
2 127.721 35.00 15.00
2 127.721 35.00 15.00
0 127.731 20.00 37.49
1 127.751 34.88 25.00
4 127.787 60.00 26.70
3 127.802 30.00 19.47
2 127.823 35.00 14.90
0 127.831 20.00 37.43
1 127.851 34.76 25.00
4 127.888 60.00 26.79
3 127.903 30.00 19.60
2 127.924 35.00 14.81
0 127.931 20.00 37.37
1 127.951 34.64 25.00
4 127.988 60.00 26.88
3 128.003 30.00 19.73
2 128.025 35.00 14.71
0 128.031 20.00 37.31
1 128.051 34.52 25.00
4 128.089 60.00 26.96
3 128.103 30.00 19.86
2 128.127 35.00 14.62
0 128.131 20.00 37.25
1 128.151 34.40 25.00
4 128.189 60.00 27.05
3 128.203 30.00 19.99
2 128.228 35.00 14.52
0 128.231 20.00 37.19
1 128.251 34.29 25.00
4 128.290 60.00 27.14
3 128.304 30.00 20.11
2 128.329 35.00 14.42
0 128.331 20.00 37.13
1 128.351 34.17 25.00
4 128.390 60.00 27.23
3 128.404 30.00 20.24
2 128.431 35.00 14.33
0 128.431 20.00 37.07
1 128.451 34.05 25.00
4 128.491 60.00 27.32
3 128.504 30.00 20.37
0 128.531 20.00 37.01
2 128.532 35.00 14.23
1 128.551 33.93 25.00
4 128.591 60.00 27.41
3 128.605 30.00 20.50
0 128.631 20.00 36.95
2 128.634 35.00 14.13
1 128.651 33.81 25.00
4 128.692 60.00 27.50
3 128.705 30.00 20.63
0 128.731 20.00 36.89
2 128.735 35.00 14.04
1 128.752 33.69 25.00
4 128.792 60.00 27.59
3 128.805 30.00 20.75
0 128.831 20.00 36.82
2 128.836 35.00 13.94
1 128.852 33.57 25.00
4 128.893 60.00 27.68
3 128.905 30.00 20.88
0 128.931 20.00 36.76
2 128.938 35.00 13.85
1 128.952 33.45 25.00
4 128.993 60.00 27.77
3 129.006 30.00 21.01
0 129.031 20.00 36.70
2 129.039 35.00 13.75
1 129.052 33.33 25.00
4 129.093 60.00 27.86
3 129.106 30.00 21.14
0 129.131 20.00 36.64
2 129.141 35.00 13.65
1 129.152 33.21 25.00
4 129.194 60.00 27.95
3 129.206 30.00 21.27
0 129.231 20.00 36.58
2 129.242 35.00 13.56
1 129.252 33.10 25.00
4 129.294 60.00 28.04
3 129.306 30.00 21.39
0 129.331 20.00 36.52
2 129.343 35.00 13.46
1 129.352 32.98 25.00
4 129.395 60.00 28.12
3 129.407 30.00 21.52
0 129.431 20.00 36.46
2 129.445 35.00 13.37
1 129.452 32.86 25.00
4 129.495 60.00 28.21
3 129.507 30.00 21.65
0 129.531 20.00 36.40
2 129.546 35.00 13.27
1 129.552 32.74 25.00
4 129.596 60.00 28.30
3 129.607 30.00 21.78
0 129.632 20.00 36.34
2 129.647 35.00 13.17
1 129.652 32.62 25.00
4 129.696 60.00 28.39
3 129.707 30.00 21.91
0 129.732 20.00 36.28
2 129.749 35.00 13.08
1 129.752 32.50 25.00
4 129.797 60.00 28.48
3 129.808 30.00 22.04
0 129.832 20.00 36.22
2 129.850 35.00 12.98
1 129.852 32.38 25.00
4 129.897 60.00 28.57
3 129.908 30.00 22.16
0 129.932 20.00 36.16
2 129.952 35.00 12.88
1 129.952 32.26 25.00
4 129.998 60.00 28.66
3 130.008 30.00 22.29
3 130.008 30.00 22.29
0 130.032 20.00 36.10
1 130.052 32.14 25.00
2 130.053 35.00 12.79
4 130.098 60.00 28.75
3 130.108 30.00 22.37
0 130.132 20.00 36.04
1 130.152 32.02 25.00
2 130.154 35.00 12.69
4 130.198 60.00 28.84
3 130.209 30.00 22.46
0 130.232 20.00 35.98
1 130.252 31.90 25.00
2 130.256 35.00 12.60
4 130.299 60.00 28.93
3 130.309 30.00 22.54
0 130.332 20.00 35.92
1 130.352 31.79 25.00
2 130.357 35.00 12.50
4 130.399 60.00 29.02
3 130.409 30.00 22.62
0 130.432 20.00 35.85
1 130.452 31.67 25.00
2 130.459 35.00 12.40
4 130.500 60.00 29.11
3 130.510 30.00 22.70
0 130.532 20.00 35.79
1 130.552 31.55 25.00
2 130.560 35.00 12.31
4 130.600 60.00 29.20
3 130.610 30.00 22.78
0 130.632 20.00 35.73
1 130.652 31.43 25.00
2 130.661 35.00 12.21
4 130.701 60.00 29.29
3 130.710 30.00 22.87
0 130.732 20.00 35.67
1 130.752 31.31 25.00
2 130.763 35.00 12.12
4 130.801 60.00 29.38
3 130.810 30.00 22.95
0 130.832 20.00 35.61
1 130.852 31.19 25.00
2 130.864 35.00 12.02
4 130.902 60.00 29.46
3 130.911 30.00 23.03
0 130.932 20.00 35.55
1 130.952 31.07 25.00
2 130.965 35.00 11.92
4 131.002 60.00 29.55
3 131.011 30.00 23.11
0 131.032 20.00 35.49
1 131.052 30.95 25.00
2 131.067 35.00 11.83
4 131.103 60.00 29.64
3 131.111 30.00 23.20
0 131.132 20.00 35.43
1 131.152 30.83 25.00
2 131.168 35.00 11.73
4 131.203 60.00 29.73
3 131.211 30.00 23.28
0 131.232 20.00 35.37
1 131.253 30.71 25.00
2 131.270 35.00 11.63
4 131.304 60.00 29.82
3 131.312 30.00 23.36
0 131.332 20.00 35.31
1 131.353 30.60 25.00
2 131.371 35.00 11.54
4 131.404 60.00 29.91
3 131.412 30.00 23.44
0 131.432 20.00 35.25
1 131.453 30.48 25.00
2 131.472 35.00 11.44
4 131.504 60.00 30.00
4 131.504 60.00 30.00
3 131.512 30.00 23.53
0 131.532 20.00 35.19
1 131.553 30.36 25.00
2 131.574 35.00 11.35
4 131.605 59.91 30.00
3 131.613 30.00 23.61
0 131.632 20.00 35.13
1 131.653 30.24 25.00
2 131.675 35.00 11.25
4 131.705 59.82 30.00
3 131.713 30.00 23.69
0 131.732 20.00 35.07
1 131.753 30.12 25.00
2 131.777 35.00 11.15
4 131.806 59.73 30.00
3 131.813 30.00 23.77
0 131.832 20.00 35.01
1 131.853 30.00 25.00
1 131.853 30.00 25.00
2 131.878 35.00 11.06
4 131.906 59.64 30.00
3 131.913 30.00 23.85
0 131.932 20.00 34.95
1 131.953 30.00 24.88
2 131.979 35.00 10.96
4 132.007 59.55 30.00
3 132.014 30.00 23.94
0 132.032 20.00 34.89
1 132.054 30.00 24.76
2 132.081 35.00 10.87
4 132.107 59.46 30.00
3 132.114 30.00 24.02
0 132.133 20.00 34.82
1 132.154 30.00 24.64
2 132.182 35.00 10.77
4 132.208 59.38 30.00
3 132.214 30.00 24.10
0 132.233 20.00 34.76
1 132.254 30.00 24.52
2 132.283 35.00 10.67
4 132.308 59.29 30.00
3 132.315 30.00 24.18
0 132.333 20.00 34.70
1 132.355 30.00 24.40
2 132.385 35.00 10.58
4 132.409 59.20 30.00
3 132.415 30.00 24.27
0 132.433 20.00 34.64
1 132.455 30.00 24.28
2 132.486 35.00 10.48
4 132.509 59.11 30.00
3 132.515 30.00 24.35
0 132.533 20.00 34.58
1 132.555 30.00 24.16
2 132.588 35.00 10.38
4 132.610 59.02 30.00
3 132.615 30.00 24.43
0 132.633 20.00 34.52
1 132.656 30.00 24.04
2 132.689 35.00 10.29
4 132.710 58.93 30.00
3 132.716 30.00 24.51
0 132.733 20.00 34.46
1 132.756 30.00 23.92
1 132.756 30.00 23.92
2 132.790 35.00 10.19
4 132.810 58.84 30.00
3 132.816 30.00 24.60
0 132.833 20.00 34.40
1 132.860 30.00 23.78
2 132.892 35.00 10.10
4 132.911 58.75 30.00
3 132.916 30.00 24.68
0 132.933 20.00 34.34
1 132.963 30.00 23.63
2 132.993 35.00 10.00
2 132.993 35.00 10.00
4 133.011 58.66 30.00
3 133.017 30.00 24.76
0 133.033 20.00 34.28
1 133.066 30.00 23.49
2 133.095 34.90 10.00
4 133.112 58.57 30.00
3 133.117 30.00 24.84
0 133.133 20.00 34.22
1 133.169 30.00 23.34
2 133.196 34.81 10.00
4 133.212 58.48 30.00
3 133.217 30.00 24.92
0 133.233 20.00 34.16
1 133.273 30.00 23.20
2 133.297 34.71 10.00
4 133.313 58.39 30.00
3 133.317 30.00 25.01
0 133.333 20.00 34.10
1 133.376 30.00 23.05
2 133.399 34.62 10.00
4 133.413 58.30 30.00
3 133.418 30.00 25.09
0 133.433 20.00 34.04
1 133.479 30.00 22.91
2 133.500 34.52 10.00
4 133.514 58.21 30.00
3 133.518 30.00 25.17
0 133.533 20.00 33.98
1 133.583 30.00 22.76
2 133.601 34.42 10.00
4 133.614 58.12 30.00
3 133.618 30.00 25.25
0 133.633 20.00 33.92
1 133.686 30.00 22.62
2 133.703 34.33 10.00
4 133.715 58.04 30.00
3 133.719 30.00 25.34
0 133.733 20.00 33.85
1 133.789 30.00 22.47
2 133.804 34.23 10.00
4 133.815 57.95 30.00
3 133.819 30.00 25.42
0 133.833 20.00 33.79
1 133.893 30.00 22.33
2 133.906 34.13 10.00
4 133.916 57.86 30.00
3 133.919 30.00 25.50
0 133.933 20.00 33.73
1 133.996 30.00 22.18
2 134.007 34.04 10.00
4 134.016 57.77 30.00
3 134.019 30.00 25.58
0 134.033 20.00 33.67
1 134.099 30.00 22.04
2 134.108 33.94 10.00
4 134.116 57.68 30.00
3 134.120 30.00 25.67
0 134.133 20.00 33.61
1 134.202 30.00 21.89
2 134.210 33.85 10.00
4 134.217 57.59 30.00
3 134.220 30.00 25.75
0 134.233 20.00 33.55
1 134.306 30.00 21.74
2 134.311 33.75 10.00
4 134.317 57.50 30.00
3 134.320 30.00 25.83
0 134.333 20.00 33.49
1 134.409 30.00 21.60
2 134.413 33.65 10.00
4 134.418 57.41 30.00
3 134.420 30.00 25.91
0 134.433 20.00 33.43
1 134.512 30.00 21.45
2 134.514 33.56 10.00
4 134.518 57.32 30.00
3 134.521 30.00 25.99
0 134.533 20.00 33.37
2 134.615 33.46 10.00
1 134.616 30.00 21.31
4 134.619 57.23 30.00
3 134.621 30.00 26.08
0 134.634 20.00 33.31
2 134.717 33.37 10.00
1 134.719 30.00 21.16
4 134.719 57.14 30.00
3 134.721 30.00 26.16
0 134.734 20.00 33.25
2 134.818 33.27 10.00
4 134.820 57.05 30.00
3 134.822 30.00 26.24
1 134.822 30.00 21.02
0 134.834 20.00 33.19
2 134.919 33.17 10.00
4 134.920 56.96 30.00
3 134.922 30.00 26.32
1 134.926 30.00 20.87
0 134.934 20.00 33.13
4 135.021 56.88 30.00
2 135.021 33.08 10.00
3 135.022 30.00 26.41
1 135.029 30.00 20.73
0 135.034 20.00 33.07
4 135.121 56.79 30.00
2 135.122 32.98 10.00
3 135.122 30.00 26.49
1 135.132 30.00 20.58
0 135.134 20.00 33.01
0 135.134 20.00 33.01
4 135.222 56.70 30.00
3 135.223 30.00 26.57
2 135.224 32.88 10.00
0 135.234 20.00 32.89
1 135.235 30.00 20.44
4 135.322 56.61 30.00
3 135.323 30.00 26.65
2 135.325 32.79 10.00
0 135.334 20.00 32.78
1 135.339 30.00 20.29
4 135.422 56.52 30.00
3 135.423 30.00 26.74
2 135.426 32.69 10.00
0 135.434 20.00 32.67
1 135.442 30.00 20.15
4 135.523 56.43 30.00
3 135.524 30.00 26.82
2 135.528 32.60 10.00
0 135.534 20.00 32.55
1 135.545 30.00 20.00
1 135.545 30.00 20.00
4 135.623 56.34 30.00
3 135.624 30.00 26.90
2 135.629 32.50 10.00
0 135.635 20.00 32.44
1 135.647 30.14 20.00
4 135.724 56.25 30.00
3 135.724 30.00 26.98
2 135.731 32.40 10.00
0 135.735 20.00 32.33
1 135.748 30.29 20.00
4 135.824 56.16 30.00
3 135.824 30.00 27.06
2 135.832 32.31 10.00
0 135.835 20.00 32.21
1 135.850 30.43 20.00
3 135.925 30.00 27.15
4 135.925 56.07 30.00
2 135.933 32.21 10.00
0 135.935 20.00 32.10
1 135.951 30.57 20.00
3 136.025 30.00 27.23
4 136.025 55.98 30.00
2 136.035 32.12 10.00
0 136.035 20.00 31.99
1 136.053 30.71 20.00
3 136.125 30.00 27.31
4 136.126 55.89 30.00
0 136.135 20.00 31.87
2 136.136 32.02 10.00
1 136.154 30.86 20.00
3 136.226 30.00 27.39
4 136.226 55.80 30.00
0 136.236 20.00 31.76
2 136.237 31.92 10.00
1 136.256 31.00 20.00
3 136.326 30.00 27.48
4 136.327 55.71 30.00
0 136.336 20.00 31.65
2 136.339 31.83 10.00
1 136.357 31.14 20.00
3 136.426 30.00 27.56
4 136.427 55.62 30.00
0 136.436 20.00 31.53
2 136.440 31.73 10.00
1 136.459 31.29 20.00
3 136.526 30.00 27.64
4 136.528 55.54 30.00
0 136.536 20.00 31.42
2 136.542 31.63 10.00
1 136.561 31.43 20.00
3 136.627 30.00 27.72
4 136.628 55.45 30.00
0 136.636 20.00 31.31
2 136.643 31.54 10.00
1 136.662 31.57 20.00
3 136.727 30.00 27.81
4 136.728 55.36 30.00
0 136.736 20.00 31.19
2 136.744 31.44 10.00
1 136.764 31.71 20.00
3 136.827 30.00 27.89
4 136.829 55.27 30.00
0 136.836 20.00 31.08
2 136.846 31.35 10.00
1 136.865 31.86 20.00
3 136.927 30.00 27.97
4 136.929 55.18 30.00
0 136.937 20.00 30.97
2 136.947 31.25 10.00
1 136.967 32.00 20.00
3 137.028 30.00 28.05
4 137.030 55.09 30.00
0 137.037 20.00 30.85
2 137.049 31.15 10.00
1 137.068 32.14 20.00
3 137.128 30.00 28.13
4 137.130 55.00 30.00
0 137.137 20.00 30.74
2 137.150 31.06 10.00
1 137.170 32.29 20.00
3 137.228 30.00 28.22
4 137.231 54.91 30.00
0 137.237 20.00 30.63
2 137.251 30.96 10.00
1 137.271 32.43 20.00
3 137.329 30.00 28.30
4 137.331 54.82 30.00
0 137.337 20.00 30.51
2 137.353 30.87 10.00
1 137.373 32.57 20.00
3 137.429 30.00 28.38
4 137.432 54.73 30.00
0 137.437 20.00 30.40
2 137.454 30.77 10.00
1 137.474 32.71 20.00
3 137.529 30.00 28.46
4 137.532 54.64 30.00
0 137.538 20.00 30.29
2 137.555 30.67 10.00
1 137.576 32.86 20.00
3 137.629 30.00 28.55
4 137.633 54.55 30.00
0 137.638 20.00 30.18
2 137.657 30.58 10.00
1 137.677 33.00 20.00
3 137.730 30.00 28.63
4 137.733 54.46 30.00
0 137.738 20.00 30.06
2 137.758 30.48 10.00
1 137.779 33.14 20.00
3 137.830 30.00 28.71
4 137.834 54.38 30.00
0 137.838 20.00 29.95
2 137.860 30.38 10.00
1 137.880 33.29 20.00
3 137.930 30.00 28.79
4 137.934 54.29 30.00
0 137.938 20.00 29.84
2 137.961 30.29 10.00
1 137.982 33.43 20.00
3 138.031 30.00 28.88
4 138.034 54.20 30.00
0 138.038 20.00 29.72
2 138.062 30.19 10.00
1 138.083 33.57 20.00
3 138.131 30.00 28.96
4 138.135 54.11 30.00
0 138.139 20.00 29.61
2 138.164 30.10 10.00
1 138.185 33.71 20.00
3 138.231 30.00 29.04
4 138.235 54.02 30.00
0 138.239 20.00 29.50
2 138.265 30.00 10.00
2 138.265 30.00 10.00
1 138.286 33.86 20.00
3 138.331 30.00 29.12
4 138.336 53.93 30.00
0 138.339 20.00 29.38
2 138.366 30.00 10.10
1 138.388 34.00 20.00
3 138.432 30.00 29.20
4 138.436 53.84 30.00
0 138.439 20.00 29.27
2 138.466 30.00 10.19
1 138.489 34.14 20.00
3 138.532 30.00 29.29
4 138.537 53.75 30.00
0 138.539 20.00 29.16
2 138.566 30.00 10.29
1 138.591 34.29 20.00
3 138.632 30.00 29.37
4 138.637 53.66 30.00
0 138.639 20.00 29.04
2 138.667 30.00 10.38
1 138.692 34.43 20.00
3 138.733 30.00 29.45
4 138.738 53.57 30.00
0 138.740 20.00 28.93
2 138.767 30.00 10.48
1 138.794 34.57 20.00
3 138.833 30.00 29.53
4 138.838 53.48 30.00
0 138.840 20.00 28.82
2 138.868 30.00 10.57
1 138.895 34.71 20.00
3 138.933 30.00 29.62
4 138.939 53.39 30.00
0 138.940 20.00 28.70
2 138.968 30.00 10.67
1 138.997 34.86 20.00
3 139.033 30.00 29.70
4 139.039 53.30 30.00
0 139.040 20.00 28.59
2 139.069 30.00 10.76
1 139.098 35.00 20.00
1 139.098 35.00 20.00
3 139.134 30.00 29.78
4 139.140 53.21 30.00
0 139.140 20.00 28.48
2 139.169 30.00 10.86
1 139.200 35.00 19.86
3 139.234 30.00 29.86
4 139.240 53.12 30.00
0 139.240 20.00 28.36
2 139.269 30.00 10.95
1 139.301 35.00 19.71
3 139.334 30.00 29.95
4 139.340 53.04 30.00
0 139.341 20.00 28.25
2 139.370 30.00 11.05
1 139.403 35.00 19.57
3 139.434 30.00 30.03
0 139.441 20.00 28.14
4 139.441 52.95 30.00
2 139.470 30.00 11.14
1 139.505 35.00 19.43
3 139.535 30.00 30.11
0 139.541 20.00 28.02
4 139.541 52.86 30.00
2 139.571 30.00 11.24
1 139.606 35.00 19.29
3 139.635 30.00 30.19
0 139.641 20.00 27.91
4 139.642 52.77 30.00
2 139.671 30.00 11.33
1 139.708 35.00 19.14
3 139.735 30.00 30.27
0 139.741 20.00 27.80
4 139.742 52.68 30.00
2 139.771 30.00 11.43
1 139.809 35.00 19.00
3 139.836 30.00 30.36
0 139.841 20.00 27.68
4 139.843 52.59 30.00
2 139.872 30.00 11.52
1 139.911 35.00 18.86
3 139.936 30.00 30.44
0 139.942 20.00 27.57
4 139.943 52.50 30.00
2 139.972 30.00 11.62
1 140.012 35.00 18.71
3 140.036 30.00 30.52
0 140.042 20.00 27.46
4 140.044 52.41 30.00
2 140.073 30.00 11.71
1 140.114 35.00 18.57
3 140.136 30.00 30.60
0 140.142 20.00 27.34
4 140.144 52.32 30.00
2 140.173 30.00 11.81
1 140.215 35.00 18.43
3 140.237 30.00 30.69
0 140.242 20.00 27.23
4 140.245 52.23 30.00
2 140.274 30.00 11.90
1 140.317 35.00 18.29
3 140.337 30.00 30.77
0 140.342 20.00 27.12
4 140.345 52.14 30.00
2 140.374 30.00 12.00
1 140.418 35.00 18.14
3 140.437 30.00 30.85
0 140.442 20.00 27.00
4 140.446 52.05 30.00
2 140.474 30.00 12.10
1 140.520 35.00 18.00
3 140.538 30.00 30.93
0 140.542 20.00 26.89
4 140.546 51.96 30.00
2 140.575 30.00 12.19
1 140.621 35.00 17.86
3 140.638 30.00 31.02
0 140.643 20.00 26.78
4 140.646 51.88 30.00
2 140.675 30.00 12.29
1 140.723 35.00 17.71
3 140.738 30.00 31.10
0 140.743 20.00 26.66
4 140.747 51.79 30.00
2 140.776 30.00 12.38
1 140.824 35.00 17.57
3 140.838 30.00 31.18
0 140.843 20.00 26.55
4 140.847 51.70 30.00
2 140.876 30.00 12.48
1 140.926 35.00 17.43
3 140.939 30.00 31.26
0 140.943 20.00 26.44
4 140.948 51.61 30.00
2 140.977 30.00 12.57
1 141.027 35.00 17.29
3 141.039 30.00 31.34
0 141.043 20.00 26.32
4 141.048 51.52 30.00
2 141.077 30.00 12.67
1 141.129 35.00 17.14
3 141.139 30.00 31.43
0 141.143 20.00 26.21
4 141.149 51.43 30.00
2 141.177 30.00 12.76
1 141.230 35.00 17.00
3 141.240 30.00 31.51
0 141.244 20.00 26.10
4 141.249 51.34 30.00
2 141.278 30.00 12.86
1 141.332 35.00 16.86
3 141.340 30.00 31.59
0 141.344 20.00 25.98
4 141.350 51.25 30.00
2 141.378 30.00 12.95
1 141.433 35.00 16.71
3 141.440 30.00 31.67
0 141.444 20.00 25.87
4 141.450 51.16 30.00
2 141.479 30.00 13.05
1 141.535 35.00 16.57
3 141.540 30.00 31.76
0 141.544 20.00 25.76
4 141.551 51.07 30.00
2 141.579 30.00 13.14
1 141.636 35.00 16.43
3 141.641 30.00 31.84
0 141.644 20.00 25.65
4 141.651 50.98 30.00
2 141.679 30.00 13.24
1 141.738 35.00 16.29
3 141.741 30.00 31.92
0 141.744 20.00 25.53
4 141.751 50.89 30.00
2 141.780 30.00 13.33
1 141.839 35.00 16.14
3 141.841 30.00 32.00
0 141.845 20.00 25.42
4 141.852 50.80 30.00
2 141.880 30.00 13.43
1 141.941 35.00 16.00
3 141.941 30.00 32.09
0 141.945 20.00 25.31
4 141.952 50.71 30.00
2 141.981 30.00 13.52
3 142.042 30.00 32.17
1 142.042 35.00 15.86
0 142.045 20.00 25.19
4 142.053 50.62 30.00
2 142.081 30.00 13.62
3 142.142 30.00 32.25
1 142.144 35.00 15.71
0 142.145 20.00 25.08
4 142.153 50.54 30.00
2 142.182 30.00 13.71
3 142.242 30.00 32.33
0 142.245 20.00 24.97
1 142.245 35.00 15.57
4 142.254 50.45 30.00
2 142.282 30.00 13.81
3 142.343 30.00 32.41
0 142.345 20.00 24.85
1 142.347 35.00 15.43
4 142.354 50.36 30.00
2 142.382 30.00 13.90
3 142.443 30.00 32.50
0 142.446 20.00 24.74
1 142.449 35.00 15.29
4 142.455 50.27 30.00
2 142.483 30.00 14.00
3 142.543 30.00 32.58
0 142.546 20.00 24.63
1 142.550 35.00 15.14
4 142.555 50.18 30.00
2 142.583 30.00 14.10
3 142.643 30.00 32.66
0 142.646 20.00 24.51
1 142.652 35.00 15.00
1 142.652 35.00 15.00
4 142.656 50.09 30.00
2 142.684 30.00 14.19
3 142.744 30.00 32.74
0 142.746 20.00 24.40
1 142.752 35.14 15.00
4 142.756 50.00 30.00
4 142.756 50.00 30.00
2 142.784 30.00 14.29
3 142.844 30.00 32.83
0 142.846 20.00 24.29
1 142.852 35.28 15.00
4 142.857 50.00 30.09
2 142.884 30.00 14.38
3 142.944 30.00 32.91
0 142.946 20.00 24.17
1 142.952 35.42 15.00
4 142.957 50.00 30.18
2 142.985 30.00 14.48
3 143.045 30.00 32.99
0 143.047 20.00 24.06
1 143.052 35.56 15.00
4 143.057 50.00 30.27
2 143.085 30.00 14.57
3 143.145 30.00 33.07
0 143.147 20.00 23.95
1 143.152 35.70 15.00
4 143.158 50.00 30.36
2 143.186 30.00 14.67
3 143.245 30.00 33.16
0 143.247 20.00 23.83
1 143.252 35.85 15.00
4 143.258 50.00 30.45
2 143.286 30.00 14.76
3 143.345 30.00 33.24
0 143.347 20.00 23.72
1 143.352 35.99 15.00
4 143.359 50.00 30.54
2 143.387 30.00 14.86
3 143.446 30.00 33.32
0 143.447 20.00 23.61
1 143.452 36.13 15.00
4 143.459 50.00 30.62
2 143.487 30.00 14.95
3 143.546 30.00 33.40
0 143.547 20.00 23.49
1 143.552 36.27 15.00
4 143.560 50.00 30.71
2 143.587 30.00 15.05
3 143.646 30.00 33.48
0 143.647 20.00 23.38
1 143.652 36.41 15.00
4 143.660 50.00 30.80
2 143.688 30.00 15.14
3 143.747 30.00 33.57
0 143.748 20.00 23.27
1 143.753 36.55 15.00
4 143.761 50.00 30.89
2 143.788 30.00 15.24
3 143.847 30.00 33.65
0 143.848 20.00 23.15
1 143.853 36.69 15.00
4 143.861 50.00 30.98
2 143.889 30.00 15.33
3 143.947 30.00 33.73
0 143.948 20.00 23.04
1 143.953 36.83 15.00
4 143.962 50.00 31.07
2 143.989 30.00 15.43
3 144.047 30.00 33.81
0 144.048 20.00 22.93
1 144.053 36.97 15.00
4 144.062 50.00 31.16
2 144.090 30.00 15.52
3 144.148 30.00 33.90
0 144.148 20.00 22.81
1 144.153 37.11 15.00
4 144.163 50.00 31.25
2 144.190 30.00 15.62
3 144.248 30.00 33.98
0 144.248 20.00 22.70
1 144.253 37.25 15.00
4 144.263 50.00 31.34
2 144.290 30.00 15.71
3 144.348 30.00 34.06
0 144.349 20.00 22.59
1 144.353 37.39 15.00
4 144.363 50.00 31.43
2 144.391 30.00 15.81
3 144.449 30.00 34.14
0 144.449 20.00 22.47
1 144.453 37.54 15.00
4 144.464 50.00 31.52
2 144.491 30.00 15.90
3 144.549 30.00 34.23
0 144.549 20.00 22.36
1 144.553 37.68 15.00
4 144.564 50.00 31.61
2 144.592 30.00 16.00
3 144.649 30.00 34.31
0 144.649 20.00 22.25
1 144.653 37.82 15.00
4 144.665 50.00 31.70
2 144.692 30.00 16.10
0 144.749 20.00 22.13
3 144.749 30.00 34.39
1 144.753 37.96 15.00
4 144.765 50.00 31.79
2 144.792 30.00 16.19
0 144.849 20.00 22.02
3 144.850 30.00 34.47
1 144.853 38.10 15.00
4 144.866 50.00 31.88
2 144.893 30.00 16.29
0 144.950 20.00 21.91
3 144.950 30.00 34.55
1 144.954 38.24 15.00
4 144.966 50.00 31.96
2 144.993 30.00 16.38
0 145.050 20.00 21.79
3 145.050 30.00 34.64
1 145.054 38.38 15.00
4 145.067 50.00 32.05
2 145.094 30.00 16.48
0 145.150 20.00 21.68
3 145.150 30.00 34.72
1 145.154 38.52 15.00
4 145.167 50.00 32.14
2 145.194 30.00 16.57
0 145.250 20.00 21.57
3 145.251 30.00 34.80
1 145.254 38.66 15.00
4 145.268 50.00 32.23
2 145.295 30.00 16.67
0 145.350 20.00 21.46
3 145.351 30.00 34.88
1 145.354 38.80 15.00
4 145.368 50.00 32.32
2 145.395 30.00 16.76
0 145.450 20.00 21.34
3 145.451 30.00 34.97
1 145.454 38.94 15.00
4 145.469 50.00 32.41
2 145.495 30.00 16.86
0 145.551 20.00 21.23
3 145.552 30.00 35.05
1 145.554 39.08 15.00
4 145.569 50.00 32.50
2 145.596 30.00 16.95
0 145.651 20.00 21.12
3 145.652 30.00 35.13
1 145.654 39.23 15.00
4 145.669 50.00 32.59
2 145.696 30.00 17.05
0 145.751 20.00 21.00
3 145.752 30.00 35.21
1 145.754 39.37 15.00
4 145.770 50.00 32.68
2 145.797 30.00 17.14
0 145.851 20.00 20.89
3 145.852 30.00 35.30
1 145.854 39.51 15.00
4 145.870 50.00 32.77
2 145.897 30.00 17.24
0 145.951 20.00 20.78
3 145.953 30.00 35.38
1 145.954 39.65 15.00
4 145.971 50.00 32.86
2 145.997 30.00 17.33
0 146.051 20.00 20.66
3 146.053 30.00 35.46
1 146.055 39.79 15.00
4 146.071 50.00 32.95
2 146.098 30.00 17.43
0 146.152 20.00 20.55
3 146.153 30.00 35.54
1 146.155 39.93 15.00
4 146.172 50.00 33.04
2 146.198 30.00 17.52
0 146.252 20.00 20.44
3 146.254 30.00 35.62
1 146.255 40.07 15.00
4 146.272 50.00 33.12
2 146.299 30.00 17.62
0 146.352 20.00 20.32
3 146.354 30.00 35.71
1 146.355 40.21 15.00
4 146.373 50.00 33.21
2 146.399 30.00 17.71
0 146.452 20.00 20.21
3 146.454 30.00 35.79
1 146.455 40.35 15.00
4 146.473 50.00 33.30
2 146.500 30.00 17.81
0 146.552 20.00 20.10
3 146.554 30.00 35.87
1 146.555 40.49 15.00
4 146.574 50.00 33.39
2 146.600 30.00 17.90
0 146.652 20.00 19.98
3 146.655 30.00 35.95
1 146.655 40.63 15.00
4 146.674 50.00 33.48
2 146.700 30.00 18.00
0 146.753 20.00 19.87
3 146.755 30.00 36.04
1 146.755 40.77 15.00
4 146.775 50.00 33.57
2 146.801 30.00 18.10
0 146.853 20.00 19.76
1 146.855 40.92 15.00
3 146.855 30.00 36.12
4 146.875 50.00 33.66
2 146.901 30.00 18.19
0 146.953 20.00 19.64
1 146.955 41.06 15.00
3 146.956 30.00 36.20
4 146.975 50.00 33.75
2 147.002 30.00 18.29
0 147.053 20.00 19.53
1 147.055 41.20 15.00
3 147.056 30.00 36.28
4 147.076 50.00 33.84
2 147.102 30.00 18.38
0 147.153 20.00 19.42
1 147.155 41.34 15.00
3 147.156 30.00 36.37
4 147.176 50.00 33.93
2 147.203 30.00 18.48
0 147.253 20.00 19.30
1 147.256 41.48 15.00
3 147.256 30.00 36.45
4 147.277 50.00 34.02
2 147.303 30.00 18.57
0 147.353 20.00 19.19
1 147.356 41.62 15.00
3 147.357 30.00 36.53
4 147.377 50.00 34.11
2 147.403 30.00 18.67
0 147.454 20.00 19.08
1 147.456 41.76 15.00
3 147.457 30.00 36.61
4 147.478 50.00 34.20
2 147.504 30.00 18.76
0 147.554 20.00 18.96
1 147.556 41.90 15.00
3 147.557 30.00 36.69
4 147.578 50.00 34.29
2 147.604 30.00 18.86
0 147.654 20.00 18.85
1 147.656 42.04 15.00
3 147.657 30.00 36.78
4 147.679 50.00 34.38
2 147.705 30.00 18.95
0 147.754 20.00 18.74
1 147.756 42.18 15.00
3 147.758 30.00 36.86
4 147.779 50.00 34.46
2 147.805 30.00 19.05
0 147.854 20.00 18.62
1 147.856 42.32 15.00
3 147.858 30.00 36.94
4 147.880 50.00 34.55
2 147.905 30.00 19.14
0 147.954 20.00 18.51
1 147.956 42.46 15.00
3 147.958 30.00 37.02
4 147.980 50.00 34.64
2 148.006 30.00 19.24
0 148.055 20.00 18.40
1 148.056 42.61 15.00
3 148.059 30.00 37.11
4 148.081 50.00 34.73
2 148.106 30.00 19.33
0 148.155 20.00 18.28
1 148.156 42.75 15.00
3 148.159 30.00 37.19
4 148.181 50.00 34.82
2 148.207 30.00 19.43
0 148.255 20.00 18.17
1 148.256 42.89 15.00
3 148.259 30.00 37.27
4 148.281 50.00 34.91
2 148.307 30.00 19.52
0 148.355 20.00 18.06
1 148.357 43.03 15.00
3 148.359 30.00 37.35
4 148.382 50.00 35.00
2 148.408 30.00 19.62
0 148.455 20.00 17.94
1 148.457 43.17 15.00
3 148.460 30.00 37.44
4 148.482 50.00 35.09
2 148.508 30.00 19.71
0 148.555 20.00 17.83
1 148.557 43.31 15.00
3 148.560 30.00 37.52
4 148.583 50.00 35.18
2 148.608 30.00 19.81
0 148.656 20.00 17.72
1 148.657 43.45 15.00
3 148.660 30.00 37.60
4 148.683 50.00 35.27
2 148.709 30.00 19.90
0 148.756 20.00 17.60
1 148.757 43.59 15.00
3 148.761 30.00 37.68
4 148.784 50.00 35.36
2 148.809 30.00 20.00
2 148.809 30.00 20.00
0 148.856 20.00 17.49
1 148.857 43.73 15.00
3 148.861 30.00 37.76
4 148.884 50.00 35.45
2 148.912 29.90 20.00
0 148.956 20.00 17.38
1 148.957 43.87 15.00
3 148.961 30.00 37.85
4 148.985 50.00 35.54
2 149.015 29.80 20.00
0 149.056 20.00 17.26
1 149.057 44.01 15.00
3 149.061 30.00 37.93
4 149.085 50.00 35.62
2 149.118 29.71 20.00
0 149.156 20.00 17.15
1 149.157 44.15 15.00
3 149.162 30.00 38.01
4 149.186 50.00 35.71
2 149.221 29.61 20.00
0 149.257 20.00 17.04
1 149.257 44.30 15.00
3 149.262 30.00 38.09
4 149.286 50.00 35.80
2 149.324 29.51 20.00
0 149.357 20.00 16.93
1 149.357 44.44 15.00
3 149.362 30.00 38.18
4 149.387 50.00 35.89
2 149.427 29.41 20.00
0 149.457 20.00 16.81
1 149.457 44.58 15.00
3 149.463 30.00 38.26
4 149.487 50.00 35.98
2 149.530 29.32 20.00
0 149.557 20.00 16.70
1 149.558 44.72 15.00
3 149.563 30.00 38.34
4 149.587 50.00 36.07
2 149.633 29.22 20.00
0 149.657 20.00 16.59
1 149.658 44.86 15.00
3 149.663 30.00 38.42
4 149.688 50.00 36.16
2 149.736 29.12 20.00
0 149.757 20.00 16.47
1 149.758 45.00 15.00
1 149.758 45.00 15.00
3 149.763 30.00 38.51
4 149.788 50.00 36.25
2 149.839 29.02 20.00
0 149.858 20.00 16.36
3 149.864 30.00 38.59
1 149.867 45.00 14.85
4 149.889 50.00 36.34
2 149.942 28.93 20.00
0 149.958 20.00 16.25
3 149.964 30.00 38.67
1 149.976 45.00 14.69
4 149.989 50.00 36.43
2 150.045 28.83 20.00
0 150.058 20.00 16.13
3 150.064 30.00 38.75
1 150.085 45.00 14.54
4 150.090 50.00 36.52
2 150.148 28.73 20.00
0 150.158 20.00 16.02
3 150.164 30.00 38.83
4 150.190 50.00 36.61
1 150.194 45.00 14.39
2 150.251 28.63 20.00
0 150.258 20.00 15.91
3 150.265 30.00 38.92
4 150.291 50.00 36.70
1 150.304 45.00 14.23
2 150.354 28.54 20.00
0 150.358 20.00 15.79
3 150.365 30.00 39.00
4 150.391 50.00 36.79
1 150.413 45.00 14.08
2 150.457 28.44 20.00
0 150.459 20.00 15.68
3 150.465 30.00 39.08
4 150.492 50.00 36.88
1 150.522 45.00 13.92
1 150.522 45.00 13.92
0 150.559 20.00 15.57
2 150.559 28.34 20.00
3 150.566 30.00 39.16
4 150.592 50.00 36.96
1 150.623 45.00 13.84
0 150.659 20.00 15.45
2 150.662 28.24 20.00
3 150.666 30.00 39.25
4 150.693 50.00 37.05
1 150.725 45.00 13.75
0 150.759 20.00 15.34
2 150.765 28.14 20.00
3 150.766 30.00 39.33
4 150.793 50.00 37.14
1 150.826 45.00 13.67
0 150.859 20.00 15.23
3 150.866 30.00 39.41
2 150.868 28.05 20.00
4 150.893 50.00 37.23
1 150.927 45.00 13.58
0 150.959 20.00 15.11
3 150.967 30.00 39.49
2 150.971 27.95 20.00
4 150.994 50.00 37.32
1 151.029 45.00 13.50
0 151.059 20.00 15.00
0 151.059 20.00 15.00
3 151.067 30.00 39.58
2 151.074 27.85 20.00
4 151.094 50.00 37.41
1 151.130 45.00 13.41
0 151.161 20.11 15.00
3 151.167 30.00 39.66
2 151.177 27.75 20.00
4 151.195 50.00 37.50
1 151.232 45.00 13.33
0 151.262 20.23 15.00
3 151.268 30.00 39.74
2 151.280 27.66 20.00
4 151.295 50.00 37.59
1 151.333 45.00 13.24
0 151.364 20.34 15.00
3 151.368 30.00 39.82
2 151.383 27.56 20.00
4 151.396 50.00 37.68
1 151.434 45.00 13.16
0 151.465 20.46 15.00
3 151.468 30.00 39.90
2 151.486 27.46 20.00
4 151.496 50.00 37.77
1 151.536 45.00 13.07
0 151.566 20.57 15.00
3 151.568 30.00 39.99
2 151.589 27.36 20.00
4 151.597 50.00 37.86
1 151.637 45.00 12.99
0 151.668 20.69 15.00
3 151.669 30.00 40.07
2 151.692 27.27 20.00
4 151.697 50.00 37.95
1 151.739 45.00 12.90
3 151.769 30.00 40.15
0 151.769 20.80 15.00
2 151.795 27.17 20.00
4 151.798 50.00 38.04
1 151.840 45.00 12.82
3 151.869 30.00 40.23
0 151.871 20.92 15.00
2 151.898 27.07 20.00
4 151.898 50.00 38.12
1 151.941 45.00 12.73
3 151.970 30.00 40.32
0 151.972 21.03 15.00
4 151.998 50.00 38.21
2 152.001 26.97 20.00
1 152.043 45.00 12.64
3 152.070 30.00 40.40
0 152.074 21.15 15.00
4 152.099 50.00 38.30
2 152.104 26.88 20.00
1 152.144 45.00 12.56
3 152.170 30.00 40.48
0 152.175 21.26 15.00
4 152.199 50.00 38.39
2 152.207 26.78 20.00
2 152.207 26.78 20.00
1 152.246 45.00 12.47
3 152.270 30.00 40.56
0 152.276 21.38 15.00
4 152.300 50.00 38.48
2 152.308 26.65 20.00
1 152.347 45.00 12.39
3 152.371 30.00 40.65
0 152.378 21.49 15.00
4 152.400 50.00 38.57
2 152.410 26.52 20.00
1 152.448 45.00 12.30
3 152.471 30.00 40.73
0 152.479 21.61 15.00
4 152.501 50.00 38.66
2 152.511 26.39 20.00
1 152.550 45.00 12.22
3 152.571 30.00 40.81
0 152.581 21.72 15.00
4 152.601 50.00 38.75
2 152.613 26.26 20.00
1 152.651 45.00 12.13
3 152.671 30.00 40.89
0 152.682 21.83 15.00
4 152.702 50.00 38.84
2 152.714 26.13 20.00
1 152.753 45.00 12.05
3 152.772 30.00 40.97
0 152.783 21.95 15.00
4 152.802 50.00 38.93
2 152.816 26.00 20.00
1 152.854 45.00 11.96
3 152.872 30.00 41.06
0 152.885 22.06 15.00
4 152.903 50.00 39.02
2 152.917 25.87 20.00
1 152.955 45.00 11.88
3 152.972 30.00 41.14
0 152.986 22.18 15.00
4 153.003 50.00 39.11
2 153.019 25.74 20.00
1 153.057 45.00 11.79
3 153.073 30.00 41.22
0 153.088 22.29 15.00
4 153.104 50.00 39.20
2 153.120 25.60 20.00
1 153.158 45.00 11.71
3 153.173 30.00 41.30
0 153.189 22.41 15.00
4 153.204 50.00 39.29
2 153.222 25.47 20.00
1 153.260 45.00 11.62
3 153.273 30.00 41.39
0 153.290 22.52 15.00
4 153.304 50.00 39.38
2 153.323 25.34 20.00
1 153.361 45.00 11.54
3 153.373 30.00 41.47
0 153.392 22.64 15.00
4 153.405 50.00 39.46
2 153.425 25.21 20.00
1 153.462 45.00 11.45
3 153.474 30.00 41.55
0 153.493 22.75 15.00
4 153.505 50.00 39.55
2 153.526 25.08 20.00
1 153.564 45.00 11.37
3 153.574 30.00 41.63
0 153.595 22.87 15.00
4 153.606 50.00 39.64
2 153.628 24.95 20.00
1 153.665 45.00 11.28
3 153.674 30.00 41.71
0 153.696 22.98 15.00
4 153.706 50.00 39.73
2 153.729 24.82 20.00
1 153.767 45.00 11.19
3 153.775 30.00 41.80
0 153.797 23.10 15.00
4 153.807 50.00 39.82
2 153.831 24.69 20.00
1 153.868 45.00 11.11
3 153.875 30.00 41.88
0 153.899 23.21 15.00
4 153.907 50.00 39.91
2 153.932 24.56 20.00
1 153.969 45.00 11.02
3 153.975 30.00 41.96
0 154.000 23.32 15.00
4 154.008 50.00 40.00
4 154.008 50.00 40.00
2 154.034 24.43 20.00
1 154.071 45.00 10.94
3 154.075 30.00 42.04
0 154.102 23.44 15.00
4 154.108 50.09 40.00
2 154.135 24.30 20.00
1 154.172 45.00 10.85
3 154.176 30.00 42.13
0 154.203 23.55 15.00
4 154.209 50.18 40.00
2 154.237 24.17 20.00
1 154.274 45.00 10.77
3 154.276 30.00 42.21
0 154.304 23.67 15.00
4 154.309 50.27 40.00
2 154.338 24.04 20.00
1 154.375 45.00 10.68
3 154.376 30.00 42.29
3 154.376 30.00 42.29
0 154.406 23.78 15.00
4 154.410 50.36 40.00
2 154.440 23.91 20.00
1 154.476 45.00 10.60
3 154.477 30.00 42.38
0 154.507 23.90 15.00
4 154.510 50.45 40.00
2 154.542 23.78 20.00
3 154.578 30.00 42.47
1 154.578 45.00 10.51
0 154.609 24.01 15.00
4 154.610 50.54 40.00
2 154.643 23.65 20.00
3 154.678 30.00 42.56
1 154.679 45.00 10.43
0 154.710 24.13 15.00
4 154.711 50.62 40.00
2 154.745 23.52 20.00
3 154.779 30.00 42.65
1 154.781 45.00 10.34
4 154.811 50.71 40.00
0 154.811 24.24 15.00
2 154.846 23.39 20.00
3 154.880 30.00 42.73
1 154.882 45.00 10.26
4 154.912 50.80 40.00
0 154.913 24.36 15.00
2 154.948 23.26 20.00
3 154.981 30.00 42.82
1 154.983 45.00 10.17
4 155.012 50.89 40.00
0 155.014 24.47 15.00
2 155.049 23.13 20.00
3 155.081 30.00 42.91
1 155.085 45.00 10.09
4 155.113 50.98 40.00
0 155.116 24.59 15.00
2 155.151 23.00 20.00
3 155.182 30.00 43.00
1 155.186 45.00 10.00
1 155.186 45.00 10.00
4 155.213 51.07 40.00
0 155.217 24.70 15.00
2 155.252 22.87 20.00
3 155.283 30.00 43.09
1 155.287 45.08 10.00
4 155.314 51.16 40.00
0 155.318 24.82 15.00
2 155.354 22.74 20.00
3 155.384 30.00 43.18
1 155.388 45.17 10.00
4 155.414 51.25 40.00
0 155.420 24.93 15.00
2 155.455 22.61 20.00
3 155.484 30.00 43.27
1 155.488 45.25 10.00
4 155.515 51.34 40.00
0 155.521 25.04 15.00
2 155.557 22.48 20.00
3 155.585 30.00 43.35
1 155.589 45.34 10.00
4 155.615 51.43 40.00
0 155.623 25.16 15.00
2 155.658 22.35 20.00
3 155.686 30.00 43.44
1 155.690 45.42 10.00
4 155.716 51.52 40.00
0 155.724 25.27 15.00
2 155.760 22.22 20.00
3 155.787 30.00 43.53
1 155.790 45.51 10.00
4 155.816 51.61 40.00
0 155.825 25.39 15.00
2 155.861 22.09 20.00
3 155.887 30.00 43.62
1 155.891 45.59 10.00
4 155.916 51.70 40.00
0 155.927 25.50 15.00
2 155.963 21.96 20.00
3 155.988 30.00 43.71
1 155.992 45.68 10.00
4 156.017 51.79 40.00
0 156.028 25.62 15.00
2 156.064 21.82 20.00
3 156.089 30.00 43.80
1 156.093 45.76 10.00
4 156.117 51.88 40.00
0 156.130 25.73 15.00
2 156.166 21.69 20.00
3 156.189 30.00 43.89
1 156.193 45.85 10.00
4 156.218 51.96 40.00
0 156.231 25.85 15.00
2 156.267 21.56 20.00
3 156.290 30.00 43.97
1 156.294 45.93 10.00
4 156.318 52.05 40.00
0 156.332 25.96 15.00
2 156.369 21.43 20.00
3 156.391 30.00 44.06
1 156.395 46.02 10.00
4 156.419 52.14 40.00
0 156.434 26.08 15.00
2 156.470 21.30 20.00
3 156.492 30.00 44.15
1 156.495 46.10 10.00
4 156.519 52.23 40.00
0 156.535 26.19 15.00
2 156.572 21.17 20.00
3 156.592 30.00 44.24
1 156.596 46.19 10.00
4 156.620 52.32 40.00
0 156.637 26.31 15.00
2 156.673 21.04 20.00
3 156.693 30.00 44.33
1 156.697 46.27 10.00
4 156.720 52.41 40.00
0 156.738 26.42 15.00
2 156.775 20.91 20.00
3 156.794 30.00 44.42
1 156.798 46.36 10.00
4 156.821 52.50 40.00
0 156.839 26.54 15.00
2 156.876 20.78 20.00
3 156.895 30.00 44.51
1 156.898 46.44 10.00
4 156.921 52.59 40.00
0 156.941 26.65 15.00
2 156.978 20.65 20.00
3 156.995 30.00 44.59
1 156.999 46.53 10.00
4 157.022 52.68 40.00
0 157.042 26.76 15.00
2 157.079 20.52 20.00
3 157.096 30.00 44.68
1 157.100 46.61 10.00
4 157.122 52.77 40.00
0 157.144 26.88 15.00
2 157.181 20.39 20.00
3 157.197 30.00 44.77
1 157.200 46.69 10.00
4 157.222 52.86 40.00
0 157.245 26.99 15.00
0 157.245 26.99 15.00
2 157.282 20.26 20.00
3 157.297 30.00 44.86
1 157.301 46.78 10.00
4 157.323 52.95 40.00
0 157.346 27.08 15.00
2 157.384 20.13 20.00
3 157.398 30.00 44.95
1 157.402 46.86 10.00
4 157.423 53.04 40.00
0 157.446 27.17 15.00
2 157.485 20.00 20.00
2 157.485 20.00 20.00
3 157.499 30.00 45.04
1 157.503 46.95 10.00
4 157.524 53.12 40.00
0 157.547 27.25 15.00
2 157.588 20.00 20.13
3 157.600 30.00 45.13
1 157.603 47.03 10.00
4 157.624 53.21 40.00
0 157.648 27.34 15.00
2 157.690 20.00 20.26
3 157.700 30.00 45.22
1 157.704 47.12 10.00
4 157.725 53.30 40.00
0 157.748 27.42 15.00
2 157.793 20.00 20.39
3 157.801 30.00 45.30
1 157.805 47.20 10.00
4 157.825 53.39 40.00
0 157.849 27.51 15.00
2 157.895 20.00 20.53
3 157.902 30.00 45.39
1 157.905 47.29 10.00
4 157.926 53.48 40.00
0 157.950 27.59 15.00
2 157.998 20.00 20.66
3 158.003 30.00 45.48
1 158.006 47.37 10.00
4 158.026 53.57 40.00
0 158.050 27.68 15.00
2 158.100 20.00 20.79
3 158.103 30.00 45.57
1 158.107 47.46 10.00
4 158.127 53.66 40.00
0 158.151 27.77 15.00
2 158.203 20.00 20.92
3 158.204 30.00 45.66
1 158.208 47.54 10.00
4 158.227 53.75 40.00
0 158.252 27.85 15.00
3 158.305 30.00 45.75
2 158.305 20.00 21.05
1 158.308 47.63 10.00
4 158.328 53.84 40.00
0 158.352 27.94 15.00
3 158.406 30.00 45.84
2 158.408 20.00 21.18
1 158.409 47.71 10.00
4 158.428 53.93 40.00
0 158.453 28.02 15.00
3 158.506 30.00 45.92
1 158.510 47.80 10.00
2 158.510 20.00 21.32
4 158.528 54.02 40.00
0 158.554 28.11 15.00
3 158.607 30.00 46.01
1 158.610 47.88 10.00
2 158.613 20.00 21.45
4 158.629 54.11 40.00
0 158.654 28.20 15.00
3 158.708 30.00 46.10
1 158.711 47.97 10.00
2 158.715 20.00 21.58
4 158.729 54.20 40.00
0 158.755 28.28 15.00
3 158.808 30.00 46.19
1 158.812 48.05 10.00
2 158.817 20.00 21.71
4 158.830 54.29 40.00
0 158.856 28.37 15.00
3 158.909 30.00 46.28
1 158.913 48.14 10.00
2 158.920 20.00 21.84
4 158.930 54.38 40.00
0 158.956 28.45 15.00
3 159.010 30.00 46.37
1 159.013 48.22 10.00
2 159.022 20.00 21.97
4 159.031 54.46 40.00
0 159.057 28.54 15.00
3 159.111 30.00 46.46
1 159.114 48.31 10.00
2 159.125 20.00 22.11
4 159.131 54.55 40.00
0 159.158 28.63 15.00
3 159.211 30.00 46.54
1 159.215 48.39 10.00
2 159.227 20.00 22.24
4 159.232 54.64 40.00
0 159.258 28.71 15.00
3 159.312 30.00 46.63
1 159.315 48.47 10.00
2 159.330 20.00 22.37
4 159.332 54.73 40.00
0 159.359 28.80 15.00
3 159.413 30.00 46.72
1 159.416 48.56 10.00
2 159.432 20.00 22.50
4 159.433 54.82 40.00
0 159.460 28.88 15.00
3 159.514 30.00 46.81
1 159.517 48.64 10.00
4 159.533 54.91 40.00
2 159.535 20.00 22.63
0 159.560 28.97 15.00
3 159.614 30.00 46.90
1 159.618 48.73 10.00
4 159.634 55.00 40.00
4 159.634 55.00 40.00
2 159.637 20.00 22.76
0 159.661 29.06 15.00
3 159.715 30.00 46.99
1 159.718 48.81 10.00
4 159.734 55.00 40.09
2 159.740 20.00 22.89
0 159.762 29.14 15.00
3 159.816 30.00 47.08
1 159.819 48.90 10.00
4 159.834 55.00 40.18
2 159.842 20.00 23.03
0 159.862 29.23 15.00
3 159.917 30.00 47.16
1 159.920 48.98 10.00
4 159.935 55.00 40.27
2 159.945 20.00 23.16
0 159.963 29.31 15.00
3 160.017 30.00 47.25
1 160.020 49.07 10.00
4 160.035 55.00 40.36
2 160.047 20.00 23.29
0 160.064 29.40 15.00
3 160.118 30.00 47.34
1 160.121 49.15 10.00
4 160.136 55.00 40.45
2 160.150 20.00 23.42
0 160.164 29.48 15.00
3 160.219 30.00 47.43
1 160.222 49.24 10.00
4 160.236 55.00 40.54
2 160.252 20.00 23.55
0 160.265 29.57 15.00
3 160.319 30.00 47.52
1 160.323 49.32 10.00
4 160.337 55.00 40.62
2 160.355 20.00 23.68
0 160.366 29.66 15.00
3 160.420 30.00 47.61
1 160.423 49.41 10.00
4 160.437 55.00 40.71
2 160.457 20.00 23.82
0 160.466 29.74 15.00
3 160.521 30.00 47.70
1 160.524 49.49 10.00
4 160.538 55.00 40.80
2 160.560 20.00 23.95
0 160.567 29.83 15.00
3 160.622 30.00 47.78
1 160.625 49.58 10.00
4 160.638 55.00 40.89
2 160.662 20.00 24.08
0 160.668 29.91 15.00
3 160.722 30.00 47.87
1 160.725 49.66 10.00
4 160.739 55.00 40.98
2 160.764 20.00 24.21
0 160.768 30.00 15.00
0 160.768 30.00 15.00
3 160.823 30.00 47.96
1 160.826 49.75 10.00
4 160.839 55.00 41.07
2 160.867 20.00 24.34
0 160.869 30.00 14.91
3 160.924 30.00 48.05
1 160.927 49.83 10.00
4 160.940 55.00 41.16
2 160.969 20.00 24.47
0 160.970 30.00 14.83
3 161.025 30.00 48.14
1 161.028 49.92 10.00
4 161.040 55.00 41.25
0 161.071 30.00 14.74
2 161.072 20.00 24.61
3 161.125 30.00 48.23
1 161.128 50.00 10.00
1 161.128 50.00 10.00
4 161.140 55.00 41.34
0 161.172 30.00 14.66
2 161.174 20.00 24.74
3 161.226 30.00 48.32
1 161.229 50.00 10.08
4 161.241 55.00 41.43
0 161.273 30.00 14.57
2 161.277 20.00 24.87
3 161.327 30.00 48.41
1 161.330 50.00 10.17
4 161.341 55.00 41.52
0 161.374 30.00 14.48
2 161.379 20.00 25.00
2 161.379 20.00 25.00
3 161.427 30.00 48.49
1 161.430 50.00 10.25
4 161.442 55.00 41.61
0 161.475 30.00 14.40
2 161.480 20.13 25.00
3 161.528 30.00 48.58
1 161.531 50.00 10.34
4 161.542 55.00 41.70
0 161.576 30.00 14.31
2 161.581 20.26 25.00
3 161.629 30.00 48.67
1 161.632 50.00 10.42
4 161.643 55.00 41.79
0 161.677 30.00 14.22
2 161.682 20.39 25.00
3 161.730 30.00 48.76
1 161.733 50.00 10.51
4 161.743 55.00 41.88
0 161.778 30.00 14.14
2 161.783 20.52 25.00
3 161.830 30.00 48.85
1 161.833 50.00 10.59
4 161.844 55.00 41.96
0 161.880 30.00 14.05
2 161.884 20.65 25.00
3 161.931 30.00 48.94
1 161.934 50.00 10.68
4 161.944 55.00 42.05
0 161.981 30.00 13.97
2 161.985 20.78 25.00
3 162.032 30.00 49.03
1 162.035 50.00 10.76
4 162.045 55.00 42.14
0 162.082 30.00 13.88
2 162.086 20.91 25.00
3 162.133 30.00 49.11
1 162.135 50.00 10.85
4 162.145 55.00 42.23
0 162.183 30.00 13.79
2 162.187 21.04 25.00
3 162.233 30.00 49.20
1 162.236 50.00 10.93
4 162.246 55.00 42.32
0 162.284 30.00 13.71
2 162.288 21.17 25.00
3 162.334 30.00 49.29
1 162.337 50.00 11.02
4 162.346 55.00 42.41
0 162.385 30.00 13.62
2 162.389 21.30 25.00
3 162.435 30.00 49.38
1 162.438 50.00 11.10
4 162.446 55.00 42.50
0 162.486 30.00 13.53
2 162.490 21.43 25.00
3 162.536 30.00 49.47
1 162.538 50.00 11.19
4 162.547 55.00 42.59
0 162.587 30.00 13.45
2 162.591 21.56 25.00
3 162.636 30.00 49.56
1 162.639 50.00 11.27
4 162.647 55.00 42.68
0 162.688 30.00 13.36
2 162.692 21.69 25.00
3 162.737 30.00 49.65
1 162.740 50.00 11.36
4 162.748 55.00 42.77
0 162.789 30.00 13.28
2 162.793 21.81 25.00
3 162.838 30.00 49.73
1 162.840 50.00 11.44
4 162.848 55.00 42.86
0 162.890 30.00 13.19
2 162.894 21.94 25.00
3 162.938 30.00 49.82
1 162.941 50.00 11.53
4 162.949 55.00 42.95
0 162.991 30.00 13.10
2 162.995 22.07 25.00
3 163.039 30.00 49.91
1 163.042 50.00 11.61
4 163.049 55.00 43.04
0 163.092 30.00 13.02
2 163.096 22.20 25.00
3 163.140 30.00 50.00
3 163.140 30.00 50.00
1 163.143 50.00 11.69
4 163.150 55.00 43.12
0 163.193 30.00 12.93
2 163.197 22.33 25.00
3 163.240 29.91 50.00
1 163.243 50.00 11.78
4 163.250 55.00 43.21
0 163.294 30.00 12.84
2 163.297 22.46 25.00
3 163.340 29.82 50.00
1 163.344 50.00 11.86
4 163.351 55.00 43.30
0 163.395 30.00 12.76
2 163.398 22.59 25.00
3 163.440 29.74 50.00
1 163.445 50.00 11.95
4 163.451 55.00 43.39
0 163.496 30.00 12.67
2 163.499 22.72 25.00
3 163.541 29.65 50.00
1 163.545 50.00 12.03
4 163.551 55.00 43.48
0 163.597 30.00 12.59
2 163.600 22.85 25.00
3 163.641 29.56 50.00
1 163.646 50.00 12.12
4 163.652 55.00 43.57
0 163.698 30.00 12.50
2 163.701 22.98 25.00
3 163.741 29.47 50.00
1 163.747 50.00 12.20
4 163.752 55.00 43.66
0 163.799 30.00 12.41
2 163.802 23.11 25.00
3 163.841 29.38 50.00
1 163.847 50.00 12.29
4 163.853 55.00 43.75
0 163.900 30.00 12.33
2 163.903 23.24 25.00
3 163.941 29.30 50.00
1 163.948 50.00 12.37
4 163.953 55.00 43.84
0 164.001 30.00 12.24
2 164.004 23.37 25.00
3 164.041 29.21 50.00
1 164.049 50.00 12.46
4 164.054 55.00 43.93
0 164.102 30.00 12.16
2 164.105 23.50 25.00
3 164.142 29.12 50.00
1 164.150 50.00 12.54
4 164.154 55.00 44.02
0 164.203 30.00 12.07
2 164.206 23.63 25.00
3 164.242 29.03 50.00
1 164.250 50.00 12.63
4 164.255 55.00 44.11
0 164.304 30.00 11.98
2 164.307 23.76 25.00
3 164.342 28.94 50.00
1 164.351 50.00 12.71
4 164.355 55.00 44.20
0 164.405 30.00 11.90
2 164.408 23.89 25.00
3 164.442 28.85 50.00
1 164.452 50.00 12.80
4 164.456 55.00 44.29
0 164.506 30.00 11.81
2 164.509 24.02 25.00
3 164.542 28.77 50.00
1 164.552 50.00 12.88
4 164.556 55.00 44.38
0 164.607 30.00 11.72
2 164.610 24.15 25.00
3 164.642 28.68 50.00
1 164.653 50.00 12.97
4 164.657 55.00 44.46
0 164.708 30.00 11.64
2 164.711 24.28 25.00
3 164.742 28.59 50.00
1 164.754 50.00 13.05
4 164.757 55.00 44.55
0 164.809 30.00 11.55
2 164.812 24.41 25.00
3 164.843 28.50 50.00
1 164.855 50.00 13.14
4 164.857 55.00 44.64
0 164.910 30.00 11.47
2 164.913 24.54 25.00
3 164.943 28.41 50.00
1 164.955 50.00 13.22
4 164.958 55.00 44.73
0 165.011 30.00 11.38
2 165.014 24.67 25.00
3 165.043 28.33 50.00
1 165.056 50.00 13.31
4 165.058 55.00 44.82
0 165.112 30.00 11.29
2 165.115 24.80 25.00
3 165.143 28.24 50.00
1 165.157 50.00 13.39
4 165.159 55.00 44.91
0 165.213 30.00 11.21
2 165.216 24.93 25.00
3 165.243 28.15 50.00
1 165.257 50.00 13.47
4 165.259 55.00 45.00
0 165.314 30.00 11.12
2 165.317 25.06 25.00
3 165.343 28.06 50.00
1 165.358 50.00 13.56
4 165.360 55.00 45.09
0 165.415 30.00 11.03
2 165.418 25.19 25.00
3 165.444 27.97 50.00
1 165.459 50.00 13.64
4 165.460 55.00 45.18
0 165.516 30.00 10.95
2 165.518 25.31 25.00
3 165.544 27.89 50.00
1 165.560 50.00 13.73
4 165.561 55.00 45.27
0 165.618 30.00 10.86
2 165.619 25.44 25.00
3 165.644 27.80 50.00
1 165.660 50.00 13.81
4 165.661 55.00 45.36
0 165.719 30.00 10.78
2 165.720 25.57 25.00
3 165.744 27.71 50.00
1 165.761 50.00 13.90
4 165.762 55.00 45.45
0 165.820 30.00 10.69
2 165.821 25.70 25.00
3 165.844 27.62 50.00
1 165.862 50.00 13.98
4 165.862 55.00 45.54
0 165.921 30.00 10.60
2 165.922 25.83 25.00
3 165.944 27.53 50.00
1 165.962 50.00 14.07
4 165.963 55.00 45.62
0 166.022 30.00 10.52
2 166.023 25.96 25.00
3 166.045 27.44 50.00
4 166.063 55.00 45.71
1 166.063 50.00 14.15
0 166.123 30.00 10.43
2 166.124 26.09 25.00
3 166.145 27.36 50.00
4 166.163 55.00 45.80
1 166.164 50.00 14.24
0 166.224 30.00 10.34
2 166.225 26.22 25.00
3 166.245 27.27 50.00
4 166.264 55.00 45.89
1 166.265 50.00 14.32
0 166.325 30.00 10.26
2 166.326 26.35 25.00
3 166.345 27.18 50.00
4 166.364 55.00 45.98
1 166.365 50.00 14.41
0 166.426 30.00 10.17
2 166.427 26.48 25.00
3 166.445 27.09 50.00
4 166.465 55.00 46.07
1 166.466 50.00 14.49
0 166.527 30.00 10.09
2 166.528 26.61 25.00
3 166.545 27.00 50.00
4 166.565 55.00 46.16
1 166.567 50.00 14.58
0 166.628 30.00 10.00
0 166.628 30.00 10.00
2 166.629 26.74 25.00
3 166.646 26.92 50.00
4 166.666 55.00 46.25
1 166.667 50.00 14.66
0 166.729 29.91 10.00
2 166.730 26.87 25.00
3 166.746 26.83 50.00
4 166.766 55.00 46.34
1 166.768 50.00 14.75
2 166.831 27.00 25.00
0 166.831 29.83 10.00
3 166.846 26.74 50.00
4 166.867 55.00 46.43
1 166.869 50.00 14.83
2 166.932 27.13 25.00
0 166.933 29.74 10.00
3 166.946 26.65 50.00
4 166.967 55.00 46.52
1 166.970 50.00 14.92
2 167.033 27.26 25.00
0 167.034 29.65 10.00
3 167.046 26.56 50.00
4 167.068 55.00 46.61
1 167.070 50.00 15.00
1 167.070 50.00 15.00
2 167.134 27.39 25.00
0 167.136 29.57 10.00
3 167.146 26.48 50.00
4 167.168 55.00 46.70
1 167.171 49.92 15.00
2 167.235 27.52 25.00
0 167.237 29.48 10.00
3 167.247 26.39 50.00
4 167.269 55.00 46.79
1 167.272 49.83 15.00
2 167.336 27.65 25.00
0 167.339 29.39 10.00
3 167.347 26.30 50.00
4 167.369 55.00 46.88
1 167.372 49.75 15.00
2 167.437 27.78 25.00
0 167.440 29.31 10.00
3 167.447 26.21 50.00
4 167.469 55.00 46.96
1 167.473 49.66 15.00
2 167.538 27.91 25.00
0 167.542 29.22 10.00
3 167.547 26.12 50.00
4 167.570 55.00 47.05
1 167.574 49.58 15.00
2 167.639 28.04 25.00
0 167.644 29.13 10.00
3 167.647 26.04 50.00
4 167.670 55.00 47.14
1 167.675 49.49 15.00
2 167.740 28.17 25.00
0 167.745 29.05 10.00
3 167.747 25.95 50.00
4 167.771 55.00 47.23
1 167.775 49.41 15.00
2 167.840 28.30 25.00
0 167.847 28.96 10.00
3 167.847 25.86 50.00
4 167.871 55.00 47.32
1 167.876 49.32 15.00
2 167.941 28.43 25.00
3 167.948 25.77 50.00
0 167.948 28.87 10.00
4 167.972 55.00 47.41
1 167.977 49.24 15.00
2 168.042 28.56 25.00
3 168.048 25.68 50.00
0 168.050 28.79 10.00
4 168.072 55.00 47.50
1 168.077 49.15 15.00
2 168.143 28.69 25.00
3 168.148 25.59 50.00
0 168.152 28.70 10.00
4 168.173 55.00 47.59
1 168.178 49.07 15.00
2 168.244 28.81 25.00
3 168.248 25.51 50.00
0 168.253 28.61 10.00
4 168.273 55.00 47.68
1 168.279 48.98 15.00
2 168.345 28.94 25.00
3 168.348 25.42 50.00
0 168.355 28.53 10.00
4 168.374 55.00 47.77
1 168.380 48.90 15.00
2 168.446 29.07 25.00
3 168.448 25.33 50.00
0 168.456 28.44 10.00
4 168.474 55.00 47.86
1 168.480 48.81 15.00
2 168.547 29.20 25.00
3 168.549 25.24 50.00
0 168.558 28.35 10.00
4 168.575 55.00 47.95
1 168.581 48.73 15.00
2 168.648 29.33 25.00
3 168.649 25.15 50.00
0 168.659 28.27 10.00
4 168.675 55.00 48.04
1 168.682 48.64 15.00
3 168.749 25.07 50.00
2 168.749 29.46 25.00
0 168.761 28.18 10.00
4 168.775 55.00 48.12
1 168.782 48.56 15.00
3 168.849 24.98 50.00
2 168.850 29.59 25.00
0 168.863 28.09 10.00
4 168.876 55.00 48.21
1 168.883 48.47 15.00
3 168.949 24.89 50.00
2 168.951 29.72 25.00
0 168.964 28.01 10.00
0 168.964 28.01 10.00
4 168.976 55.00 48.30
1 168.984 48.39 15.00
3 169.049 24.80 50.00
2 169.052 29.85 25.00
0 169.065 27.88 10.00
4 169.077 55.00 48.39
1 169.085 48.31 15.00
3 169.150 24.71 50.00
2 169.153 29.98 25.00
0 169.165 27.76 10.00
4 169.177 55.00 48.48
1 169.185 48.22 15.00
3 169.250 24.63 50.00
2 169.254 30.11 25.00
0 169.266 27.63 10.00
4 169.278 55.00 48.57
1 169.286 48.14 15.00
3 169.350 24.54 50.00
2 169.355 30.24 25.00
0 169.366 27.51 10.00
4 169.378 55.00 48.66
1 169.387 48.05 15.00
3 169.450 24.45 50.00
2 169.456 30.37 25.00
0 169.466 27.38 10.00
4 169.479 55.00 48.75
1 169.487 47.97 15.00
3 169.550 24.36 50.00
2 169.557 30.50 25.00
0 169.567 27.26 10.00
4 169.579 55.00 48.84
1 169.588 47.88 15.00
3 169.650 24.27 50.00
2 169.658 30.63 25.00
0 169.667 27.13 10.00
4 169.680 55.00 48.93
1 169.689 47.80 15.00
3 169.751 24.19 50.00
2 169.759 30.76 25.00
0 169.768 27.01 10.00
4 169.780 55.00 49.02
1 169.790 47.71 15.00
3 169.851 24.10 50.00
2 169.860 30.89 25.00
0 169.868 26.88 10.00
4 169.881 55.00 49.11
1 169.890 47.63 15.00
3 169.951 24.01 50.00
2 169.961 31.02 25.00
0 169.969 26.76 10.00
4 169.981 55.00 49.20
1 169.991 47.54 15.00
3 170.051 23.92 50.00
2 170.062 31.15 25.00
0 170.069 26.63 10.00
4 170.081 55.00 49.29
1 170.092 47.46 15.00
3 170.151 23.83 50.00
2 170.162 31.28 25.00
0 170.170 26.51 10.00
4 170.182 55.00 49.38
1 170.192 47.37 15.00
3 170.251 23.74 50.00
2 170.263 31.41 25.00
0 170.270 26.38 10.00
4 170.282 55.00 49.46
1 170.293 47.29 15.00
3 170.351 23.66 50.00
2 170.364 31.54 25.00
0 170.371 26.26 10.00
4 170.383 55.00 49.55
1 170.394 47.20 15.00
3 170.452 23.57 50.00
2 170.465 31.67 25.00
0 170.471 26.13 10.00
4 170.483 55.00 49.64
1 170.495 47.12 15.00
3 170.552 23.48 50.00
2 170.566 31.80 25.00
0 170.572 26.01 10.00
4 170.584 55.00 49.73
1 170.595 47.03 15.00
3 170.652 23.39 50.00
2 170.667 31.93 25.00
0 170.672 25.88 10.00
4 170.684 55.00 49.82
1 170.696 46.95 15.00
3 170.752 23.30 50.00
2 170.768 32.06 25.00
0 170.772 25.76 10.00
4 170.785 55.00 49.91
1 170.797 46.86 15.00
3 170.852 23.22 50.00
2 170.869 32.19 25.00
0 170.873 25.63 10.00
4 170.885 55.00 50.00
4 170.885 55.00 50.00
1 170.897 46.78 15.00
3 170.952 23.13 50.00
2 170.970 32.31 25.00
0 170.973 25.51 10.00
4 170.986 54.91 50.00
1 170.998 46.69 15.00
3 171.053 23.04 50.00
2 171.071 32.44 25.00
0 171.074 25.38 10.00
4 171.086 54.82 50.00
1 171.099 46.61 15.00
3 171.153 22.95 50.00
2 171.172 32.57 25.00
0 171.174 25.25 10.00
4 171.187 54.73 50.00
1 171.200 46.53 15.00
3 171.253 22.86 50.00
2 171.273 32.70 25.00
0 171.275 25.13 10.00
4 171.287 54.64 50.00
1 171.300 46.44 15.00
3 171.353 22.78 50.00
2 171.374 32.83 25.00
0 171.375 25.00 10.00
4 171.387 54.55 50.00
1 171.401 46.36 15.00
3 171.453 22.69 50.00
2 171.475 32.96 25.00
0 171.476 24.88 10.00
4 171.488 54.46 50.00
1 171.502 46.27 15.00
3 171.553 22.60 50.00
2 171.576 33.09 25.00
0 171.576 24.75 10.00
4 171.588 54.38 50.00
1 171.602 46.19 15.00
3 171.654 22.51 50.00
0 171.677 24.63 10.00
2 171.677 33.22 25.00
2 171.677 33.22 25.00
4 171.689 54.29 50.00
1 171.703 46.10 15.00
3 171.754 22.42 50.00
0 171.777 24.50 10.00
2 171.779 33.34 25.00
4 171.789 54.20 50.00
1 171.804 46.02 15.00
3 171.854 22.33 50.00
0 171.877 24.38 10.00
2 171.882 33.46 25.00
4 171.890 54.11 50.00
1 171.905 45.93 15.00
3 171.954 22.25 50.00
0 171.978 24.25 10.00
2 171.985 33.58 25.00
4 171.990 54.02 50.00
1 172.005 45.85 15.00
3 172.054 22.16 50.00
0 172.078 24.13 10.00
2 172.088 33.70 25.00
4 172.091 53.93 50.00
1 172.106 45.76 15.00
3 172.154 22.07 50.00
0 172.179 24.00 10.00
2 172.190 33.81 25.00
4 172.191 53.84 50.00
1 172.207 45.68 15.00
3 172.255 21.98 50.00
0 172.279 23.88 10.00
4 172.292 53.75 50.00
2 172.293 33.93 25.00
1 172.307 45.59 15.00
3 172.355 21.89 50.00
0 172.380 23.75 10.00
4 172.392 53.66 50.00
2 172.396 34.05 25.00
1 172.408 45.51 15.00
3 172.455 21.81 50.00
0 172.480 23.63 10.00
4 172.493 53.57 50.00
2 172.498 34.17 25.00
1 172.509 45.42 15.00
3 172.555 21.72 50.00
0 172.581 23.50 10.00
4 172.593 53.48 50.00
2 172.601 34.29 25.00
1 172.610 45.34 15.00
3 172.655 21.63 50.00
0 172.681 23.38 10.00
4 172.693 53.39 50.00
2 172.704 34.41 25.00
1 172.710 45.25 15.00
3 172.755 21.54 50.00
0 172.782 23.25 10.00
4 172.794 53.30 50.00
2 172.806 34.53 25.00
1 172.811 45.17 15.00
3 172.856 21.45 50.00
0 172.882 23.13 10.00
4 172.894 53.21 50.00
2 172.909 34.64 25.00
1 172.912 45.08 15.00
3 172.956 21.37 50.00
0 172.982 23.00 10.00
4 172.995 53.12 50.00
2 173.012 34.76 25.00
1 173.012 45.00 15.00
1 173.012 45.00 15.00
3 173.056 21.28 50.00
0 173.083 22.88 10.00
4 173.095 53.04 50.00
1 173.113 45.00 15.08
2 173.114 34.88 25.00
3 173.156 21.19 50.00
0 173.183 22.75 10.00
4 173.196 52.95 50.00
1 173.214 45.00 15.17
2 173.217 35.00 25.00
2 173.217 35.00 25.00
3 173.256 21.10 50.00
0 173.284 22.63 10.00
4 173.296 52.86 50.00
1 173.315 45.00 15.25
2 173.320 35.00 25.12
3 173.356 21.01 50.00
0 173.384 22.50 10.00
4 173.397 52.77 50.00
1 173.415 45.00 15.34
2 173.424 35.00 25.24
3 173.456 20.93 50.00
0 173.485 22.38 10.00
4 173.497 52.68 50.00
1 173.516 45.00 15.42
2 173.527 35.00 25.36
3 173.557 20.84 50.00
0 173.585 22.25 10.00
4 173.598 52.59 50.00
1 173.617 45.00 15.51
2 173.631 35.00 25.48
3 173.657 20.75 50.00
0 173.686 22.13 10.00
4 173.698 52.50 50.00
1 173.717 45.00 15.59
2 173.734 35.00 25.60
3 173.757 20.66 50.00
0 173.786 22.00 10.00
4 173.798 52.41 50.00
1 173.818 45.00 15.68
2 173.837 35.00 25.72
3 173.857 20.57 50.00
0 173.887 21.88 10.00
4 173.899 52.32 50.00
1 173.919 45.00 15.76
2 173.941 35.00 25.84
3 173.957 20.48 50.00
0 173.987 21.75 10.00
4 173.999 52.23 50.00
1 174.020 45.00 15.85
2 174.044 35.00 25.95
3 174.057 20.40 50.00
0 174.087 21.63 10.00
4 174.100 52.14 50.00
1 174.120 45.00 15.93
2 174.147 35.00 26.07
3 174.158 20.31 50.00
0 174.188 21.50 10.00
4 174.200 52.05 50.00
1 174.221 45.00 16.02
2 174.251 35.00 26.19
3 174.258 20.22 50.00
0 174.288 21.38 10.00
4 174.301 51.96 50.00
1 174.322 45.00 16.10
2 174.354 35.00 26.31
3 174.358 20.13 50.00
0 174.389 21.25 10.00
4 174.401 51.88 50.00
1 174.422 45.00 16.19
2 174.458 35.00 26.43
3 174.458 20.04 50.00
0 174.489 21.13 10.00
4 174.502 51.79 50.00
1 174.523 45.00 16.27
3 174.558 19.96 50.00
2 174.561 35.00 26.55
0 174.590 21.00 10.00
4 174.602 51.70 50.00
1 174.624 45.00 16.36
3 174.658 19.87 50.00
2 174.664 35.00 26.67
0 174.690 20.88 10.00
4 174.703 51.61 50.00
1 174.725 45.00 16.44
3 174.759 19.78 50.00
2 174.768 35.00 26.79
0 174.791 20.75 10.00
4 174.803 51.52 50.00
1 174.825 45.00 16.53
3 174.859 19.69 50.00
2 174.871 35.00 26.91
0 174.891 20.63 10.00
4 174.904 51.43 50.00
1 174.926 45.00 16.61
3 174.959 19.60 50.00
2 174.975 35.00 27.03
0 174.992 20.50 10.00
4 175.004 51.34 50.00
1 175.027 45.00 16.69
3 175.059 19.52 50.00
2 175.078 35.00 27.15
0 175.092 20.38 10.00
4 175.104 51.25 50.00
1 175.127 45.00 16.78
3 175.159 19.43 50.00
2 175.181 35.00 27.27
0 175.192 20.25 10.00
4 175.205 51.16 50.00
1 175.228 45.00 16.86
3 175.259 19.34 50.00
2 175.285 35.00 27.39
0 175.293 20.13 10.00
4 175.305 51.07 50.00
1 175.329 45.00 16.95
3 175.360 19.25 50.00
2 175.388 35.00 27.51
0 175.393 20.00 10.00
4 175.406 50.98 50.00
1 175.430 45.00 17.03
3 175.460 19.16 50.00
2 175.492 35.00 27.63
0 175.494 19.88 10.00
4 175.506 50.89 50.00
1 175.530 45.00 17.12
3 175.560 19.07 50.00
0 175.594 19.75 10.00
2 175.595 35.00 27.74
4 175.607 50.80 50.00
1 175.631 45.00 17.20
3 175.660 18.99 50.00
0 175.695 19.63 10.00
2 175.698 35.00 27.86
4 175.707 50.71 50.00
1 175.732 45.00 17.29
3 175.760 18.90 50.00
0 175.795 19.50 10.00
2 175.802 35.00 27.98
4 175.808 50.62 50.00
1 175.832 45.00 17.37
3 175.860 18.81 50.00
0 175.896 19.38 10.00
2 175.905 35.00 28.10
4 175.908 50.54 50.00
1 175.933 45.00 17.46
3 175.960 18.72 50.00
0 175.996 19.25 10.00
2 176.009 35.00 28.22
2 176.009 35.00 28.22
4 176.009 50.45 50.00
1 176.034 45.00 17.54
3 176.061 18.63 50.00
0 176.097 19.13 10.00
2 176.109 35.00 28.31
4 176.109 50.36 50.00
1 176.135 45.00 17.63
3 176.161 18.55 50.00
0 176.197 19.00 10.00
2 176.209 35.00 28.40
4 176.210 50.27 50.00
1 176.235 45.00 17.71
3 176.261 18.46 50.00
0 176.297 18.88 10.00
2 176.309 35.00 28.48
4 176.310 50.18 50.00
1 176.336 45.00 17.80
3 176.361 18.37 50.00
0 176.398 18.75 10.00
2 176.410 35.00 28.57
4 176.410 50.09 50.00
1 176.437 45.00 17.88
3 176.461 18.28 50.00
0 176.498 18.63 10.00
2 176.510 35.00 28.66
4 176.511 50.00 50.00
1 176.537 45.00 17.97
3 176.561 18.19 50.00
0 176.599 18.50 10.00
2 176.610 35.00 28.75
4 176.611 49.91 50.00
1 176.638 45.00 18.05
3 176.662 18.11 50.00
0 176.699 18.38 10.00
2 176.710 35.00 28.83
4 176.712 49.82 50.00
1 176.739 45.00 18.14
3 176.762 18.02 50.00
0 176.800 18.25 10.00
2 176.810 35.00 28.92
4 176.812 49.73 50.00
1 176.840 45.00 18.22
3 176.862 17.93 50.00
0 176.900 18.13 10.00
2 176.911 35.00 29.01
4 176.913 49.64 50.00
1 176.940 45.00 18.31
3 176.962 17.84 50.00
0 177.001 18.00 10.00
2 177.011 35.00 29.09
4 177.013 49.55 50.00
1 177.041 45.00 18.39
3 177.062 17.75 50.00
0 177.101 17.88 10.00
2 177.111 35.00 29.18
4 177.114 49.46 50.00
1 177.142 45.00 18.47
3 177.162 17.67 50.00
0 177.202 17.75 10.00
2 177.211 35.00 29.27
4 177.214 49.38 50.00
1 177.242 45.00 18.56
3 177.263 17.58 50.00
0 177.302 17.63 10.00
2 177.312 35.00 29.36
4 177.315 49.29 50.00
1 177.343 45.00 18.64
3 177.363 17.49 50.00
0 177.402 17.50 10.00
2 177.412 35.00 29.44
4 177.415 49.20 50.00
1 177.444 45.00 18.73
3 177.463 17.40 50.00
0 177.503 17.38 10.00
2 177.512 35.00 29.53
4 177.516 49.11 50.00
1 177.545 45.00 18.81
3 177.563 17.31 50.00
0 177.603 17.25 10.00
2 177.612 35.00 29.62
4 177.616 49.02 50.00
1 177.645 45.00 18.90
3 177.663 17.22 50.00
0 177.704 17.13 10.00
2 177.713 35.00 29.71
4 177.716 48.93 50.00
1 177.746 45.00 18.98
3 177.763 17.14 50.00
0 177.804 17.00 10.00
2 177.813 35.00 29.79
4 177.817 48.84 50.00
1 177.847 45.00 19.07
3 177.864 17.05 50.00
0 177.905 16.88 10.00
2 177.913 35.00 29.88
4 177.917 48.75 50.00
1 177.947 45.00 19.15
3 177.964 16.96 50.00
0 178.005 16.75 10.00
2 178.013 35.00 29.97
4 178.018 48.66 50.00
1 178.048 45.00 19.24
3 178.064 16.87 50.00
0 178.106 16.63 10.00
2 178.114 35.00 30.05
4 178.118 48.57 50.00
1 178.149 45.00 19.32
3 178.164 16.78 50.00
0 178.206 16.50 10.00
2 178.214 35.00 30.14
4 178.219 48.48 50.00
1 178.250 45.00 19.41
3 178.264 16.70 50.00
0 178.307 16.38 10.00
2 178.314 35.00 30.23
4 178.319 48.39 50.00
1 178.350 45.00 19.49
3 178.364 16.61 50.00
0 178.407 16.25 10.00
2 178.414 35.00 30.32
4 178.420 48.30 50.00
1 178.451 45.00 19.58
3 178.465 16.52 50.00
0 178.507 16.13 10.00
2 178.515 35.00 30.40
4 178.520 48.21 50.00
1 178.552 45.00 19.66
3 178.565 16.43 50.00
0 178.608 16.00 10.00
2 178.615 35.00 30.49
4 178.621 48.12 50.00
1 178.652 45.00 19.75
3 178.665 16.34 50.00
0 178.708 15.88 10.00
2 178.715 35.00 30.58
4 178.721 48.04 50.00
1 178.753 45.00 19.83
3 178.765 16.26 50.00
0 178.809 15.75 10.00
2 178.815 35.00 30.67
4 178.822 47.95 50.00
1 178.854 45.00 19.92
3 178.865 16.17 50.00
0 178.909 15.63 10.00
2 178.916 35.00 30.75
4 178.922 47.86 50.00
1 178.955 45.00 20.00
1 178.955 45.00 20.00
3 178.965 16.08 50.00
0 179.010 15.50 10.00
2 179.016 35.00 30.84
4 179.022 47.77 50.00
1 179.055 44.92 20.00
3 179.065 15.99 50.00
0 179.110 15.38 10.00
2 179.116 35.00 30.93
4 179.123 47.68 50.00
1 179.156 44.83 20.00
3 179.166 15.90 50.00
0 179.211 15.25 10.00
2 179.216 35.00 31.01
4 179.223 47.59 50.00
1 179.257 44.75 20.00
3 179.266 15.81 50.00
0 179.311 15.13 10.00
2 179.317 35.00 31.10
4 179.324 47.50 50.00
1 179.357 44.66 20.00
3 179.366 15.73 50.00
0 179.412 15.00 10.00
0 179.412 15.00 10.00
2 179.417 35.00 31.19
4 179.424 47.41 50.00
1 179.458 44.58 20.00
3 179.466 15.64 50.00
0 179.512 15.00 10.12
2 179.517 35.00 31.28
4 179.525 47.32 50.00
1 179.559 44.49 20.00
3 179.566 15.55 50.00
0 179.612 15.00 10.25
2 179.617 35.00 31.36
4 179.625 47.23 50.00
1 179.660 44.41 20.00
3 179.666 15.46 50.00
0 179.713 15.00 10.38
2 179.718 35.00 31.45
4 179.726 47.14 50.00
1 179.760 44.32 20.00
3 179.767 15.37 50.00
0 179.813 15.00 10.50
2 179.818 35.00 31.54
4 179.826 47.05 50.00
1 179.861 44.24 20.00
3 179.867 15.29 50.00
0 179.914 15.00 10.62
2 179.918 35.00 31.62
4 179.927 46.96 50.00
1 179.962 44.15 20.00
3 179.967 15.20 50.00
0 180.014 15.00 10.75
2 180.018 35.00 31.71
4 180.027 46.88 50.00
1 180.062 44.07 20.00
3 180.067 15.11 50.00
0 180.114 15.00 10.88
2 180.119 35.00 31.80
4 180.128 46.79 50.00
1 180.163 43.98 20.00
3 180.167 15.02 50.00
0 180.215 15.00 11.00
2 180.219 35.00 31.89
4 180.228 46.70 50.00
1 180.264 43.90 20.00
3 180.267 14.93 50.00
0 180.315 15.00 11.12
2 180.319 35.00 31.97
4 180.328 46.61 50.00
1 180.365 43.81 20.00
3 180.368 14.85 50.00
0 180.416 15.00 11.25
2 180.419 35.00 32.06
4 180.429 46.52 50.00
1 180.465 43.73 20.00
3 180.468 14.76 50.00
0 180.516 15.00 11.38
2 180.520 35.00 32.15
4 180.529 46.43 50.00
1 180.566 43.64 20.00
3 180.568 14.67 50.00
0 180.616 15.00 11.50
2 180.620 35.00 32.24
4 180.630 46.34 50.00
1 180.667 43.56 20.00
3 180.668 14.58 50.00
0 180.717 15.00 11.62
2 180.720 35.00 32.32
4 180.730 46.25 50.00
1 180.767 43.47 20.00
3 180.768 14.49 50.00
0 180.817 15.00 11.75
2 180.820 35.00 32.41
4 180.831 46.16 50.00
1 180.868 43.39 20.00
3 180.868 14.41 50.00
0 180.918 15.00 11.88
2 180.921 35.00 32.50
4 180.931 46.07 50.00
3 180.969 14.32 50.00
1 180.969 43.31 20.00
0 181.018 15.00 12.00
2 181.021 35.00 32.58
4 181.032 45.98 50.00
3 181.069 14.23 50.00
1 181.070 43.22 20.00
0 181.118 15.00 12.12
2 181.121 35.00 32.67
4 181.132 45.89 50.00
3 181.169 14.14 50.00
1 181.170 43.14 20.00
0 181.219 15.00 12.25
2 181.221 35.00 32.76
4 181.233 45.80 50.00
3 181.269 14.05 50.00
1 181.271 43.05 20.00
0 181.319 15.00 12.38
2 181.322 35.00 32.85
4 181.333 45.71 50.00
3 181.369 13.96 50.00
1 181.372 42.97 20.00
0 181.420 15.00 12.50
2 181.422 35.00 32.93
4 181.434 45.62 50.00
3 181.469 13.88 50.00
1 181.472 42.88 20.00
0 181.520 15.00 12.62
2 181.522 35.00 33.02
4 181.534 45.54 50.00
3 181.569 13.79 50.00
1 181.573 42.80 20.00
0 181.621 15.00 12.75
2 181.622 35.00 33.11
4 181.634 45.45 50.00
3 181.670 13.70 50.00
1 181.674 42.71 20.00
0 181.721 15.00 12.88
2 181.722 35.00 33.20
4 181.735 45.36 50.00
3 181.770 13.61 50.00
1 181.775 42.63 20.00
0 181.821 15.00 13.00
2 181.823 35.00 33.28
4 181.835 45.27 50.00
3 181.870 13.52 50.00
1 181.875 42.54 20.00
0 181.922 15.00 13.12
2 181.923 35.00 33.37
4 181.936 45.18 50.00
3 181.970 13.44 50.00
1 181.976 42.46 20.00
0 182.022 15.00 13.25
2 182.023 35.00 33.46
4 182.036 45.09 50.00
3 182.070 13.35 50.00
1 182.077 42.37 20.00
0 182.123 15.00 13.38
2 182.123 35.00 33.54
4 182.137 45.00 50.00
4 182.137 45.00 50.00
3 182.170 13.26 50.00
1 182.177 42.29 20.00
0 182.223 15.00 13.50
2 182.224 35.00 33.63
4 182.237 45.00 50.09
3 182.271 13.17 50.00
1 182.278 42.20 20.00
0 182.323 15.00 13.62
2 182.324 35.00 33.72
4 182.338 45.00 50.18
3 182.371 13.08 50.00
1 182.379 42.12 20.00
0 182.424 15.00 13.75
2 182.424 35.00 33.81
4 182.438 45.00 50.27
3 182.471 13.00 50.00
1 182.480 42.03 20.00
0 182.524 15.00 13.88
2 182.524 35.00 33.89
4 182.539 45.00 50.36
3 182.571 12.91 50.00
1 182.580 41.95 20.00
0 182.625 15.00 14.00
2 182.625 35.00 33.98
4 182.639 45.00 50.45
3 182.671 12.82 50.00
1 182.681 41.86 20.00
2 182.725 35.00 34.07
0 182.725 15.00 14.12
4 182.740 45.00 50.54
3 182.771 12.73 50.00
1 182.782 41.78 20.00
2 182.825 35.00 34.15
0 182.825 15.00 14.25
4 182.840 45.00 50.62
3 182.872 12.64 50.00
1 182.882 41.69 20.00
2 182.925 35.00 34.24
0 182.926 15.00 14.38
4 182.940 45.00 50.71
3 182.972 12.56 50.00
1 182.983 41.61 20.00
2 183.026 35.00 34.33
0 183.026 15.00 14.50
4 183.041 45.00 50.80
3 183.072 12.47 50.00
1 183.084 41.53 20.00
2 183.126 35.00 34.42
0 183.127 15.00 14.62
4 183.141 45.00 50.89
3 183.172 12.38 50.00
1 183.184 41.44 20.00
2 183.226 35.00 34.50
0 183.227 15.00 14.75
4 183.242 45.00 50.98
3 183.272 12.29 50.00
1 183.285 41.36 20.00
2 183.326 35.00 34.59
0 183.327 15.00 14.88
4 183.342 45.00 51.07
3 183.372 12.20 50.00
1 183.386 41.27 20.00
2 183.427 35.00 34.68
0 183.428 15.00 15.00
4 183.443 45.00 51.16
3 183.473 12.11 50.00
1 183.487 41.19 20.00
2 183.527 35.00 34.77
0 183.528 15.00 15.12
4 183.543 45.00 51.25
3 183.573 12.03 50.00
1 183.587 41.10 20.00
2 183.627 35.00 34.85
0 183.629 15.00 15.25
4 183.644 45.00 51.34
3 183.673 11.94 50.00
1 183.688 41.02 20.00
2 183.727 35.00 34.94
0 183.729 15.00 15.38
4 183.744 45.00 51.43
3 183.773 11.85 50.00
1 183.789 40.93 20.00
2 183.828 35.00 35.03
0 183.829 15.00 15.50
4 183.845 45.00 51.52
3 183.873 11.76 50.00
1 183.889 40.85 20.00
2 183.928 35.00 35.11
0 183.930 15.00 15.62
4 183.945 45.00 51.61
3 183.973 11.67 50.00
1 183.990 40.76 20.00
2 184.028 35.00 35.20
0 184.030 15.00 15.75
4 184.046 45.00 51.70
3 184.074 11.59 50.00
1 184.091 40.68 20.00
2 184.128 35.00 35.29
0 184.131 15.00 15.88
4 184.146 45.00 51.79
3 184.174 11.50 50.00
1 184.192 40.59 20.00
2 184.229 35.00 35.38
0 184.231 15.00 16.00
4 184.246 45.00 51.88
3 184.274 11.41 50.00
1 184.292 40.51 20.00
2 184.329 35.00 35.46
0 184.331 15.00 16.12
4 184.347 45.00 51.96
3 184.374 11.32 50.00
1 184.393 40.42 20.00
2 184.429 35.00 35.55
0 184.432 15.00 16.25
4 184.447 45.00 52.05
3 184.474 11.23 50.00
1 184.494 40.34 20.00
2 184.529 35.00 35.64
0 184.532 15.00 16.38
4 184.548 45.00 52.14
3 184.574 11.15 50.00
1 184.594 40.25 20.00
2 184.630 35.00 35.73
0 184.633 15.00 16.50
4 184.648 45.00 52.23
3 184.674 11.06 50.00
1 184.695 40.17 20.00
2 184.730 35.00 35.81
0 184.733 15.00 16.62
4 184.749 45.00 52.32
3 184.775 10.97 50.00
1 184.796 40.08 20.00
2 184.830 35.00 35.90
0 184.834 15.00 16.75
4 184.849 45.00 52.41
3 184.875 10.88 50.00
1 184.897 40.00 20.00
2 184.930 35.00 35.99
0 184.934 15.00 16.88
4 184.950 45.00 52.50
3 184.975 10.79 50.00
1 184.997 39.92 20.00
2 185.031 35.00 36.07
0 185.034 15.00 17.00
4 185.050 45.00 52.59
3 185.075 10.70 50.00
1 185.098 39.83 20.00
2 185.131 35.00 36.16
0 185.135 15.00 17.12
4 185.151 45.00 52.68
3 185.175 10.62 50.00
1 185.199 39.75 20.00
2 185.231 35.00 36.25
0 185.235 15.00 17.25
4 185.251 45.00 52.77
3 185.275 10.53 50.00
1 185.299 39.66 20.00
2 185.331 35.00 36.34
0 185.336 15.00 17.38
4 185.351 45.00 52.86
3 185.376 10.44 50.00
1 185.400 39.58 20.00
2 185.432 35.00 36.42
0 185.436 15.00 17.50
4 185.452 45.00 52.95
3 185.476 10.35 50.00
1 185.501 39.49 20.00
2 185.532 35.00 36.51
0 185.536 15.00 17.62
4 185.552 45.00 53.04
3 185.576 10.26 50.00
1 185.602 39.41 20.00
2 185.632 35.00 36.60
0 185.637 15.00 17.75
4 185.653 45.00 53.12
3 185.676 10.18 50.00
1 185.702 39.32 20.00
2 185.732 35.00 36.68
0 185.737 15.00 17.88
4 185.753 45.00 53.21
3 185.776 10.09 50.00
1 185.803 39.24 20.00
2 185.833 35.00 36.77
0 185.838 15.00 18.00
4 185.854 45.00 53.30
3 185.876 10.00 50.00
3 185.876 10.00 50.00
1 185.904 39.15 20.00
2 185.933 35.00 36.86
0 185.938 15.00 18.12
4 185.954 45.00 53.39
3 185.977 10.00 50.09
1 186.004 39.07 20.00
2 186.033 35.00 36.95
0 186.038 15.00 18.25
4 186.055 45.00 53.48
3 186.078 10.00 50.18
1 186.105 38.98 20.00
2 186.133 35.00 37.03
0 186.139 15.00 18.38
4 186.155 45.00 53.57
3 186.178 10.00 50.27
1 186.206 38.90 20.00
2 186.234 35.00 37.12
0 186.239 15.00 18.50
4 186.256 45.00 53.66
3 186.279 10.00 50.35
1 186.307 38.81 20.00
2 186.334 35.00 37.21
0 186.340 15.00 18.62
4 186.356 45.00 53.75
3 186.379 10.00 50.44
1 186.407 38.73 20.00
2 186.434 35.00 37.30
0 186.440 15.00 18.75
4 186.457 45.00 53.84
3 186.480 10.00 50.53
1 186.508 38.64 20.00
2 186.534 35.00 37.38
0 186.540 15.00 18.88
4 186.557 45.00 53.93
3 186.581 10.00 50.62
1 186.609 38.56 20.00
2 186.635 35.00 37.47
0 186.641 15.00 19.00
4 186.657 45.00 54.02
3 186.681 10.00 50.71
1 186.709 38.47 20.00
2 186.735 35.00 37.56
0 186.741 15.00 19.12
4 186.758 45.00 54.11
3 186.782 10.00 50.80
1 186.810 38.39 20.00
2 186.835 35.00 37.64
0 186.842 15.00 19.25
4 186.858 45.00 54.20
3 186.882 10.00 50.88
1 186.911 38.31 20.00
2 186.935 35.00 37.73
0 186.942 15.00 19.38
4 186.959 45.00 54.29
3 186.983 10.00 50.97
1 187.012 38.22 20.00
2 187.035 35.00 37.82
0 187.042 15.00 19.50
4 187.059 45.00 54.38
3 187.084 10.00 51.06
1 187.112 38.14 20.00
2 187.136 35.00 37.91
0 187.143 15.00 19.62
4 187.160 45.00 54.46
3 187.184 10.00 51.15
1 187.213 38.05 20.00
2 187.236 35.00 37.99
0 187.243 15.00 19.75
4 187.260 45.00 54.55
3 187.285 10.00 51.24
1 187.314 37.97 20.00
2 187.336 35.00 38.08
0 187.344 15.00 19.88
4 187.361 45.00 54.64
3 187.385 10.00 51.33
1 187.414 37.88 20.00
2 187.436 35.00 38.17
0 187.444 15.00 20.00
4 187.461 45.00 54.73
3 187.486 10.00 51.42
1 187.515 37.80 20.00
2 187.537 35.00 38.26
0 187.545 15.00 20.12
4 187.562 45.00 54.82
3 187.587 10.00 51.50
1 187.616 37.71 20.00
2 187.637 35.00 38.34
0 187.645 15.00 20.25
4 187.662 45.00 54.91
3 187.687 10.00 51.59
1 187.717 37.63 20.00
2 187.737 35.00 38.43
0 187.745 15.00 20.38
4 187.763 45.00 55.00
4 187.763 45.00 55.00
3 187.788 10.00 51.68
1 187.817 37.54 20.00
2 187.837 35.00 38.52
0 187.846 15.00 20.50
4 187.863 45.09 55.00
3 187.888 10.00 51.77
1 187.918 37.46 20.00
2 187.938 35.00 38.60
0 187.946 15.00 20.62
4 187.963 45.18 55.00
3 187.989 10.00 51.86
1 188.019 37.37 20.00
2 188.038 35.00 38.69
0 188.047 15.00 20.75
4 188.064 45.27 55.00
3 188.090 10.00 51.95
1 188.119 37.29 20.00
2 188.138 35.00 38.78
0 188.147 15.00 20.88
4 188.164 45.36 55.00
3 188.190 10.00 52.04
1 188.220 37.20 20.00
2 188.238 35.00 38.87
0 188.247 15.00 21.00
4 188.264 45.45 55.00
3 188.291 10.00 52.12
1 188.321 37.12 20.00
2 188.339 35.00 38.95
0 188.348 15.00 21.12
4 188.365 45.54 55.00
3 188.391 10.00 52.21
1 188.422 37.03 20.00
2 188.439 35.00 39.04
0 188.448 15.00 21.25
4 188.465 45.62 55.00
3 188.492 10.00 52.30
1 188.522 36.95 20.00
2 188.539 35.00 39.13
0 188.549 15.00 21.38
4 188.566 45.71 55.00
3 188.593 10.00 52.39
1 188.623 36.86 20.00
2 188.639 35.00 39.21
0 188.649 15.00 21.50
4 188.666 45.80 55.00
3 188.693 10.00 52.48
1 188.724 36.78 20.00
2 188.740 35.00 39.30
0 188.749 15.00 21.62
4 188.766 45.89 55.00
3 188.794 10.00 52.57
1 188.824 36.69 20.00
2 188.840 35.00 39.39
0 188.850 15.00 21.75
4 188.867 45.98 55.00
3 188.895 10.00 52.65
1 188.925 36.61 20.00
2 188.940 35.00 39.48
0 188.950 15.00 21.88
4 188.967 46.07 55.00
3 188.995 10.00 52.74
1 189.026 36.53 20.00
2 189.040 35.00 39.56
0 189.051 15.00 22.00
4 189.067 46.16 55.00
3 189.096 10.00 52.83
1 189.127 36.44 20.00
2 189.141 35.00 39.65
0 189.151 15.00 22.12
4 189.168 46.25 55.00
3 189.196 10.00 52.92
1 189.227 36.36 20.00
2 189.241 35.00 39.74
0 189.251 15.00 22.25
4 189.268 46.34 55.00
3 189.297 10.00 53.01
1 189.328 36.27 20.00
2 189.341 35.00 39.83
0 189.352 15.00 22.38
4 189.368 46.43 55.00
3 189.398 10.00 53.10
1 189.429 36.19 20.00
2 189.441 35.00 39.91
0 189.452 15.00 22.50
4 189.469 46.52 55.00
3 189.498 10.00 53.19
1 189.529 36.10 20.00
2 189.542 35.00 40.00
2 189.542 35.00 40.00
0 189.553 15.00 22.62
4 189.569 46.61 55.00
3 189.599 10.00 53.27
1 189.630 36.02 20.00
2 189.642 34.91 40.00
0 189.653 15.00 22.75
4 189.670 46.69 55.00
3 189.699 10.00 53.36
1 189.731 35.93 20.00
2 189.742 34.83 40.00
0 189.753 15.00 22.88
4 189.770 46.78 55.00
3 189.800 10.00 53.45
1 189.832 35.85 20.00
2 189.842 34.74 40.00
0 189.854 15.00 23.00
4 189.870 46.87 55.00
3 189.901 10.00 53.54
1 189.932 35.76 20.00
2 189.942 34.65 40.00
0 189.954 15.00 23.12
4 189.971 46.96 55.00
3 190.001 10.00 53.63
1 190.033 35.68 20.00
2 190.042 34.56 40.00
0 190.055 15.00 23.25
4 190.071 47.05 55.00
3 190.102 10.00 53.72
1 190.134 35.59 20.00
2 190.142 34.48 40.00
0 190.155 15.00 23.38
4 190.171 47.14 55.00
3 190.202 10.00 53.81
1 190.234 35.51 20.00
2 190.242 34.39 40.00
0 190.255 15.00 23.50
4 190.272 47.23 55.00
3 190.303 10.00 53.89
1 190.335 35.42 20.00
2 190.342 34.30 40.00
0 190.356 15.00 23.62
4 190.372 47.32 55.00
3 190.404 10.00 53.98
1 190.436 35.34 20.00
2 190.442 34.22 40.00
0 190.456 15.00 23.75
4 190.473 47.41 55.00
3 190.504 10.00 54.07
1 190.537 35.25 20.00
2 190.542 34.13 40.00
0 190.557 15.00 23.88
4 190.573 47.50 55.00
3 190.605 10.00 54.16
1 190.637 35.17 20.00
2 190.642 34.04 40.00
0 190.657 15.00 24.00
4 190.673 47.59 55.00
3 190.705 10.00 54.25
1 190.738 35.08 20.00
2 190.742 33.95 40.00
0 190.758 15.00 24.12
4 190.774 47.68 55.00
3 190.806 10.00 54.34
1 190.839 35.00 20.00
1 190.839 35.00 20.00
2 190.843 33.87 40.00
0 190.858 15.00 24.25
4 190.874 47.77 55.00
3 190.907 10.00 54.42
1 190.939 35.00 20.08
2 190.943 33.78 40.00
0 190.958 15.00 24.38
4 190.974 47.85 55.00
3 191.007 10.00 54.51
1 191.040 35.00 20.17
2 191.043 33.69 40.00
0 191.059 15.00 24.50
4 191.075 47.94 55.00
3 191.108 10.00 54.60
1 191.141 35.00 20.25
2 191.143 33.61 40.00
0 191.159 15.00 24.62
4 191.175 48.03 55.00
3 191.208 10.00 54.69
1 191.242 35.00 20.34
2 191.243 33.52 40.00
0 191.260 15.00 24.75
4 191.275 48.12 55.00
3 191.309 10.00 54.78
1 191.342 35.00 20.42
2 191.343 33.43 40.00
0 191.360 15.00 24.88
4 191.376 48.21 55.00
3 191.410 10.00 54.87
2 191.443 33.35 40.00
1 191.443 35.00 20.51
0 191.460 15.00 25.00
4 191.476 48.30 55.00
4 191.476 48.30 55.00
3 191.510 10.00 54.96
2 191.543 33.26 40.00
1 191.544 35.00 20.59
0 191.561 15.00 25.12
4 191.577 48.40 55.00
3 191.611 10.00 55.04
2 191.643 33.17 40.00
1 191.644 35.00 20.68
0 191.661 15.00 25.25
4 191.678 48.49 55.00
3 191.711 10.00 55.13
2 191.743 33.08 40.00
1 191.745 35.00 20.76
0 191.762 15.00 25.38
4 191.779 48.59 55.00
3 191.812 10.00 55.22
2 191.843 33.00 40.00
1 191.846 35.00 20.85
0 191.862 15.00 25.50
4 191.879 48.68 55.00
3 191.913 10.00 55.31
2 191.943 32.91 40.00
1 191.947 35.00 20.93
0 191.962 15.00 25.62
4 191.980 48.78 55.00
3 192.013 10.00 55.40
2 192.043 32.82 40.00
1 192.047 35.00 21.02
0 192.063 15.00 25.75
4 192.081 48.88 55.00
3 192.114 10.00 55.49
2 192.143 32.74 40.00
1 192.148 35.00 21.10
0 192.163 15.00 25.88
4 192.182 48.97 55.00
3 192.214 10.00 55.58
2 192.243 32.65 40.00
1 192.249 35.00 21.19
0 192.264 15.00 26.00
4 192.283 49.07 55.00
3 192.315 10.00 55.66
2 192.344 32.56 40.00
1 192.349 35.00 21.27
0 192.364 15.00 26.12
4 192.384 49.16 55.00
3 192.416 10.00 55.75
2 192.444 32.47 40.00
1 192.450 35.00 21.36
0 192.464 15.00 26.25
4 192.484 49.26 55.00
3 192.516 10.00 55.84
2 192.544 32.39 40.00
1 192.551 35.00 21.44
0 192.565 15.00 26.38
4 192.585 49.36 55.00
3 192.617 10.00 55.93
2 192.644 32.30 40.00
1 192.652 35.00 21.53
0 192.665 15.00 26.50
4 192.686 49.45 55.00
3 192.717 10.00 56.02
2 192.744 32.21 40.00
1 192.752 35.00 21.61
0 192.766 15.00 26.62
4 192.787 49.55 55.00
3 192.818 10.00 56.11
2 192.844 32.13 40.00
1 192.853 35.00 21.69
0 192.866 15.00 26.75
4 192.888 49.64 55.00
3 192.919 10.00 56.19
2 192.944 32.04 40.00
1 192.954 35.00 21.78
0 192.966 15.00 26.88
4 192.988 49.74 55.00
3 193.019 10.00 56.28
2 193.044 31.95 40.00
1 193.054 35.00 21.86
0 193.067 15.00 27.00
4 193.089 49.83 55.00
3 193.120 10.00 56.37
2 193.144 31.86 40.00
1 193.155 35.00 21.95
0 193.167 15.00 27.12
4 193.190 49.93 55.00
3 193.220 10.00 56.46
2 193.244 31.78 40.00
2 193.244 31.78 40.00
1 193.256 35.00 22.03
0 193.268 15.00 27.25
4 193.291 50.03 55.00
3 193.321 10.00 56.55
2 193.347 31.66 40.00
1 193.357 35.00 22.12
0 193.368 15.00 27.38
4 193.392 50.12 55.00
3 193.422 10.00 56.64
2 193.450 31.54 40.00
1 193.457 35.00 22.20
0 193.469 15.00 27.50
4 193.492 50.22 55.00
3 193.522 10.00 56.73
2 193.553 31.42 40.00
1 193.558 35.00 22.29
0 193.569 15.00 27.62
4 193.593 50.31 55.00
3 193.623 10.00 56.81
2 193.656 31.30 40.00
1 193.659 35.00 22.37
0 193.669 15.00 27.75
4 193.694 50.41 55.00
3 193.723 10.00 56.90
1 193.759 35.00 22.46
2 193.760 31.19 40.00
0 193.770 15.00 27.88
4 193.795 50.51 55.00
3 193.824 10.00 56.99
1 193.860 35.00 22.54
2 193.863 31.07 40.00
0 193.870 15.00 28.00
4 193.896 50.60 55.00
3 193.925 10.00 57.08
1 193.961 35.00 22.63
2 193.966 30.95 40.00
0 193.971 15.00 28.12
4 193.996 50.70 55.00
3 194.025 10.00 57.17
1 194.062 35.00 22.71
2 194.069 30.83 40.00
0 194.071 15.00 28.25
4 194.097 50.79 55.00
3 194.126 10.00 57.26
1 194.162 35.00 22.80
0 194.171 15.00 28.38
2 194.172 30.71 40.00
4 194.198 50.89 55.00
3 194.227 10.00 57.35
1 194.263 35.00 22.88
0 194.272 15.00 28.50
2 194.275 30.59 40.00
4 194.299 50.99 55.00
3 194.327 10.00 57.43
1 194.364 35.00 22.97
0 194.372 15.00 28.62
2 194.378 30.47 40.00
4 194.400 51.08 55.00
3 194.428 10.00 57.52
1 194.464 35.00 23.05
0 194.473 15.00 28.75
2 194.481 30.36 40.00
4 194.500 51.18 55.00
3 194.528 10.00 57.61
1 194.565 35.00 23.14
0 194.573 15.00 28.88
2 194.584 30.24 40.00
4 194.601 51.27 55.00
3 194.629 10.00 57.70
1 194.666 35.00 23.22
0 194.673 15.00 29.00
2 194.687 30.12 40.00
4 194.702 51.37 55.00
3 194.730 10.00 57.79
1 194.767 35.00 23.31
0 194.774 15.00 29.12
2 194.790 30.00 40.00
2 194.790 30.00 40.00
4 194.803 51.47 55.00
3 194.830 10.00 57.88
1 194.867 35.00 23.39
0 194.874 15.00 29.25
2 194.891 30.00 39.88
4 194.904 51.56 55.00
3 194.931 10.00 57.96
1 194.968 35.00 23.47
0 194.975 15.00 29.38
2 194.991 30.00 39.77
4 195.005 51.66 55.00
3 195.031 10.00 58.05
1 195.069 35.00 23.56
0 195.075 15.00 29.50
2 195.091 30.00 39.65
4 195.105 51.75 55.00
3 195.132 10.00 58.14
1 195.169 35.00 23.64
0 195.175 15.00 29.62
2 195.191 30.00 39.54
4 195.206 51.85 55.00
3 195.233 10.00 58.23
1 195.270 35.00 23.73
0 195.276 15.00 29.75
2 195.291 30.00 39.42
4 195.307 51.94 55.00
3 195.333 10.00 58.32
1 195.371 35.00 23.81
0 195.376 15.00 29.88
2 195.391 30.00 39.31
4 195.408 52.04 55.00
3 195.434 10.00 58.41
1 195.472 35.00 23.90
0 195.477 15.00 30.00
0 195.477 15.00 30.00
2 195.491 30.00 39.19
4 195.509 52.14 55.00
3 195.534 10.00 58.50
1 195.572 35.00 23.98
0 195.577 14.88 30.00
2 195.591 30.00 39.08
4 195.609 52.23 55.00
3 195.635 10.00 58.58
1 195.673 35.00 24.07
0 195.677 14.75 30.00
2 195.691 30.00 38.96
4 195.710 52.33 55.00
3 195.736 10.00 58.67
1 195.774 35.00 24.15
0 195.778 14.62 30.00
2 195.791 30.00 38.85
4 195.811 52.42 55.00
3 195.836 10.00 58.76
1 195.874 35.00 24.24
0 195.878 14.50 30.00
2 195.892 30.00 38.73
4 195.912 52.52 55.00
3 195.937 10.00 58.85
1 195.975 35.00 24.32
0 195.979 14.38 30.00
2 195.992 30.00 38.62
4 196.013 52.62 55.00
3 196.037 10.00 58.94
1 196.076 35.00 24.41
0 196.079 14.25 30.00
2 196.092 30.00 38.50
4 196.113 52.71 55.00
3 196.138 10.00 59.03
1 196.177 35.00 24.49
0 196.179 14.12 30.00
2 196.192 30.00 38.39
4 196.214 52.81 55.00
3 196.239 10.00 59.12
1 196.277 35.00 24.58
0 196.280 14.00 30.00
2 196.292 30.00 38.27
4 196.315 52.90 55.00
3 196.339 10.00 59.20
1 196.378 35.00 24.66
0 196.380 13.88 30.00
2 196.392 30.00 38.16
4 196.416 53.00 55.00
3 196.440 10.00 59.29
1 196.479 35.00 24.75
0 196.481 13.75 30.00
2 196.492 30.00 38.04
4 196.517 53.10 55.00
3 196.540 10.00 59.38
1 196.579 35.00 24.83
0 196.581 13.62 30.00
2 196.592 30.00 37.93
4 196.617 53.19 55.00
3 196.641 10.00 59.47
1 196.680 35.00 24.92
0 196.682 13.50 30.00
2 196.692 30.00 37.81
4 196.718 53.29 55.00
3 196.742 10.00 59.56
1 196.781 35.00 25.00
1 196.781 35.00 25.00
0 196.782 13.38 30.00
2 196.792 30.00 37.70
4 196.819 53.38 55.00
3 196.842 10.00 59.65
0 196.882 13.25 30.00
1 196.887 35.09 25.00
2 196.893 30.00 37.58
4 196.920 53.48 55.00
3 196.943 10.00 59.73
0 196.983 13.12 30.00
2 196.993 30.00 37.47
1 196.994 35.18 25.00
4 197.021 53.57 55.00
3 197.043 10.00 59.82
0 197.083 13.00 30.00
2 197.093 30.00 37.35
1 197.100 35.27 25.00
4 197.122 53.67 55.00
3 197.144 10.00 59.91
0 197.184 12.88 30.00
2 197.193 30.00 37.24
1 197.207 35.36 25.00
4 197.222 53.77 55.00
3 197.245 10.00 60.00
3 197.245 10.00 60.00
0 197.284 12.75 30.00
2 197.293 30.00 37.12
1 197.313 35.45 25.00
4 197.323 53.86 55.00
3 197.345 10.09 60.00
0 197.384 12.62 30.00
2 197.393 30.00 37.01
1 197.420 35.54 25.00
4 197.424 53.96 55.00
3 197.445 10.18 60.00
0 197.485 12.50 30.00
2 197.493 30.00 36.89
4 197.525 54.05 55.00
1 197.526 35.63 25.00
3 197.545 10.26 60.00
0 197.585 12.38 30.00
2 197.593 30.00 36.78
2 197.593 30.00 36.78
4 197.626 54.15 55.00
1 197.633 35.72 25.00
3 197.645 10.35 60.00
0 197.686 12.25 30.00
2 197.694 30.00 36.72
4 197.726 54.25 55.00
1 197.739 35.81 25.00
3 197.746 10.44 60.00
0 197.786 12.12 30.00
2 197.796 30.00 36.65
4 197.827 54.34 55.00
1 197.846 35.90 25.00
3 197.846 10.53 60.00
0 197.886 12.00 30.00
2 197.897 30.00 36.59
4 197.928 54.44 55.00
3 197.946 10.62 60.00
1 197.952 35.99 25.00
0 197.987 11.88 30.00
2 197.998 30.00 36.53
4 198.029 54.53 55.00
3 198.046 10.70 60.00
1 198.059 36.08 25.00
1 198.059 36.08 25.00
0 198.087 11.75 30.00
2 198.099 30.00 36.47
4 198.130 54.63 55.00
3 198.146 10.79 60.00
1 198.159 36.13 25.00
0 198.188 11.62 30.00
2 198.200 30.00 36.40
4 198.230 54.73 55.00
3 198.246 10.88 60.00
1 198.259 36.18 25.00
0 198.288 11.50 30.00
2 198.302 30.00 36.34
4 198.331 54.82 55.00
3 198.347 10.97 60.00
1 198.359 36.23 25.00
0 198.388 11.38 30.00
2 198.403 30.00 36.28
4 198.432 54.92 55.00
3 198.447 11.06 60.00
1 198.459 36.28 25.00
0 198.489 11.25 30.00
2 198.504 30.00 36.22
4 198.533 55.01 55.00
3 198.547 11.15 60.00
1 198.559 36.33 25.00
0 198.589 11.12 30.00
2 198.605 30.00 36.15
4 198.634 55.11 55.00
3 198.647 11.23 60.00
1 198.659 36.38 25.00
0 198.690 11.00 30.00
2 198.706 30.00 36.09
4 198.734 55.21 55.00
3 198.747 11.32 60.00
1 198.759 36.43 25.00
0 198.790 10.88 30.00
2 198.808 30.00 36.03
4 198.835 55.30 55.00
3 198.847 11.41 60.00
1 198.859 36.48 25.00
0 198.890 10.75 30.00
2 198.909 30.00 35.97
4 198.936 55.40 55.00
3 198.948 11.50 60.00
1 198.959 36.53 25.00
0 198.991 10.62 30.00
2 199.010 30.00 35.90
4 199.037 55.49 55.00
3 199.048 11.59 60.00
1 199.059 36.58 25.00
0 199.091 10.50 30.00
2 199.111 30.00 35.84
4 199.138 55.59 55.00
3 199.148 11.67 60.00
1 199.159 36.63 25.00
0 199.192 10.38 30.00
2 199.212 30.00 35.78
4 199.239 55.68 55.00
3 199.248 11.76 60.00
1 199.259 36.68 25.00
0 199.292 10.25 30.00
2 199.313 30.00 35.72
4 199.339 55.78 55.00
3 199.348 11.85 60.00
1 199.359 36.73 25.00
0 199.392 10.12 30.00
2 199.415 30.00 35.65
4 199.440 55.88 55.00
3 199.448 11.94 60.00
1 199.459 36.78 25.00
0 199.493 10.00 30.00
0 199.493 10.00 30.00
2 199.516 30.00 35.59
4 199.541 55.97 55.00
3 199.549 12.03 60.00
1 199.559 36.83 25.00
0 199.593 10.00 29.88
2 199.617 30.00 35.53
4 199.642 56.07 55.00
3 199.649 12.11 60.00
1 199.659 36.88 25.00
0 199.694 10.00 29.75
2 199.718 30.00 35.47
4 199.743 56.16 55.00
3 199.749 12.20 60.00
1 199.759 36.93 25.00
0 199.794 10.00 29.63
2 199.819 30.00 35.40
4 199.843 56.26 55.00
3 199.849 12.29 60.00
3 199.849 12.29 60.00
1 199.859 36.98 25.00
0 199.894 10.00 29.50
2 199.921 30.00 35.34
4 199.944 56.36 55.00
3 199.949 12.38 60.00
1 199.959 37.03 25.00
0 199.994 10.00 29.38
2 200.022 30.00 35.28
4 200.045 56.45 55.00
3 200.050 12.47 60.00
1 200.059 37.08 25.00
0 200.095 10.00 29.25
2 200.123 30.00 35.22
4 200.146 56.55 55.00
3 200.150 12.56 60.00
1 200.159 37.13 25.00
0 200.195 10.00 29.13
2 200.224 30.00 35.15
4 200.247 56.64 55.00
3 200.250 12.65 60.00
1 200.259 37.18 25.00
0 200.295 10.00 29.00
2 200.325 30.00 35.09
4 200.347 56.74 55.00
3 200.350 12.74 60.00
1 200.359 37.23 25.00
0 200.396 10.00 28.88
2 200.427 30.00 35.03
4 200.448 56.84 55.00
3 200.451 12.83 60.00
1 200.459 37.28 25.00
0 200.496 10.00 28.75
2 200.528 30.00 34.97
4 200.549 56.93 55.00
3 200.551 12.91 60.00
1 200.559 37.33 25.00
0 200.596 10.00 28.63
2 200.629 30.00 34.90
4 200.650 57.03 55.00
3 200.651 13.00 60.00
1 200.659 37.38 25.00
0 200.697 10.00 28.50
2 200.730 30.00 34.84
4 200.751 57.12 55.00
3 200.751 13.09 60.00
1 200.759 37.43 25.00
0 200.797 10.00 28.38
2 200.831 30.00 34.78
4 200.851 57.22 55.00
3 200.852 13.18 60.00
1 200.859 37.48 25.00
0 200.897 10.00 28.25
2 200.932 30.00 34.72
3 200.952 13.27 60.00
4 200.952 57.31 55.00
1 200.959 37.53 25.00
0 200.998 10.00 28.13
2 201.034 30.00 34.65
3 201.052 13.36 60.00
4 201.053 57.41 55.00
1 201.059 37.58 25.00
0 201.098 10.00 28.00
2 201.135 30.00 34.59
3 201.152 13.45 60.00
4 201.154 57.51 55.00
1 201.159 37.63 25.00
0 201.198 10.00 27.88
2 201.236 30.00 34.53
3 201.253 13.54 60.00
4 201.255 57.60 55.00
1 201.259 37.68 25.00
0 201.299 10.00 27.75
2 201.337 30.00 34.47
3 201.353 13.63 60.00
4 201.355 57.70 55.00
1 201.359 37.73 25.00
0 201.399 10.00 27.63
2 201.438 30.00 34.40
3 201.453 13.72 60.00
4 201.456 57.79 55.00
1 201.459 37.78 25.00
0 201.499 10.00 27.50
2 201.540 30.00 34.34
3 201.553 13.81 60.00
4 201.557 57.89 55.00
1 201.559 37.83 25.00
0 201.600 10.00 27.38
2 201.641 30.00 34.28
3 201.654 13.89 60.00
4 201.658 57.99 55.00
1 201.659 37.88 25.00
0 201.700 10.00 27.25
2 201.742 30.00 34.22
3 201.754 13.98 60.00
1 201.759 37.93 25.00
4 201.759 58.08 55.00
0 201.800 10.00 27.13
2 201.843 30.00 34.15
3 201.854 14.07 60.00
1 201.859 37.98 25.00
4 201.860 58.18 55.00
0 201.900 10.00 27.00
2 201.944 30.00 34.09
3 201.954 14.16 60.00
1 201.959 38.03 25.00
4 201.960 58.27 55.00
0 202.001 10.00 26.88
2 202.046 30.00 34.03
3 202.055 14.25 60.00
1 202.059 38.08 25.00
4 202.061 58.37 55.00
0 202.101 10.00 26.75
2 202.147 30.00 33.97
3 202.155 14.34 60.00
1 202.159 38.13 25.00
4 202.162 58.47 55.00
0 202.201 10.00 26.63
2 202.248 30.00 33.90
3 202.255 14.43 60.00
1 202.259 38.18 25.00
4 202.263 58.56 55.00
0 202.302 10.00 26.50
2 202.349 30.00 33.84
3 202.355 14.52 60.00
1 202.359 38.23 25.00
4 202.364 58.66 55.00
0 202.402 10.00 26.38
2 202.450 30.00 33.78
3 202.455 14.61 60.00
1 202.459 38.28 25.00
4 202.464 58.75 55.00
0 202.502 10.00 26.25
2 202.551 30.00 33.72
3 202.556 14.70 60.00
1 202.559 38.33 25.00
4 202.565 58.85 55.00
0 202.603 10.00 26.13
2 202.653 30.00 33.65
3 202.656 14.79 60.00
1 202.659 38.38 25.00
4 202.666 58.95 55.00
0 202.703 10.00 26.00
2 202.754 30.00 33.59
3 202.756 14.87 60.00
1 202.759 38.43 25.00
4 202.767 59.04 55.00
0 202.803 10.00 25.88
2 202.855 30.00 33.53
3 202.856 14.96 60.00
1 202.859 38.48 25.00
4 202.868 59.14 55.00
0 202.904 10.00 25.75
2 202.956 30.00 33.47
3 202.957 15.05 60.00
1 202.959 38.53 25.00
4 202.968 59.23 55.00
0 203.004 10.00 25.63
3 203.057 15.14 60.00
2 203.057 30.00 33.40
1 203.059 38.58 25.00
4 203.069 59.33 55.00
0 203.104 10.00 25.50
3 203.157 15.23 60.00
2 203.159 30.00 33.34
1 203.159 38.63 25.00
4 203.170 59.42 55.00
0 203.205 10.00 25.38
3 203.257 15.32 60.00
1 203.259 38.68 25.00
2 203.260 30.00 33.28
4 203.271 59.52 55.00
0 203.305 10.00 25.25
3 203.358 15.41 60.00
1 203.359 38.73 25.00
2 203.361 30.00 33.22
4 203.372 59.62 55.00
0 203.405 10.00 25.13
3 203.458 15.50 60.00
1 203.459 38.78 25.00
2 203.462 30.00 33.15
4 203.472 59.71 55.00
0 203.506 10.00 25.00
3 203.558 15.59 60.00
1 203.559 38.83 25.00
2 203.563 30.00 33.09
4 203.573 59.81 55.00
0 203.606 10.00 24.88
3 203.658 15.68 60.00
1 203.659 38.88 25.00
2 203.665 30.00 33.03
4 203.674 59.90 55.00
0 203.706 10.00 24.75
1 203.759 38.93 25.00
3 203.759 15.77 60.00
2 203.766 30.00 32.97
4 203.775 60.00 55.00
4 203.775 60.00 55.00
0 203.807 10.00 24.63
1 203.859 38.98 25.00
3 203.859 15.85 60.00
2 203.867 30.00 32.90
4 203.876 60.00 55.10
0 203.907 10.00 24.50
1 203.959 39.03 25.00
3 203.959 15.94 60.00
2 203.968 30.00 32.84
4 203.977 60.00 55.19
0 204.007 10.00 24.38
1 204.059 39.08 25.00
3 204.059 16.03 60.00
2 204.069 30.00 32.78
4 204.078 60.00 55.29
0 204.107 10.00 24.26
1 204.159 39.13 25.00
3 204.160 16.12 60.00
2 204.170 30.00 32.72
4 204.179 60.00 55.38
0 204.208 10.00 24.13
1 204.259 39.18 25.00
3 204.260 16.21 60.00
2 204.272 30.00 32.65
4 204.280 60.00 55.48
0 204.308 10.00 24.01
1 204.359 39.23 25.00
3 204.360 16.30 60.00
2 204.373 30.00 32.59
4 204.381 60.00 55.58
0 204.408 10.00 23.88
1 204.459 39.28 25.00
3 204.460 16.39 60.00
2 204.474 30.00 32.53
4 204.482 60.00 55.67
0 204.509 10.00 23.76
1 204.559 39.33 25.00
3 204.561 16.48 60.00
2 204.575 30.00 32.47
4 204.584 60.00 55.77
0 204.609 10.00 23.63
1 204.659 39.38 25.00
3 204.661 16.57 60.00
2 204.676 30.00 32.40
4 204.685 60.00 55.87
0 204.709 10.00 23.51
1 204.759 39.43 25.00
3 204.761 16.66 60.00
2 204.778 30.00 32.34
4 204.786 60.00 55.96
0 204.810 10.00 23.38
1 204.859 39.48 25.00
3 204.861 16.75 60.00
2 204.879 30.00 32.28
4 204.887 60.00 56.06
0 204.910 10.00 23.26
1 204.959 39.53 25.00
3 204.961 16.83 60.00
2 204.980 30.00 32.22
4 204.988 60.00 56.15
0 205.010 10.00 23.13
1 205.059 39.58 25.00
3 205.062 16.92 60.00
2 205.081 30.00 32.15
4 205.089 60.00 56.25
0 205.111 10.00 23.01
0 205.111 10.00 23.01
1 205.159 39.63 25.00
3 205.162 17.01 60.00
2 205.182 30.00 32.09
4 205.190 60.00 56.35
0 205.211 10.00 22.91
1 205.259 39.68 25.00
3 205.262 17.10 60.00
2 205.284 30.00 32.03
4 205.291 60.00 56.44
0 205.312 10.00 22.81
1 205.359 39.73 25.00
3 205.362 17.19 60.00
2 205.385 30.00 31.97
4 205.392 60.00 56.54
0 205.413 10.00 22.72
1 205.459 39.78 25.00
3 205.463 17.28 60.00
2 205.486 30.00 31.90
4 205.493 60.00 56.63
0 205.514 10.00 22.62
1 205.559 39.83 25.00
3 205.563 17.37 60.00
2 205.587 30.00 31.84
4 205.594 60.00 56.73
0 205.615 10.00 22.52
1 205.659 39.88 25.00
3 205.663 17.46 60.00
2 205.688 30.00 31.78
2 205.688 30.00 31.78
4 205.695 60.00 56.83
0 205.715 10.00 22.42
1 205.759 39.93 25.00
3 205.763 17.55 60.00
2 205.793 30.00 31.65
4 205.796 60.00 56.92
0 205.816 10.00 22.33
1 205.859 39.98 25.00
3 205.864 17.64 60.00
4 205.898 60.00 57.02
2 205.898 30.00 31.52
0 205.917 10.00 22.23
1 205.959 40.03 25.00
3 205.964 17.73 60.00
4 205.999 60.00 57.12
2 206.002 30.00 31.40
0 206.018 10.00 22.13
1 206.059 40.08 25.00
3 206.064 17.82 60.00
4 206.100 60.00 57.21
2 206.107 30.00 31.27
0 206.119 10.00 22.04
1 206.159 40.13 25.00
3 206.164 17.90 60.00
4 206.201 60.00 57.31
2 206.212 30.00 31.14
0 206.220 10.00 21.94
1 206.259 40.18 25.00
3 206.265 17.99 60.00
4 206.302 60.00 57.40
2 206.316 30.00 31.02
0 206.320 10.00 21.84
1 206.359 40.23 25.00
3 206.365 18.08 60.00
4 206.403 60.00 57.50
2 206.421 30.00 30.89
0 206.421 10.00 21.74
1 206.459 40.28 25.00
3 206.465 18.17 60.00
4 206.504 60.00 57.60
0 206.522 10.00 21.65
2 206.526 30.00 30.76
1 206.559 40.33 25.00
3 206.565 18.26 60.00
4 206.605 60.00 57.69
0 206.623 10.00 21.55
2 206.631 30.00 30.63
1 206.659 40.38 25.00
3 206.666 18.35 60.00
4 206.706 60.00 57.79
0 206.724 10.00 21.45
2 206.735 30.00 30.51
1 206.759 40.43 25.00
3 206.766 18.44 60.00
4 206.807 60.00 57.88
0 206.824 10.00 21.36
2 206.840 30.00 30.38
1 206.859 40.48 25.00
3 206.866 18.53 60.00
4 206.908 60.00 57.98
0 206.925 10.00 21.26
2 206.945 30.00 30.25
1 206.959 40.53 25.00
3 206.966 18.62 60.00
4 207.009 60.00 58.08
0 207.026 10.00 21.16
2 207.049 30.00 30.13
1 207.059 40.58 25.00
3 207.067 18.71 60.00
4 207.111 60.00 58.17
0 207.127 10.00 21.06
2 207.154 30.00 30.00
2 207.154 30.00 30.00
1 207.159 40.63 25.00
3 207.167 18.80 60.00
4 207.212 60.00 58.27
0 207.228 10.00 20.97
2 207.255 30.12 30.00
1 207.259 40.68 25.00
3 207.267 18.88 60.00
4 207.313 60.00 58.37
0 207.328 10.00 20.87
2 207.355 30.24 30.00
1 207.359 40.73 25.00
3 207.367 18.97 60.00
4 207.414 60.00 58.46
0 207.429 10.00 20.77
2 207.456 30.37 30.00
1 207.459 40.78 25.00
3 207.468 19.06 60.00
4 207.515 60.00 58.56
0 207.530 10.00 20.68
2 207.556 30.49 30.00
1 207.559 40.83 25.00
3 207.568 19.15 60.00
4 207.616 60.00 58.65
0 207.631 10.00 20.58
2 207.657 30.61 30.00
1 207.659 40.88 25.00
3 207.668 19.24 60.00
4 207.717 60.00 58.75
0 207.732 10.00 20.48
2 207.757 30.73 30.00
1 207.759 40.93 25.00
3 207.768 19.33 60.00
4 207.818 60.00 58.85
0 207.833 10.00 20.38
2 207.858 30.85 30.00
1 207.859 40.98 25.00
3 207.868 19.42 60.00
4 207.919 60.00 58.94
0 207.933 10.00 20.29
2 207.958 30.98 30.00
1 207.959 41.03 25.00
3 207.969 19.51 60.00
4 208.020 60.00 59.04
0 208.034 10.00 20.19
1 208.059 41.08 25.00
1 208.059 41.08 25.00
2 208.059 31.10 30.00
3 208.069 19.60 60.00
4 208.121 60.00 59.13
0 208.135 10.00 20.09
1 208.159 41.13 25.00
2 208.159 31.22 30.00
3 208.169 19.69 60.00
4 208.222 60.00 59.23
0 208.236 10.00 20.00
1 208.259 41.18 25.00
2 208.260 31.34 30.00
3 208.269 19.78 60.00
4 208.323 60.00 59.33
0 208.337 10.00 19.90
1 208.360 41.24 25.00
2 208.361 31.46 30.00
3 208.370 19.86 60.00
4 208.425 60.00 59.42
0 208.437 10.00 19.80
1 208.460 41.29 25.00
2 208.461 31.59 30.00
3 208.470 19.95 60.00
4 208.526 60.00 59.52
0 208.538 10.00 19.71
1 208.561 41.34 25.00
2 208.562 31.71 30.00
3 208.570 20.04 60.00
4 208.627 60.00 59.62
0 208.639 10.00 19.61
1 208.661 41.40 25.00
2 208.662 31.83 30.00
3 208.670 20.13 60.00
4 208.728 60.00 59.71
0 208.740 10.00 19.51
1 208.762 41.45 25.00
2 208.763 31.95 30.00
3 208.771 20.22 60.00
4 208.829 60.00 59.81
0 208.841 10.00 19.41
1 208.862 41.51 25.00
2 208.863 32.07 30.00
3 208.871 20.31 60.00
4 208.930 60.00 59.90
0 208.941 10.00 19.32
1 208.962 41.56 25.00
2 208.964 32.20 30.00
3 208.971 20.40 60.00
4 209.031 60.00 60.00
4 209.031 60.00 60.00
0 209.042 10.00 19.22
1 209.063 41.61 25.00
2 209.064 32.32 30.00
3 209.071 20.49 60.00
4 209.132 59.90 60.00
0 209.143 10.00 19.12
1 209.163 41.67 25.00
2 209.165 32.44 30.00
3 209.172 20.58 60.00
4 209.232 59.81 60.00
0 209.244 10.00 19.03
1 209.264 41.72 25.00
2 209.265 32.56 30.00
3 209.272 20.67 60.00
4 209.333 59.71 60.00
0 209.345 10.00 18.93
1 209.364 41.77 25.00
2 209.366 32.68 30.00
3 209.372 20.76 60.00
4 209.433 59.62 60.00
0 209.446 10.00 18.83
1 209.465 41.83 25.00
2 209.467 32.80 30.00
3 209.472 20.84 60.00
4 209.534 59.52 60.00
0 209.546 10.00 18.73
1 209.565 41.88 25.00
2 209.567 32.93 30.00
3 209.573 20.93 60.00
4 209.635 59.43 60.00
0 209.647 10.00 18.64
1 209.665 41.94 25.00
2 209.668 33.05 30.00
3 209.673 21.02 60.00
4 209.735 59.33 60.00
0 209.748 10.00 18.54
1 209.766 41.99 25.00
2 209.768 33.17 30.00
3 209.773 21.11 60.00
4 209.836 59.23 60.00
0 209.849 10.00 18.44
1 209.866 42.04 25.00
2 209.869 33.29 30.00
3 209.873 21.20 60.00
4 209.936 59.14 60.00
0 209.950 10.00 18.35
1 209.967 42.10 25.00
2 209.969 33.41 30.00
3 209.974 21.29 60.00
4 210.037 59.04 60.00
0 210.050 10.00 18.25
1 210.067 42.15 25.00
2 210.070 33.54 30.00
3 210.074 21.38 60.00
4 210.137 58.95 60.00
0 210.151 10.00 18.15
1 210.167 42.20 25.00
2 210.170 33.66 30.00
3 210.174 21.47 60.00
4 210.238 58.85 60.00
0 210.252 10.00 18.05
1 210.268 42.26 25.00
2 210.271 33.78 30.00
3 210.274 21.56 60.00
4 210.339 58.76 60.00
0 210.353 10.00 17.96
1 210.368 42.31 25.00
2 210.371 33.90 30.00
3 210.375 21.65 60.00
4 210.439 58.66 60.00
0 210.454 10.00 17.86
1 210.469 42.37 25.00
2 210.472 34.02 30.00
3 210.475 21.74 60.00
4 210.540 58.56 60.00
0 210.554 10.00 17.76
1 210.569 42.42 25.00
2 210.573 34.15 30.00
3 210.575 21.82 60.00
4 210.640 58.47 60.00
0 210.655 10.00 17.67
1 210.670 42.47 25.00
2 210.673 34.27 30.00
3 210.675 21.91 60.00
4 210.741 58.37 60.00
0 210.756 10.00 17.57
1 210.770 42.53 25.00
2 210.774 34.39 30.00
3 210.775 22.00 60.00
4 210.842 58.28 60.00
0 210.857 10.00 17.47
1 210.870 42.58 25.00
2 210.874 34.51 30.00
3 210.876 22.09 60.00
4 210.942 58.18 60.00
0 210.958 10.00 17.38
1 210.971 42.63 25.00
2 210.975 34.63 30.00
3 210.976 22.18 60.00
4 211.043 58.09 60.00
0 211.059 10.00 17.28
1 211.071 42.69 25.00
2 211.075 34.76 30.00
3 211.076 22.27 60.00
4 211.143 57.99 60.00
0 211.159 10.00 17.18
1 211.172 42.74 25.00
2 211.176 34.88 30.00
3 211.176 22.36 60.00
4 211.244 57.89 60.00
0 211.260 10.00 17.08
1 211.272 42.80 25.00
2 211.276 35.00 30.00
2 211.276 35.00 30.00
3 211.277 22.45 60.00
4 211.345 57.80 60.00
0 211.361 10.00 16.99
1 211.373 42.85 25.00
2 211.377 35.00 30.12
3 211.377 22.54 60.00
4 211.445 57.70 60.00
0 211.462 10.00 16.89
1 211.473 42.90 25.00
3 211.477 22.63 60.00
2 211.477 35.00 30.24
4 211.546 57.61 60.00
0 211.563 10.00 16.79
1 211.573 42.96 25.00
3 211.577 22.72 60.00
2 211.578 35.00 30.37
4 211.646 57.51 60.00
0 211.663 10.00 16.70
1 211.674 43.01 25.00
3 211.678 22.80 60.00
2 211.679 35.00 30.49
4 211.747 57.42 60.00
0 211.764 10.00 16.60
1 211.774 43.06 25.00
3 211.778 22.89 60.00
2 211.779 35.00 30.61
4 211.847 57.32 60.00
0 211.865 10.00 16.50
1 211.875 43.12 25.00
3 211.878 22.98 60.00
2 211.880 35.00 30.73
4 211.948 57.23 60.00
0 211.966 10.00 16.40
1 211.975 43.17 25.00
3 211.978 23.07 60.00
2 211.980 35.00 30.85
4 212.049 57.13 60.00
0 212.067 10.00 16.31
1 212.076 43.23 25.00
3 212.079 23.16 60.00
2 212.081 35.00 30.98
4 212.149 57.03 60.00
0 212.167 10.00 16.21
1 212.176 43.28 25.00
3 212.179 23.25 60.00
2 212.181 35.00 31.10
4 212.250 56.94 60.00
0 212.268 10.00 16.11
1 212.276 43.33 25.00
3 212.279 23.34 60.00
2 212.282 35.00 31.22
4 212.350 56.84 60.00
0 212.369 10.00 16.02
1 212.377 43.39 25.00
3 212.379 23.43 60.00
2 212.382 35.00 31.34
4 212.451 56.75 60.00
0 212.470 10.00 15.92
1 212.477 43.44 25.00
3 212.480 23.52 60.00
2 212.483 35.00 31.46
4 212.552 56.65 60.00
0 212.571 10.00 15.82
1 212.578 43.49 25.00
3 212.580 23.61 60.00
2 212.583 35.00 31.59
4 212.652 56.56 60.00
0 212.672 10.00 15.72
1 212.678 43.55 25.00
3 212.680 23.70 60.00
2 212.684 35.00 31.71
4 212.753 56.46 60.00
0 212.772 10.00 15.63
1 212.778 43.60 25.00
3 212.780 23.78 60.00
2 212.785 35.00 31.83
4 212.853 56.36 60.00
0 212.873 10.00 15.53
1 212.879 43.66 25.00
3 212.881 23.87 60.00
2 212.885 35.00 31.95
4 212.954 56.27 60.00
0 212.974 10.00 15.43
1 212.979 43.71 25.00
3 212.981 23.96 60.00
2 212.986 35.00 32.07
4 213.055 56.17 60.00
0 213.075 10.00 15.34
1 213.080 43.76 25.00
3 213.081 24.05 60.00
2 213.086 35.00 32.20
4 213.155 56.08 60.00
0 213.176 10.00 15.24
1 213.180 43.82 25.00
3 213.181 24.14 60.00
2 213.187 35.00 32.32
4 213.256 55.98 60.00
0 213.276 10.00 15.14
1 213.281 43.87 25.00
3 213.282 24.23 60.00
2 213.287 35.00 32.44
4 213.356 55.89 60.00
0 213.377 10.00 15.05
1 213.381 43.92 25.00
3 213.382 24.32 60.00
2 213.388 35.00 32.56
4 213.457 55.79 60.00
0 213.478 10.00 14.95
1 213.481 43.98 25.00
3 213.482 24.41 60.00
2 213.488 35.00 32.68
4 213.558 55.69 60.00
0 213.579 10.00 14.85
1 213.582 44.03 25.00
3 213.582 24.50 60.00
2 213.589 35.00 32.80
4 213.658 55.60 60.00
0 213.680 10.00 14.75
1 213.682 44.09 25.00
3 213.682 24.59 60.00
2 213.689 35.00 32.93
4 213.759 55.50 60.00
0 213.780 10.00 14.66
1 213.783 44.14 25.00
3 213.783 24.68 60.00
2 213.790 35.00 33.05
4 213.859 55.41 60.00
0 213.881 10.00 14.56
3 213.883 24.76 60.00
1 213.883 44.19 25.00
2 213.891 35.00 33.17
4 213.960 55.31 60.00
0 213.982 10.00 14.46
3 213.983 24.85 60.00
1 213.984 44.25 25.00
2 213.991 35.00 33.29
4 214.060 55.22 60.00
0 214.083 10.00 14.37
3 214.083 24.94 60.00
1 214.084 44.30 25.00
2 214.092 35.00 33.41
4 214.161 55.12 60.00
3 214.184 25.03 60.00
0 214.184 10.00 14.27
1 214.184 44.35 25.00
2 214.192 35.00 33.54
4 214.262 55.02 60.00
3 214.284 25.12 60.00
0 214.285 10.00 14.17
1 214.285 44.41 25.00
2 214.293 35.00 33.66
4 214.362 54.93 60.00
3 214.384 25.21 60.00
1 214.385 44.46 25.00
0 214.385 10.00 14.07
2 214.393 35.00 33.78
4 214.463 54.83 60.00
3 214.484 25.30 60.00
1 214.486 44.52 25.00
0 214.486 10.00 13.98
2 214.494 35.00 33.90
4 214.563 54.74 60.00
3 214.585 25.39 60.00
1 214.586 44.57 25.00
0 214.587 10.00 13.88
2 214.594 35.00 34.02
4 214.664 54.64 60.00
3 214.685 25.48 60.00
1 214.687 44.62 25.00
0 214.688 10.00 13.78
2 214.695 35.00 34.15
4 214.765 54.55 60.00
3 214.785 25.57 60.00
1 214.787 44.68 25.00
0 214.789 10.00 13.69
2 214.795 35.00 34.27
4 214.865 54.45 60.00
3 214.885 25.66 60.00
1 214.887 44.73 25.00
0 214.889 10.00 13.59
2 214.896 35.00 34.39
4 214.966 54.35 60.00
3 214.986 25.74 60.00
1 214.988 44.78 25.00
0 214.990 10.00 13.49
2 214.997 35.00 34.51
4 215.066 54.26 60.00
3 215.086 25.83 60.00
1 215.088 44.84 25.00
0 215.091 10.00 13.39
2 215.097 35.00 34.63
4 215.167 54.16 60.00
3 215.186 25.92 60.00
1 215.189 44.89 25.00
0 215.192 10.00 13.30
2 215.198 35.00 34.76
4 215.268 54.07 60.00
3 215.286 26.01 60.00
1 215.289 44.95 25.00
0 215.293 10.00 13.20
2 215.298 35.00 34.88
4 215.368 53.97 60.00
3 215.387 26.10 60.00
1 215.389 45.00 25.00
1 215.389 45.00 25.00
0 215.393 10.00 13.10
2 215.399 35.00 35.00
4 215.469 53.88 60.00
3 215.487 26.19 60.00
1 215.490 45.00 24.95
0 215.494 10.00 13.01
0 215.494 10.00 13.01
2 215.499 35.00 35.12
4 215.569 53.78 60.00
3 215.587 26.28 60.00
1 215.590 45.00 24.89
0 215.595 10.00 12.90
2 215.600 35.00 35.24
4 215.670 53.68 60.00
3 215.687 26.37 60.00
1 215.691 45.00 24.84
0 215.695 10.00 12.80
2 215.700 35.00 35.37
4 215.770 53.59 60.00
3 215.788 26.46 60.00
1 215.791 45.00 24.78
0 215.795 10.00 12.70
2 215.801 35.00 35.49
4 215.871 53.49 60.00
3 215.888 26.55 60.00
1 215.892 45.00 24.73
0 215.896 10.00 12.59
2 215.901 35.00 35.61
4 215.972 53.40 60.00
3 215.988 26.64 60.00
1 215.992 45.00 24.68
0 215.996 10.00 12.49
2 216.002 35.00 35.73
4 216.072 53.30 60.00
3 216.088 26.72 60.00
1 216.092 45.00 24.62
0 216.096 10.00 12.38
2 216.103 35.00 35.85
4 216.173 53.21 60.00
3 216.189 26.81 60.00
1 216.193 45.00 24.57
0 216.197 10.00 12.28
2 216.203 35.00 35.98
4 216.273 53.11 60.00
3 216.289 26.90 60.00
1 216.293 45.00 24.52
0 216.297 10.00 12.18
2 216.304 35.00 36.10
4 216.374 53.01 60.00
3 216.389 26.99 60.00
1 216.394 45.00 24.46
0 216.397 10.00 12.07
2 216.404 35.00 36.22
4 216.475 52.92 60.00
3 216.489 27.08 60.00
1 216.494 45.00 24.41
0 216.498 10.00 11.97
2 216.505 35.00 36.34
4 216.575 52.82 60.00
3 216.589 27.17 60.00
1 216.595 45.00 24.35
0 216.598 10.00 11.87
2 216.605 35.00 36.46
4 216.676 52.73 60.00
3 216.690 27.26 60.00
1 216.695 45.00 24.30
0 216.698 10.00 11.76
2 216.706 35.00 36.59
4 216.776 52.63 60.00
3 216.790 27.35 60.00
1 216.795 45.00 24.25
0 216.799 10.00 11.66
2 216.806 35.00 36.71
4 216.877 52.54 60.00
3 216.890 27.44 60.00
1 216.896 45.00 24.19
0 216.899 10.00 11.55
2 216.907 35.00 36.83
4 216.978 52.44 60.00
3 216.990 27.53 60.00
1 216.996 45.00 24.14
0 216.999 10.00 11.45
2 217.007 35.00 36.95
4 217.078 52.34 60.00
3 217.091 27.62 60.00
1 217.097 45.00 24.09
0 217.100 10.00 11.35
2 217.108 35.00 37.07
4 217.179 52.25 60.00
3 217.191 27.70 60.00
1 217.197 45.00 24.03
0 217.200 10.00 11.24
2 217.209 35.00 37.20
4 217.279 52.15 60.00
3 217.291 27.79 60.00
1 217.297 45.00 23.98
0 217.300 10.00 11.14
2 217.309 35.00 37.32
4 217.380 52.06 60.00
3 217.391 27.88 60.00
1 217.398 45.00 23.92
0 217.401 10.00 11.04
2 217.410 35.00 37.44
4 217.480 51.96 60.00
3 217.492 27.97 60.00
1 217.498 45.00 23.87
0 217.501 10.00 10.93
2 217.510 35.00 37.56
4 217.581 51.87 60.00
3 217.592 28.06 60.00
1 217.599 45.00 23.82
0 217.601 10.00 10.83
2 217.611 35.00 37.68
4 217.682 51.77 60.00
3 217.692 28.15 60.00
1 217.699 45.00 23.76
0 217.702 10.00 10.73
2 217.711 35.00 37.80
4 217.782 51.68 60.00
3 217.792 28.24 60.00
1 217.800 45.00 23.71
0 217.802 10.00 10.62
2 217.812 35.00 37.93
4 217.883 51.58 60.00
3 217.893 28.33 60.00
1 217.900 45.00 23.66
0 217.902 10.00 10.52
2 217.912 35.00 38.05
4 217.983 51.48 60.00
3 217.993 28.42 60.00
1 218.000 45.00 23.60
0 218.003 10.00 10.41
2 218.013 35.00 38.17
4 218.084 51.39 60.00
3 218.093 28.51 60.00
1 218.101 45.00 23.55
0 218.103 10.00 10.31
2 218.113 35.00 38.29
4 218.185 51.29 60.00
3 218.193 28.60 60.00
1 218.201 45.00 23.49
0 218.203 10.00 10.21
2 218.214 35.00 38.41
4 218.285 51.20 60.00
3 218.294 28.68 60.00
1 218.302 45.00 23.44
0 218.304 10.00 10.10
2 218.315 35.00 38.54
4 218.386 51.10 60.00
3 218.394 28.77 60.00
1 218.402 45.00 23.39
0 218.404 10.00 10.00
0 218.404 10.00 10.00
2 218.415 35.00 38.66
4 218.486 51.01 60.00
3 218.494 28.86 60.00
1 218.503 45.00 23.33
0 218.504 10.10 10.00
2 218.516 35.00 38.78
4 218.587 50.91 60.00
3 218.594 28.95 60.00
1 218.603 45.00 23.28
0 218.604 10.21 10.00
2 218.616 35.00 38.90
4 218.688 50.81 60.00
3 218.695 29.04 60.00
1 218.703 45.00 23.23
0 218.704 10.31 10.00
2 218.717 35.00 39.02
4 218.788 50.72 60.00
3 218.795 29.13 60.00
1 218.804 45.00 23.17
0 218.804 10.41 10.00
2 218.817 35.00 39.15
4 218.889 50.62 60.00
3 218.895 29.22 60.00
1 218.904 45.00 23.12
0 218.904 10.52 10.00
2 218.918 35.00 39.27
4 218.989 50.53 60.00
3 218.995 29.31 60.00
0 219.004 10.62 10.00
1 219.005 45.00 23.06
2 219.018 35.00 39.39
4 219.090 50.43 60.00
3 219.096 29.40 60.00
0 219.104 10.72 10.00
1 219.105 45.00 23.01
2 219.119 35.00 39.51
4 219.190 50.34 60.00
3 219.196 29.49 60.00
0 219.204 10.83 10.00
1 219.205 45.00 22.96
2 219.219 35.00 39.63
4 219.291 50.24 60.00
3 219.296 29.58 60.00
0 219.304 10.93 10.00
1 219.306 45.00 22.90
2 219.320 35.00 39.76
4 219.392 50.14 60.00
3 219.396 29.66 60.00
0 219.405 11.03 10.00
1 219.406 45.00 22.85
2 219.421 35.00 39.88
4 219.492 50.05 60.00
3 219.496 29.75 60.00
0 219.505 11.14 10.00
1 219.507 45.00 22.80
2 219.521 35.00 40.00
2 219.521 35.00 40.00
4 219.593 49.95 60.00
3 219.597 29.84 60.00
0 219.605 11.24 10.00
1 219.607 45.00 22.74
2 219.622 35.12 40.00
4 219.693 49.86 60.00
3 219.697 29.93 60.00
0 219.705 11.34 10.00
1 219.708 45.00 22.69
2 219.722 35.24 40.00
4 219.794 49.76 60.00
3 219.797 30.02 60.00
0 219.805 11.45 10.00
1 219.808 45.00 22.63
2 219.823 35.37 40.00
4 219.895 49.67 60.00
3 219.897 30.11 60.00
0 219.905 11.55 10.00
1 219.908 45.00 22.58
2 219.923 35.49 40.00
4 219.995 49.57 60.00
3 219.998 30.20 60.00
0 220.005 11.65 10.00
1 220.009 45.00 22.53
2 220.024 35.61 40.00
4 220.096 49.47 60.00
3 220.098 30.29 60.00
0 220.105 11.76 10.00
1 220.109 45.00 22.47
2 220.124 35.73 40.00
4 220.196 49.38 60.00
3 220.198 30.38 60.00
0 220.205 11.86 10.00
1 220.210 45.00 22.42
2 220.225 35.85 40.00
4 220.297 49.28 60.00
3 220.298 30.47 60.00
0 220.305 11.96 10.00
1 220.310 45.00 22.37
2 220.325 35.98 40.00
4 220.398 49.19 60.00
3 220.399 30.56 60.00
0 220.405 12.07 10.00
1 220.410 45.00 22.31
2 220.426 36.10 40.00
4 220.498 49.09 60.00
3 220.499 30.64 60.00
0 220.505 12.17 10.00
1 220.511 45.00 22.26
2 220.527 36.22 40.00
4 220.599 49.00 60.00
3 220.599 30.73 60.00
0 220.605 12.27 10.00
1 220.611 45.00 22.20
2 220.627 36.34 40.00
4 220.699 48.90 60.00
3 220.699 30.82 60.00
0 220.705 12.38 10.00
1 220.712 45.00 22.15
2 220.728 36.46 40.00
3 220.800 30.91 60.00
4 220.800 48.80 60.00
0 220.805 12.48 10.00
1 220.812 45.00 22.10
2 220.828 36.59 40.00
3 220.900 31.00 60.00
4 220.900 48.71 60.00
0 220.906 12.58 10.00
1 220.913 45.00 22.04
2 220.929 36.71 40.00
3 221.000 31.09 60.00
4 221.001 48.61 60.00
0 221.006 12.69 10.00
1 221.013 45.00 21.99
2 221.029 36.83 40.00
3 221.100 31.18 60.00
4 221.102 48.52 60.00
0 221.106 12.79 10.00
1 221.113 45.00 21.94
2 221.130 36.95 40.00
3 221.201 31.27 60.00
4 221.202 48.42 60.00
0 221.206 12.90 10.00
1 221.214 45.00 21.88
2 221.230 37.07 40.00
3 221.301 31.36 60.00
4 221.303 48.33 60.00
0 221.306 13.00 10.00
1 221.314 45.00 21.83
2 221.331 37.20 40.00
3 221.401 31.45 60.00
4 221.403 48.23 60.00
0 221.406 13.10 10.00
1 221.415 45.00 21.77
2 221.431 37.32 40.00
3 221.501 31.54 60.00
4 221.504 48.13 60.00
0 221.506 13.21 10.00
1 221.515 45.00 21.72
2 221.532 37.44 40.00
3 221.602 31.62 60.00
4 221.605 48.04 60.00
0 221.606 13.31 10.00
1 221.616 45.00 21.67
2 221.633 37.56 40.00
3 221.702 31.71 60.00
4 221.705 47.94 60.00
0 221.706 13.41 10.00
1 221.716 45.00 21.61
2 221.733 37.68 40.00
3 221.802 31.80 60.00
4 221.806 47.85 60.00
0 221.806 13.52 10.00
1 221.816 45.00 21.56
2 221.834 37.80 40.00
3 221.902 31.89 60.00
0 221.906 13.62 10.00
4 221.906 47.75 60.00
1 221.917 45.00 21.51
2 221.934 37.93 40.00
3 222.002 31.98 60.00
0 222.006 13.72 10.00
4 222.007 47.66 60.00
1 222.017 45.00 21.45
2 222.035 38.05 40.00
3 222.103 32.07 60.00
0 222.106 13.83 10.00
4 222.108 47.56 60.00
1 222.118 45.00 21.40
2 222.135 38.17 40.00
3 222.203 32.16 60.00
0 222.206 13.93 10.00
4 222.208 47.46 60.00
1 222.218 45.00 21.34
2 222.236 38.29 40.00
3 222.303 32.25 60.00
0 222.307 14.03 10.00
4 222.309 47.37 60.00
1 222.318 45.00 21.29
2 222.336 38.41 40.00
3 222.403 32.34 60.00
0 222.407 14.14 10.00
4 222.409 47.27 60.00
1 222.419 45.00 21.24
2 222.437 38.54 40.00
3 222.504 32.43 60.00
0 222.507 14.24 10.00
4 222.510 47.18 60.00
1 222.519 45.00 21.18
2 222.537 38.66 40.00
3 222.604 32.52 60.00
0 222.607 14.34 10.00
4 222.610 47.08 60.00
1 222.620 45.00 21.13
2 222.638 38.78 40.00
3 222.704 32.61 60.00
0 222.707 14.45 10.00
4 222.711 46.99 60.00
1 222.720 45.00 21.08
2 222.739 38.90 40.00
3 222.804 32.69 60.00
0 222.807 14.55 10.00
4 222.812 46.89 60.00
1 222.821 45.00 21.02
2 222.839 39.02 40.00
3 222.905 32.78 60.00
0 222.907 14.65 10.00
4 222.912 46.80 60.00
1 222.921 45.00 20.97
2 222.940 39.15 40.00
3 223.005 32.87 60.00
0 223.007 14.76 10.00
4 223.013 46.70 60.00
4 223.013 46.70 60.00
1 223.021 45.00 20.91
2 223.040 39.27 40.00
3 223.105 32.96 60.00
0 223.107 14.86 10.00
4 223.116 46.61 60.00
1 223.122 45.00 20.86
2 223.141 39.39 40.00
3 223.205 33.05 60.00
0 223.207 14.96 10.00
4 223.220 46.52 60.00
1 223.222 45.00 20.81
2 223.241 39.51 40.00
3 223.306 33.14 60.00
0 223.307 15.07 10.00
1 223.323 45.00 20.75
4 223.323 46.43 60.00
2 223.342 39.63 40.00
3 223.406 33.23 60.00
0 223.407 15.17 10.00
1 223.423 45.00 20.70
4 223.427 46.34 60.00
2 223.442 39.76 40.00
3 223.506 33.32 60.00
0 223.507 15.27 10.00
1 223.524 45.00 20.65
4 223.530 46.25 60.00
2 223.543 39.88 40.00
3 223.606 33.41 60.00
0 223.607 15.38 10.00
1 223.624 45.00 20.59
4 223.633 46.16 60.00
2 223.643 40.00 40.00
3 223.707 33.50 60.00
0 223.707 15.48 10.00
1 223.724 45.00 20.54
4 223.737 46.07 60.00
2 223.744 40.12 40.00
3 223.807 33.59 60.00
0 223.808 15.58 10.00
1 223.825 45.00 20.48
4 223.840 45.98 60.00
2 223.845 40.24 40.00
3 223.907 33.67 60.00
0 223.908 15.69 10.00
1 223.925 45.00 20.43
4 223.944 45.89 60.00
2 223.945 40.37 40.00
3 224.007 33.76 60.00
0 224.008 15.79 10.00
1 224.026 45.00 20.38
2 224.046 40.49 40.00
4 224.047 45.80 60.00
3 224.108 33.85 60.00
0 224.108 15.89 10.00
1 224.126 45.00 20.32
2 224.146 40.61 40.00
4 224.151 45.72 60.00
3 224.208 33.94 60.00
0 224.208 16.00 10.00
1 224.226 45.00 20.27
2 224.247 40.73 40.00
4 224.254 45.63 60.00
0 224.308 16.10 10.00
3 224.308 34.03 60.00
1 224.327 45.00 20.22
2 224.347 40.85 40.00
4 224.358 45.54 60.00
0 224.408 16.20 10.00
3 224.408 34.12 60.00
1 224.427 45.00 20.16
2 224.448 40.98 40.00
4 224.461 45.45 60.00
0 224.508 16.31 10.00
3 224.509 34.21 60.00
1 224.528 45.00 20.11
2 224.548 41.10 40.00
4 224.564 45.36 60.00
0 224.608 16.41 10.00
3 224.609 34.30 60.00
1 224.628 45.00 20.05
2 224.649 41.22 40.00
4 224.668 45.27 60.00
0 224.708 16.51 10.00
3 224.709 34.39 60.00
1 224.729 45.00 20.00
2 224.749 41.34 40.00
4 224.771 45.18 60.00
0 224.808 16.62 10.00
3 224.809 34.48 60.00
1 224.829 45.00 19.95
2 224.850 41.46 40.00
4 224.875 45.09 60.00
0 224.908 16.72 10.00
3 224.909 34.57 60.00
1 224.929 45.00 19.89
2 224.951 41.59 40.00
4 224.978 45.00 60.00
4 224.978 45.00 60.00
0 225.008 16.82 10.00
3 225.010 34.65 60.00
1 225.030 45.00 19.84
2 225.051 41.71 40.00
4 225.080 45.00 59.91
0 225.108 16.93 10.00
3 225.110 34.74 60.00
1 225.130 45.00 19.78
2 225.152 41.83 40.00
4 225.181 45.00 59.82
0 225.209 17.03 10.00
3 225.210 34.83 60.00
1 225.231 45.00 19.73
2 225.252 41.95 40.00
4 225.283 45.00 59.74
0 225.309 17.13 10.00
3 225.310 34.92 60.00
1 225.331 45.00 19.68
2 225.353 42.07 40.00
4 225.384 45.00 59.65
0 225.409 17.24 10.00
3 225.411 35.01 60.00
1 225.432 45.00 19.62
2 225.453 42.20 40.00
4 225.485 45.00 59.56
0 225.509 17.34 10.00
3 225.511 35.10 60.00
1 225.532 45.00 19.57
2 225.554 42.32 40.00
4 225.587 45.00 59.47
0 225.609 17.44 10.00
3 225.611 35.19 60.00
1 225.632 45.00 19.52
2 225.654 42.44 40.00
4 225.688 45.00 59.39
0 225.709 17.55 10.00
3 225.711 35.28 60.00
1 225.733 45.00 19.46
2 225.755 42.56 40.00
4 225.790 45.00 59.30
0 225.809 17.65 10.00
3 225.812 35.37 60.00
1 225.833 45.00 19.41
2 225.855 42.68 40.00
4 225.891 45.00 59.21
0 225.909 17.75 10.00
3 225.912 35.46 60.00
1 225.934 45.00 19.35
2 225.956 42.80 40.00
4 225.993 45.00 59.12
0 226.009 17.86 10.00
3 226.012 35.55 60.00
1 226.034 45.00 19.30
2 226.057 42.93 40.00
4 226.094 45.00 59.04
0 226.109 17.96 10.00
3 226.112 35.63 60.00
1 226.134 45.00 19.25
2 226.157 43.05 40.00
4 226.196 45.00 58.95
0 226.209 18.06 10.00
3 226.213 35.72 60.00
1 226.235 45.00 19.19
2 226.258 43.17 40.00
4 226.297 45.00 58.86
0 226.309 18.17 10.00
3 226.313 35.81 60.00
1 226.335 45.00 19.14
2 226.358 43.29 40.00
4 226.398 45.00 58.77
0 226.409 18.27 10.00
3 226.413 35.90 60.00
1 226.436 45.00 19.09
2 226.459 43.41 40.00
4 226.500 45.00 58.68
0 226.509 18.37 10.00
3 226.513 35.99 60.00
1 226.536 45.00 19.03
2 226.559 43.54 40.00
4 226.601 45.00 58.60
0 226.609 18.48 10.00
3 226.614 36.08 60.00
1 226.637 45.00 18.98
2 226.660 43.66 40.00
4 226.703 45.00 58.51
0 226.710 18.58 10.00
3 226.714 36.17 60.00
1 226.737 45.00 18.92
2 226.760 43.78 40.00
4 226.804 45.00 58.42
0 226.810 18.69 10.00
3 226.814 36.26 60.00
1 226.837 45.00 18.87
2 226.861 43.90 40.00
4 226.906 45.00 58.33
0 226.910 18.79 10.00
3 226.914 36.35 60.00
1 226.938 45.00 18.82
2 226.961 44.02 40.00
4 227.007 45.00 58.25
0 227.010 18.89 10.00
3 227.015 36.44 60.00
1 227.038 45.00 18.76
2 227.062 44.15 40.00
4 227.109 45.00 58.16
0 227.110 19.00 10.00
3 227.115 36.53 60.00
1 227.139 45.00 18.71
2 227.163 44.27 40.00
0 227.210 19.10 10.00
4 227.210 45.00 58.07
3 227.215 36.61 60.00
1 227.239 45.00 18.66
2 227.263 44.39 40.00
0 227.310 19.20 10.00
4 227.311 45.00 57.98
3 227.315 36.70 60.00
1 227.340 45.00 18.60
2 227.364 44.51 40.00
0 227.410 19.31 10.00
4 227.413 45.00 57.89
3 227.416 36.79 60.00
1 227.440 45.00 18.55
2 227.464 44.63 40.00
0 227.510 19.41 10.00
4 227.514 45.00 57.81
3 227.516 36.88 60.00
1 227.540 45.00 18.49
2 227.565 44.76 40.00
0 227.610 19.51 10.00
4 227.616 45.00 57.72
3 227.616 36.97 60.00
1 227.641 45.00 18.44
2 227.665 44.88 40.00
0 227.710 19.62 10.00
3 227.716 37.06 60.00
4 227.717 45.00 57.63
1 227.741 45.00 18.39
2 227.766 45.00 40.00
0 227.810 19.72 10.00
3 227.816 37.15 60.00
4 227.819 45.00 57.54
1 227.842 45.00 18.33
2 227.866 45.12 40.00
0 227.910 19.82 10.00
3 227.917 37.24 60.00
4 227.920 45.00 57.46
1 227.942 45.00 18.28
2 227.967 45.24 40.00
0 228.010 19.93 10.00
3 228.017 37.33 60.00
4 228.022 45.00 57.37
1 228.042 45.00 18.23
2 228.067 45.37 40.00
0 228.110 20.03 10.00
3 228.117 37.42 60.00
4 228.123 45.00 57.28
1 228.143 45.00 18.17
2 228.168 45.49 40.00
0 228.211 20.13 10.00
3 228.217 37.51 60.00
4 228.224 45.00 57.19
1 228.243 45.00 18.12
2 228.269 45.61 40.00
0 228.311 20.24 10.00
3 228.318 37.59 60.00
4 228.326 45.00 57.11
1 228.344 45.00 18.06
2 228.369 45.73 40.00
0 228.411 20.34 10.00
3 228.418 37.68 60.00
4 228.427 45.00 57.02
1 228.444 45.00 18.01
2 228.470 45.85 40.00
0 228.511 20.44 10.00
3 228.518 37.77 60.00
4 228.529 45.00 56.93
1 228.545 45.00 17.96
2 228.570 45.98 40.00
0 228.611 20.55 10.00
3 228.618 37.86 60.00
4 228.630 45.00 56.84
1 228.645 45.00 17.90
2 228.671 46.10 40.00
0 228.711 20.65 10.00
3 228.719 37.95 60.00
4 228.732 45.00 56.75
1 228.745 45.00 17.85
2 228.771 46.22 40.00
0 228.811 20.75 10.00
3 228.819 38.04 60.00
4 228.833 45.00 56.67
1 228.846 45.00 17.80
2 228.872 46.34 40.00
0 228.911 20.86 10.00
3 228.919 38.13 60.00
4 228.935 45.00 56.58
1 228.946 45.00 17.74
2 228.972 46.46 40.00
0 229.011 20.96 10.00
3 229.019 38.22 60.00
4 229.036 45.00 56.49
1 229.047 45.00 17.69
2 229.073 46.59 40.00
0 229.111 21.06 10.00
3 229.120 38.31 60.00
4 229.138 45.00 56.40
1 229.147 45.00 17.63
2 229.173 46.71 40.00
0 229.211 21.17 10.00
3 229.220 38.40 60.00
4 229.239 45.00 56.32
1 229.248 45.00 17.58
2 229.274 46.83 40.00
0 229.311 21.27 10.00
3 229.320 38.49 60.00
4 229.340 45.00 56.23
1 229.348 45.00 17.53
2 229.375 46.95 40.00
0 229.411 21.37 10.00
3 229.420 38.57 60.00
4 229.442 45.00 56.14
1 229.448 45.00 17.47
2 229.475 47.07 40.00
0 229.511 21.48 10.00
3 229.521 38.66 60.00
4 229.543 45.00 56.05
1 229.549 45.00 17.42
2 229.576 47.20 40.00
0 229.612 21.58 10.00
3 229.621 38.75 60.00
4 229.645 45.00 55.96
1 229.649 45.00 17.37
2 229.676 47.32 40.00
0 229.712 21.68 10.00
3 229.721 38.84 60.00
4 229.746 45.00 55.88
1 229.750 45.00 17.31
2 229.777 47.44 40.00
0 229.812 21.79 10.00
3 229.821 38.93 60.00
4 229.848 45.00 55.79
1 229.850 45.00 17.26
2 229.877 47.56 40.00
0 229.912 21.89 10.00
3 229.922 39.02 60.00
4 229.949 45.00 55.70
1 229.950 45.00 17.20
2 229.978 47.68 40.00
0 230.012 21.99 10.00
0 230.012 21.99 10.00
3 230.022 39.11 60.00
4 230.051 45.00 55.61
1 230.051 45.00 17.15
2 230.078 47.80 40.00
0 230.112 22.07 10.00
3 230.122 39.20 60.00
1 230.151 45.00 17.10
4 230.152 45.00 55.53
2 230.179 47.93 40.00
0 230.213 22.14 10.00
3 230.222 39.29 60.00
1 230.252 45.00 17.04
4 230.253 45.00 55.44
2 230.279 48.05 40.00
0 230.313 22.22 10.00
3 230.323 39.38 60.00
1 230.352 45.00 16.99
4 230.355 45.00 55.35
2 230.380 48.17 40.00
0 230.413 22.29 10.00
3 230.423 39.47 60.00
1 230.453 45.00 16.94
4 230.456 45.00 55.26
2 230.481 48.29 40.00
0 230.514 22.37 10.00
3 230.523 39.55 60.00
1 230.553 45.00 16.88
4 230.558 45.00 55.18
2 230.581 48.41 40.00
0 230.614 22.44 10.00
3 230.623 39.64 60.00
1 230.653 45.00 16.83
4 230.659 45.00 55.09
2 230.682 48.54 40.00
0 230.714 22.52 10.00
3 230.723 39.73 60.00
1 230.754 45.00 16.77
4 230.761 45.00 55.00
4 230.761 45.00 55.00
2 230.782 48.66 40.00
0 230.815 22.59 10.00
3 230.824 39.82 60.00
1 230.854 45.00 16.72
4 230.862 45.09 55.00
2 230.883 48.78 40.00
0 230.915 22.67 10.00
3 230.924 39.91 60.00
1 230.955 45.00 16.67
4 230.964 45.18 55.00
2 230.983 48.90 40.00
0 231.015 22.74 10.00
3 231.024 40.00 60.00
3 231.024 40.00 60.00
1 231.055 45.00 16.61
4 231.065 45.26 55.00
2 231.084 49.02 40.00
0 231.116 22.82 10.00
3 231.125 40.00 59.91
1 231.155 45.00 16.56
4 231.166 45.35 55.00
2 231.184 49.15 40.00
0 231.216 22.89 10.00
3 231.225 40.00 59.82
1 231.256 45.00 16.51
4 231.268 45.44 55.00
2 231.285 49.27 40.00
0 231.317 22.96 10.00
3 231.326 40.00 59.73
1 231.356 45.00 16.45
4 231.369 45.53 55.00
2 231.385 49.39 40.00
0 231.417 23.04 10.00
3 231.426 40.00 59.64
1 231.457 45.00 16.40
4 231.471 45.61 55.00
2 231.486 49.51 40.00
0 231.517 23.11 10.00
3 231.526 40.00 59.55
1 231.557 45.00 16.34
4 231.572 45.70 55.00
2 231.587 49.63 40.00
0 231.618 23.19 10.00
3 231.627 40.00 59.46
1 231.658 45.00 16.29
4 231.674 45.79 55.00
2 231.687 49.76 40.00
0 231.718 23.26 10.00
3 231.727 40.00 59.38
1 231.758 45.00 16.24
4 231.775 45.88 55.00
2 231.788 49.88 40.00
0 231.818 23.34 10.00
3 231.828 40.00 59.29
1 231.858 45.00 16.18
4 231.877 45.96 55.00
2 231.888 50.00 40.00
2 231.888 50.00 40.00
0 231.919 23.41 10.00
3 231.928 40.00 59.20
1 231.959 45.00 16.13
4 231.978 46.05 55.00
2 231.989 50.00 39.88
0 232.019 23.49 10.00
3 232.029 40.00 59.11
1 232.059 45.00 16.08
4 232.079 46.14 55.00
2 232.089 50.00 39.76
0 232.119 23.56 10.00
3 232.129 40.00 59.02
1 232.160 45.00 16.02
4 232.181 46.23 55.00
2 232.190 50.00 39.63
0 232.220 23.64 10.00
3 232.230 40.00 58.93
1 232.260 45.00 15.97
4 232.282 46.32 55.00
2 232.290 50.00 39.51
0 232.320 23.71 10.00
3 232.330 40.00 58.84
1 232.361 45.00 15.91
4 232.384 46.40 55.00
2 232.391 50.00 39.39
0 232.421 23.79 10.00
3 232.431 40.00 58.75
1 232.461 45.00 15.86
4 232.485 46.49 55.00
2 232.491 50.00 39.27
0 232.521 23.86 10.00
3 232.531 40.00 58.66
1 232.561 45.00 15.81
4 232.587 46.58 55.00
2 232.592 50.00 39.15
0 232.621 23.94 10.00
3 232.631 40.00 58.57
1 232.662 45.00 15.75
4 232.688 46.67 55.00
2 232.693 50.00 39.02
0 232.722 24.01 10.00
3 232.732 40.00 58.48
1 232.762 45.00 15.70
4 232.790 46.75 55.00
2 232.793 50.00 38.90
0 232.822 24.09 10.00
3 232.832 40.00 58.39
1 232.863 45.00 15.65
4 232.891 46.84 55.00
2 232.894 50.00 38.78
0 232.922 24.16 10.00
3 232.933 40.00 58.30
1 232.963 45.00 15.59
4 232.992 46.93 55.00
2 232.994 50.00 38.66
0 233.023 24.24 10.00
3 233.033 40.00 58.21
1 233.063 45.00 15.54
4 233.094 47.02 55.00
2 233.095 50.00 38.54
0 233.123 24.31 10.00
3 233.134 40.00 58.12
1 233.164 45.00 15.48
2 233.195 50.00 38.41
4 233.195 47.11 55.00
0 233.223 24.38 10.00
3 233.234 40.00 58.04
1 233.264 45.00 15.43
2 233.296 50.00 38.29
4 233.297 47.19 55.00
0 233.324 24.46 10.00
3 233.335 40.00 57.95
1 233.365 45.00 15.38
2 233.396 50.00 38.17
4 233.398 47.28 55.00
0 233.424 24.53 10.00
3 233.435 40.00 57.86
1 233.465 45.00 15.32
2 233.497 50.00 38.05
4 233.500 47.37 55.00
0 233.525 24.61 10.00
3 233.536 40.00 57.77
1 233.566 45.00 15.27
2 233.597 50.00 37.93
4 233.601 47.46 55.00
0 233.625 24.68 10.00
3 233.636 40.00 57.68
1 233.666 45.00 15.22
2 233.698 50.00 37.80
4 233.703 47.54 55.00
0 233.725 24.76 10.00
3 233.736 40.00 57.59
1 233.766 45.00 15.16
2 233.799 50.00 37.68
4 233.804 47.63 55.00
0 233.826 24.83 10.00
3 233.837 40.00 57.50
1 233.867 45.00 15.11
2 233.899 50.00 37.56
4 233.905 47.72 55.00
0 233.926 24.91 10.00
3 233.937 40.00 57.41
1 233.967 45.00 15.05
2 234.000 50.00 37.44
4 234.007 47.81 55.00
0 234.026 24.98 10.00
3 234.038 40.00 57.32
1 234.068 45.00 15.00
1 234.068 45.00 15.00
2 234.100 50.00 37.32
4 234.108 47.89 55.00
0 234.127 25.06 10.00
3 234.138 40.00 57.23
1 234.168 45.05 15.00
2 234.201 50.00 37.20
4 234.210 47.98 55.00
0 234.227 25.13 10.00
3 234.239 40.00 57.14
1 234.269 45.11 15.00
2 234.301 50.00 37.07
4 234.311 48.07 55.00
0 234.327 25.21 10.00
3 234.339 40.00 57.05
1 234.369 45.16 15.00
2 234.402 50.00 36.95
4 234.413 48.16 55.00
0 234.428 25.28 10.00
3 234.440 40.00 56.96
1 234.469 45.22 15.00
2 234.502 50.00 36.83
4 234.514 48.25 55.00
0 234.528 25.36 10.00
3 234.540 40.00 56.88
1 234.570 45.27 15.00
2 234.603 50.00 36.71
4 234.616 48.33 55.00
0 234.629 25.43 10.00
3 234.641 40.00 56.79
1 234.670 45.32 15.00
2 234.703 50.00 36.59
4 234.717 48.42 55.00
0 234.729 25.51 10.00
3 234.741 40.00 56.70
1 234.771 45.38 15.00
2 234.804 50.00 36.46
4 234.819 48.51 55.00
0 234.829 25.58 10.00
3 234.841 40.00 56.61
1 234.871 45.43 15.00
2 234.905 50.00 36.34
4 234.920 48.60 55.00
0 234.930 25.65 10.00
3 234.942 40.00 56.52
1 234.971 45.48 15.00
2 235.005 50.00 36.22
4 235.021 48.68 55.00
0 235.030 25.73 10.00
3 235.042 40.00 56.43
1 235.072 45.54 15.00
2 235.106 50.00 36.10
4 235.123 48.77 55.00
0 235.130 25.80 10.00
3 235.143 40.00 56.34
1 235.172 45.59 15.00
2 235.206 50.00 35.98
4 235.224 48.86 55.00
0 235.231 25.88 10.00
3 235.243 40.00 56.25
1 235.273 45.65 15.00
2 235.307 50.00 35.85
4 235.326 48.95 55.00
0 235.331 25.95 10.00
3 235.344 40.00 56.16
1 235.373 45.70 15.00
2 235.407 50.00 35.73
4 235.427 49.04 55.00
0 235.431 26.03 10.00
3 235.444 40.00 56.07
1 235.473 45.75 15.00
2 235.508 50.00 35.61
4 235.529 49.12 55.00
0 235.532 26.10 10.00
3 235.545 40.00 55.98
1 235.574 45.81 15.00
2 235.608 50.00 35.49
4 235.630 49.21 55.00
0 235.632 26.18 10.00
3 235.645 40.00 55.89
1 235.674 45.86 15.00
2 235.709 50.00 35.37
4 235.732 49.30 55.00
0 235.733 26.25 10.00
3 235.746 40.00 55.80
1 235.775 45.91 15.00
2 235.809 50.00 35.24
0 235.833 26.33 10.00
4 235.833 49.39 55.00
3 235.846 40.00 55.71
1 235.875 45.97 15.00
2 235.910 50.00 35.12
0 235.933 26.40 10.00
4 235.934 49.47 55.00
3 235.946 40.00 55.62
1 235.976 46.02 15.00
2 236.011 50.00 35.00
0 236.034 26.48 10.00
4 236.036 49.56 55.00
3 236.047 40.00 55.54
1 236.076 46.08 15.00
1 236.076 46.08 15.00
2 236.111 50.00 34.88
0 236.134 26.55 10.00
4 236.137 49.65 55.00
3 236.147 40.00 55.45
1 236.176 46.17 15.00
2 236.212 50.00 34.76
0 236.234 26.63 10.00
4 236.239 49.74 55.00
3 236.248 40.00 55.36
1 236.277 46.26 15.00
2 236.312 50.00 34.63
0 236.335 26.70 10.00
4 236.340 49.82 55.00
3 236.348 40.00 55.27
1 236.377 46.35 15.00
2 236.413 50.00 34.51
0 236.435 26.78 10.00
4 236.442 49.91 55.00
3 236.449 40.00 55.18
1 236.477 46.44 15.00
2 236.513 50.00 34.39
0 236.535 26.85 10.00
4 236.543 50.00 55.00
4 236.543 50.00 55.00
3 236.549 40.00 55.09
1 236.578 46.53 15.00
2 236.614 50.00 34.27
0 236.636 26.92 10.00
4 236.645 50.00 54.91
3 236.650 40.00 55.00
3 236.650 40.00 55.00
1 236.678 46.62 15.00
2 236.714 50.00 34.15
0 236.736 27.00 10.00
4 236.746 50.00 54.82
3 236.750 40.09 55.00
1 236.778 46.71 15.00
2 236.815 50.00 34.02
0 236.837 27.07 10.00
4 236.847 50.00 54.74
3 236.851 40.18 55.00
1 236.878 46.80 15.00
2 236.915 50.00 33.90
0 236.937 27.15 10.00
4 236.949 50.00 54.65
3 236.951 40.27 55.00
1 236.979 46.89 15.00
2 237.016 50.00 33.78
0 237.037 27.22 10.00
4 237.050 50.00 54.56
3 237.051 40.36 55.00
1 237.079 46.98 15.00
2 237.117 50.00 33.66
0 237.138 27.30 10.00
4 237.152 50.00 54.47
3 237.152 40.45 55.00
1 237.179 47.07 15.00
2 237.217 50.00 33.54
0 237.238 27.37 10.00
3 237.252 40.54 55.00
4 237.253 50.00 54.39
1 237.280 47.16 15.00
2 237.318 50.00 33.41
0 237.338 27.45 10.00
3 237.353 40.62 55.00
4 237.355 50.00 54.30
1 237.380 47.25 15.00
2 237.418 50.00 33.29
0 237.439 27.52 10.00
3 237.453 40.71 55.00
4 237.456 50.00 54.21
1 237.480 47.34 15.00
2 237.519 50.00 33.17
0 237.539 27.60 10.00
3 237.554 40.80 55.00
4 237.558 50.00 54.12
1 237.581 47.43 15.00
2 237.619 50.00 33.05
0 237.639 27.67 10.00
3 237.654 40.89 55.00
4 237.659 50.00 54.04
1 237.681 47.52 15.00
2 237.720 50.00 32.93
0 237.740 27.75 10.00
3 237.755 40.98 55.00
4 237.760 50.00 53.95
1 237.781 47.61 15.00
2 237.820 50.00 32.80
0 237.840 27.82 10.00
3 237.855 41.07 55.00
4 237.862 50.00 53.86
1 237.882 47.70 15.00
2 237.921 50.00 32.68
0 237.941 27.90 10.00
3 237.956 41.16 55.00
4 237.963 50.00 53.77
1 237.982 47.79 15.00
2 238.021 50.00 32.56
0 238.041 27.97 10.00
3 238.056 41.25 55.00
4 238.065 50.00 53.68
1 238.082 47.88 15.00
2 238.122 50.00 32.44
0 238.141 28.05 10.00
3 238.156 41.34 55.00
4 238.166 50.00 53.60
1 238.183 47.97 15.00
2 238.223 50.00 32.32
0 238.242 28.12 10.00
3 238.257 41.43 55.00
4 238.268 50.00 53.51
1 238.283 48.06 15.00
2 238.323 50.00 32.20
0 238.342 28.20 10.00
3 238.357 41.52 55.00
4 238.369 50.00 53.42
1 238.383 48.15 15.00
2 238.424 50.00 32.07
0 238.442 28.27 10.00
3 238.458 41.61 55.00
4 238.471 50.00 53.33
1 238.483 48.24 15.00
2 238.524 50.00 31.95
0 238.543 28.34 10.00
3 238.558 41.70 55.00
4 238.572 50.00 53.25
1 238.584 48.33 15.00
2 238.625 50.00 31.83
0 238.643 28.42 10.00
3 238.659 41.79 55.00
4 238.673 50.00 53.16
1 238.684 48.42 15.00
2 238.725 50.00 31.71
0 238.743 28.49 10.00
3 238.759 41.88 55.00
4 238.775 50.00 53.07
1 238.784 48.51 15.00
2 238.826 50.00 31.59
0 238.844 28.57 10.00
3 238.860 41.96 55.00
4 238.876 50.00 52.98
1 238.885 48.60 15.00
2 238.926 50.00 31.46
0 238.944 28.64 10.00
3 238.960 42.05 55.00
4 238.978 50.00 52.89
1 238.985 48.69 15.00
2 239.027 50.00 31.34
0 239.045 28.72 10.00
3 239.061 42.14 55.00
4 239.079 50.00 52.81
1 239.085 48.78 15.00
2 239.127 50.00 31.22
0 239.145 28.79 10.00
3 239.161 42.23 55.00
4 239.181 50.00 52.72
1 239.186 48.87 15.00
2 239.228 50.00 31.10
0 239.245 28.87 10.00
3 239.261 42.32 55.00
4 239.282 50.00 52.63
1 239.286 48.96 15.00
2 239.329 50.00 30.98
0 239.346 28.94 10.00
3 239.362 42.41 55.00
4 239.384 50.00 52.54
1 239.386 49.05 15.00
2 239.429 50.00 30.85
0 239.446 29.02 10.00
3 239.462 42.50 55.00
4 239.485 50.00 52.46
1 239.487 49.14 15.00
2 239.530 50.00 30.73
0 239.546 29.09 10.00
3 239.563 42.59 55.00
4 239.586 50.00 52.37
1 239.587 49.23 15.00
2 239.630 50.00 30.61
0 239.647 29.17 10.00
3 239.663 42.68 55.00
1 239.687 49.32 15.00
4 239.688 50.00 52.28
2 239.731 50.00 30.49
0 239.747 29.24 10.00
3 239.764 42.77 55.00
1 239.788 49.41 15.00
4 239.789 50.00 52.19
2 239.831 50.00 30.37
0 239.847 29.32 10.00
3 239.864 42.86 55.00
1 239.888 49.50 15.00
4 239.891 50.00 52.11
2 239.932 50.00 30.24
0 239.948 29.39 10.00
3 239.965 42.95 55.00
1 239.988 49.59 15.00
4 239.992 50.00 52.02
2 240.032 50.00 30.12
0 240.048 29.47 10.00
3 240.065 43.04 55.00
1 240.089 49.68 15.00
4 240.094 50.00 51.93
2 240.133 50.00 30.00
0 240.149 29.54 10.00
3 240.166 43.12 55.00
1 240.189 49.77 15.00
4 240.195 50.00 51.84
2 240.233 50.00 29.88
0 240.249 29.61 10.00
3 240.266 43.21 55.00
1 240.289 49.86 15.00
4 240.297 50.00 51.75
2 240.334 50.00 29.76
0 240.349 29.69 10.00
3 240.366 43.30 55.00
1 240.389 49.95 15.00
4 240.398 50.00 51.67
2 240.435 50.00 29.63
0 240.450 29.76 10.00
3 240.467 43.39 55.00
1 240.490 50.04 15.00
4 240.500 50.00 51.58
2 240.535 50.00 29.51
0 240.550 29.84 10.00
3 240.567 43.48 55.00
1 240.590 50.13 15.00
4 240.601 50.00 51.49
2 240.636 50.00 29.39
0 240.650 29.91 10.00
3 240.668 43.57 55.00
1 240.690 50.22 15.00
4 240.702 50.00 51.40
2 240.736 50.00 29.27
0 240.751 29.99 10.00
3 240.768 43.66 55.00
1 240.791 50.31 15.00
4 240.804 50.00 51.32
2 240.837 50.00 29.15
0 240.851 30.06 10.00
3 240.869 43.75 55.00
1 240.891 50.40 15.00
4 240.905 50.00 51.23
2 240.937 50.00 29.02
0 240.951 30.14 10.00
3 240.969 43.84 55.00
1 240.991 50.49 15.00
4 241.007 50.00 51.14
2 241.038 50.00 28.90
0 241.052 30.21 10.00
3 241.070 43.93 55.00
1 241.092 50.58 15.00
4 241.108 50.00 51.05
2 241.138 50.00 28.78
0 241.152 30.29 10.00
3 241.170 44.02 55.00
1 241.192 50.67 15.00
4 241.210 50.00 50.96
2 241.239 50.00 28.66
0 241.253 30.36 10.00
3 241.271 44.11 55.00
1 241.292 50.76 15.00
4 241.311 50.00 50.88
2 241.339 50.00 28.54
0 241.353 30.44 10.00
3 241.371 44.20 55.00
1 241.393 50.85 15.00
4 241.413 50.00 50.79
2 241.440 50.00 28.41
0 241.453 30.51 10.00
3 241.471 44.29 55.00
1 241.493 50.94 15.00
4 241.514 50.00 50.70
2 241.541 50.00 28.29
0 241.554 30.59 10.00
3 241.572 44.38 55.00
1 241.593 51.03 15.00
4 241.615 50.00 50.61
2 241.641 50.00 28.17
0 241.654 30.66 10.00
3 241.672 44.46 55.00
1 241.694 51.12 15.00
4 241.717 50.00 50.53
2 241.742 50.00 28.05
0 241.754 30.74 10.00
3 241.773 44.55 55.00
1 241.794 51.21 15.00
4 241.818 50.00 50.44
2 241.842 50.00 27.93
0 241.855 30.81 10.00
3 241.873 44.64 55.00
1 241.894 51.30 15.00
4 241.920 50.00 50.35
2 241.943 50.00 27.80
0 241.955 30.88 10.00
3 241.974 44.73 55.00
1 241.994 51.39 15.00
4 242.021 50.00 50.26
2 242.043 50.00 27.68
0 242.055 30.96 10.00
3 242.074 44.82 55.00
1 242.095 51.48 15.00
4 242.123 50.00 50.18
2 242.144 50.00 27.56
0 242.156 31.03 10.00
3 242.175 44.91 55.00
1 242.195 51.57 15.00
4 242.224 50.00 50.09
2 242.244 50.00 27.44
0 242.256 31.11 10.00
3 242.275 45.00 55.00
3 242.275 45.00 55.00
1 242.295 51.66 15.00
4 242.326 50.00 50.00
4 242.326 50.00 50.00
2 242.345 50.00 27.32
0 242.357 31.18 10.00
3 242.376 45.00 54.91
1 242.396 51.75 15.00
4 242.426 49.91 50.00
2 242.445 50.00 27.20
0 242.457 31.26 10.00
3 242.476 45.00 54.82
1 242.496 51.84 15.00
4 242.526 49.83 50.00
2 242.546 50.00 27.07
0 242.557 31.33 10.00
3 242.576 45.00 54.73
1 242.596 51.93 15.00
4 242.626 49.74 50.00
2 242.647 50.00 26.95
0 242.658 31.41 10.00
3 242.677 45.00 54.64
1 242.697 52.02 15.00
4 242.727 49.65 50.00
2 242.747 50.00 26.83
0 242.758 31.48 10.00
3 242.777 45.00 54.55
1 242.797 52.11 15.00
4 242.827 49.57 50.00
2 242.848 50.00 26.71
0 242.858 31.56 10.00
3 242.878 45.00 54.46
1 242.897 52.20 15.00
4 242.927 49.48 50.00
2 242.948 50.00 26.59
0 242.959 31.63 10.00
3 242.978 45.00 54.38
1 242.998 52.29 15.00
4 243.028 49.39 50.00
2 243.049 50.00 26.46
0 243.059 31.71 10.00
3 243.079 45.00 54.29
1 243.098 52.38 15.00
4 243.128 49.31 50.00
2 243.149 50.00 26.34
0 243.159 31.78 10.00
3 243.179 45.00 54.20
1 243.198 52.47 15.00
4 243.228 49.22 50.00
2 243.250 50.00 26.22
0 243.260 31.86 10.00
3 243.280 45.00 54.11
1 243.299 52.56 15.00
4 243.329 49.13 50.00
2 243.350 50.00 26.10
0 243.360 31.93 10.00
3 243.380 45.00 54.02
1 243.399 52.65 15.00
4 243.429 49.05 50.00
2 243.451 50.00 25.98
0 243.461 32.01 10.00
3 243.481 45.00 53.93
1 243.499 52.74 15.00
4 243.529 48.96 50.00
2 243.551 50.00 25.85
0 243.561 32.08 10.00
3 243.581 45.00 53.84
1 243.599 52.83 15.00
4 243.630 48.87 50.00
2 243.652 50.00 25.73
0 243.661 32.15 10.00
3 243.681 45.00 53.75
1 243.700 52.92 15.00
4 243.730 48.79 50.00
2 243.753 50.00 25.61
0 243.762 32.23 10.00
3 243.782 45.00 53.66
1 243.800 53.01 15.00
4 243.830 48.70 50.00
2 243.853 50.00 25.49
0 243.862 32.30 10.00
3 243.882 45.00 53.57
1 243.900 53.10 15.00
4 243.930 48.61 50.00
2 243.954 50.00 25.37
0 243.962 32.38 10.00
3 243.983 45.00 53.48
1 244.001 53.19 15.00
4 244.031 48.53 50.00
2 244.054 50.00 25.24
0 244.063 32.45 10.00
3 244.083 45.00 53.39
1 244.101 53.28 15.00
4 244.131 48.44 50.00
2 244.155 50.00 25.12
0 244.163 32.53 10.00
3 244.184 45.00 53.30
1 244.201 53.37 15.00
4 244.231 48.35 50.00
2 244.255 50.00 25.00
2 244.255 50.00 25.00
0 244.263 32.60 10.00
3 244.284 45.00 53.21
1 244.302 53.46 15.00
4 244.332 48.27 50.00
2 244.356 50.12 25.00
0 244.364 32.68 10.00
3 244.385 45.00 53.12
1 244.402 53.55 15.00
4 244.432 48.18 50.00
2 244.456 50.24 25.00
0 244.464 32.75 10.00
3 244.485 45.00 53.04
1 244.502 53.64 15.00
4 244.532 48.09 50.00
2 244.557 50.37 25.00
0 244.565 32.83 10.00
3 244.586 45.00 52.95
1 244.603 53.73 15.00
4 244.633 48.01 50.00
2 244.657 50.49 25.00
0 244.665 32.90 10.00
3 244.686 45.00 52.86
1 244.703 53.82 15.00
4 244.733 47.92 50.00
2 244.758 50.61 25.00
0 244.765 32.98 10.00
3 244.786 45.00 52.77
1 244.803 53.91 15.00
4 244.833 47.83 50.00
2 244.859 50.73 25.00
0 244.866 33.05 10.00
3 244.887 45.00 52.68
1 244.904 54.00 15.00
4 244.933 47.74 50.00
2 244.959 50.85 25.00
0 244.966 33.13 10.00
3 244.987 45.00 52.59
1 245.004 54.09 15.00
4 245.034 47.66 50.00
2 245.060 50.98 25.00
0 245.066 33.20 10.00
3 245.088 45.00 52.50
1 245.104 54.18 15.00
4 245.134 47.57 50.00
2 245.160 51.10 25.00
0 245.167 33.28 10.00
3 245.188 45.00 52.41
1 245.205 54.27 15.00
4 245.234 47.48 50.00
2 245.261 51.22 25.00
0 245.267 33.35 10.00
3 245.289 45.00 52.32
1 245.305 54.36 15.00
4 245.335 47.40 50.00
2 245.361 51.34 25.00
0 245.367 33.43 10.00
3 245.389 45.00 52.23
1 245.405 54.45 15.00
4 245.435 47.31 50.00
2 245.462 51.46 25.00
0 245.468 33.50 10.00
3 245.490 45.00 52.14
1 245.505 54.54 15.00
4 245.535 47.22 50.00
2 245.562 51.59 25.00
0 245.568 33.57 10.00
3 245.590 45.00 52.05
1 245.606 54.63 15.00
4 245.636 47.14 50.00
2 245.663 51.71 25.00
0 245.669 33.65 10.00
3 245.691 45.00 51.96
1 245.706 54.72 15.00
4 245.736 47.05 50.00
2 245.763 51.83 25.00
0 245.769 33.72 10.00
3 245.791 45.00 51.88
1 245.806 54.81 15.00
4 245.836 46.96 50.00
2 245.864 51.95 25.00
0 245.869 33.80 10.00
3 245.891 45.00 51.79
1 245.907 54.90 15.00
4 245.937 46.88 50.00
2 245.965 52.07 25.00
0 245.970 33.87 10.00
3 245.992 45.00 51.70
1 246.007 54.99 15.00
4 246.037 46.79 50.00
2 246.065 52.20 25.00
0 246.070 33.95 10.00
3 246.092 45.00 51.61
1 246.107 55.08 15.00
4 246.137 46.70 50.00
2 246.166 52.32 25.00
0 246.170 34.02 10.00
3 246.193 45.00 51.52
1 246.208 55.17 15.00
4 246.237 46.62 50.00
2 246.266 52.44 25.00
0 246.271 34.10 10.00
3 246.293 45.00 51.43
1 246.308 55.26 15.00
4 246.338 46.53 50.00
2 246.367 52.56 25.00
0 246.371 34.17 10.00
3 246.394 45.00 51.34
1 246.408 55.35 15.00
4 246.438 46.44 50.00
2 246.467 52.68 25.00
0 246.471 34.25 10.00
3 246.494 45.00 51.25
1 246.509 55.44 15.00
4 246.538 46.36 50.00
2 246.568 52.80 25.00
0 246.572 34.32 10.00
3 246.595 45.00 51.16
1 246.609 55.53 15.00
4 246.639 46.27 50.00
2 246.668 52.93 25.00
0 246.672 34.40 10.00
3 246.695 45.00 51.07
1 246.709 55.62 15.00
4 246.739 46.18 50.00
2 246.769 53.05 25.00
0 246.773 34.47 10.00
3 246.796 45.00 50.98
1 246.810 55.71 15.00
4 246.839 46.10 50.00
2 246.869 53.17 25.00
0 246.873 34.55 10.00
3 246.896 45.00 50.89
1 246.910 55.80 15.00
4 246.940 46.01 50.00
2 246.970 53.29 25.00
0 246.973 34.62 10.00
3 246.996 45.00 50.80
1 247.010 55.90 15.00
4 247.040 45.92 50.00
2 247.071 53.41 25.00
0 247.074 34.70 10.00
3 247.097 45.00 50.71
1 247.110 55.99 15.00
4 247.140 45.84 50.00
2 247.171 53.54 25.00
0 247.174 34.77 10.00
3 247.197 45.00 50.62
1 247.211 56.08 15.00
1 247.211 56.08 15.00
4 247.240 45.75 50.00
2 247.272 53.66 25.00
0 247.274 34.84 10.00
3 247.298 45.00 50.54
1 247.312 56.17 15.00
4 247.341 45.66 50.00
2 247.372 53.78 25.00
0 247.375 34.92 10.00
3 247.398 45.00 50.45
1 247.413 56.26 15.00
4 247.441 45.58 50.00
2 247.473 53.90 25.00
0 247.475 34.99 10.00
3 247.499 45.00 50.36
1 247.515 56.35 15.00
4 247.541 45.49 50.00
2 247.573 54.02 25.00
0 247.575 35.07 10.00
3 247.599 45.00 50.27
1 247.616 56.44 15.00
4 247.642 45.40 50.00
2 247.674 54.15 25.00
0 247.676 35.14 10.00
3 247.700 45.00 50.18
1 247.717 56.53 15.00
4 247.742 45.32 50.00
2 247.774 54.27 25.00
0 247.776 35.22 10.00
3 247.800 45.00 50.09
1 247.818 56.62 15.00
4 247.842 45.23 50.00
2 247.875 54.39 25.00
0 247.877 35.29 10.00
3 247.901 45.00 50.00
3 247.901 45.00 50.00
1 247.920 56.71 15.00
4 247.943 45.14 50.00
2 247.975 54.51 25.00
0 247.977 35.37 10.00
3 248.001 44.91 50.00
1 248.021 56.81 15.00
4 248.043 45.06 50.00
2 248.076 54.63 25.00
0 248.077 35.44 10.00
3 248.101 44.82 50.00
1 248.122 56.90 15.00
4 248.143 44.97 50.00
2 248.177 54.76 25.00
0 248.178 35.52 10.00
3 248.201 44.73 50.00
1 248.224 56.99 15.00
4 248.244 44.88 50.00
2 248.277 54.88 25.00
0 248.278 35.59 10.00
3 248.301 44.64 50.00
1 248.325 57.08 15.00
4 248.344 44.80 50.00
2 248.378 55.00 25.00
2 248.378 55.00 25.00
0 248.378 35.67 10.00
3 248.401 44.56 50.00
1 248.426 57.17 15.00
4 248.444 44.71 50.00
2 248.478 55.00 25.12
0 248.479 35.74 10.00
3 248.501 44.47 50.00
1 248.527 57.26 15.00
4 248.544 44.62 50.00
2 248.579 55.00 25.24
0 248.579 35.82 10.00
3 248.601 44.38 50.00
1 248.629 57.35 15.00
4 248.645 44.54 50.00
2 248.679 55.00 25.37
0 248.679 35.89 10.00
3 248.701 44.29 50.00
1 248.730 57.44 15.00
4 248.745 44.45 50.00
0 248.780 35.97 10.00
2 248.780 55.00 25.49
3 248.801 44.20 50.00
1 248.831 57.54 15.00
4 248.845 44.36 50.00
0 248.880 36.04 10.00
2 248.880 55.00 25.61
3 248.901 44.11 50.00
1 248.933 57.63 15.00
4 248.946 44.28 50.00
0 248.981 36.11 10.00
2 248.981 55.00 25.73
3 249.001 44.02 50.00
1 249.034 57.72 15.00
4 249.046 44.19 50.00
0 249.081 36.19 10.00
2 249.081 55.00 25.85
3 249.101 43.93 50.00
1 249.135 57.81 15.00
4 249.146 44.10 50.00
0 249.181 36.26 10.00
2 249.182 55.00 25.98
3 249.201 43.84 50.00
1 249.236 57.90 15.00
4 249.247 44.02 50.00
0 249.282 36.34 10.00
2 249.283 55.00 26.10
3 249.301 43.76 50.00
1 249.338 57.99 15.00
4 249.347 43.93 50.00
0 249.382 36.41 10.00
2 249.383 55.00 26.22
3 249.401 43.67 50.00
1 249.439 58.08 15.00
4 249.447 43.84 50.00
0 249.482 36.49 10.00
2 249.484 55.00 26.34
3 249.501 43.58 50.00
1 249.540 58.17 15.00
4 249.548 43.76 50.00
0 249.583 36.56 10.00
2 249.584 55.00 26.46
3 249.601 43.49 50.00
1 249.642 58.27 15.00
4 249.648 43.67 50.00
0 249.683 36.64 10.00
2 249.685 55.00 26.59
3 249.701 43.40 50.00
1 249.743 58.36 15.00
4 249.748 43.58 50.00
0 249.783 36.71 10.00
2 249.785 55.00 26.71
3 249.801 43.31 50.00
1 249.844 58.45 15.00
4 249.848 43.50 50.00
0 249.884 36.79 10.00
2 249.886 55.00 26.83
3 249.901 43.22 50.00
1 249.945 58.54 15.00
4 249.949 43.41 50.00
0 249.984 36.86 10.00
2 249.986 55.00 26.95
3 250.001 43.13 50.00
1 250.047 58.63 15.00
4 250.049 43.32 50.00
0 250.085 36.94 10.00
2 250.087 55.00 27.07
3 250.101 43.04 50.00
1 250.148 58.72 15.00
4 250.149 43.23 50.00
0 250.185 37.01 10.00
2 250.187 55.00 27.20
3 250.201 42.95 50.00
1 250.249 58.81 15.00
4 250.250 43.15 50.00
0 250.285 37.09 10.00
2 250.288 55.00 27.32
3 250.301 42.87 50.00
4 250.350 43.06 50.00
1 250.351 58.90 15.00
0 250.386 37.16 10.00
2 250.389 55.00 27.44
3 250.401 42.78 50.00
4 250.450 42.97 50.00
1 250.452 59.00 15.00
0 250.486 37.24 10.00
2 250.489 55.00 27.56
3 250.502 42.69 50.00
4 250.551 42.89 50.00
1 250.553 59.09 15.00
0 250.586 37.31 10.00
2 250.590 55.00 27.68
3 250.602 42.60 50.00
4 250.651 42.80 50.00
1 250.654 59.18 15.00
0 250.687 37.38 10.00
2 250.690 55.00 27.80
3 250.702 42.51 50.00
4 250.751 42.71 50.00
1 250.756 59.27 15.00
0 250.787 37.46 10.00
2 250.791 55.00 27.93
3 250.802 42.42 50.00
4 250.851 42.63 50.00
1 250.857 59.36 15.00
0 250.887 37.53 10.00
2 250.891 55.00 28.05
3 250.902 42.33 50.00
4 250.952 42.54 50.00
1 250.958 59.45 15.00
0 250.988 37.61 10.00
2 250.992 55.00 28.17
3 251.002 42.24 50.00
4 251.052 42.45 50.00
1 251.060 59.54 15.00
0 251.088 37.68 10.00
2 251.092 55.00 28.29
3 251.102 42.15 50.00
4 251.152 42.37 50.00
1 251.161 59.63 15.00
0 251.189 37.76 10.00
2 251.193 55.00 28.41
3 251.202 42.07 50.00
4 251.253 42.28 50.00
1 251.262 59.73 15.00
0 251.289 37.83 10.00
2 251.293 55.00 28.54
3 251.302 41.98 50.00
4 251.353 42.19 50.00
1 251.363 59.82 15.00
0 251.389 37.91 10.00
2 251.394 55.00 28.66
3 251.402 41.89 50.00
4 251.453 42.11 50.00
1 251.465 59.91 15.00
0 251.490 37.98 10.00
2 251.495 55.00 28.78
3 251.502 41.80 50.00
4 251.554 42.02 50.00
1 251.566 60.00 15.00
1 251.566 60.00 15.00
0 251.590 38.06 10.00
2 251.595 55.00 28.90
3 251.602 41.71 50.00
4 251.654 41.93 50.00
1 251.667 60.00 14.91
0 251.690 38.13 10.00
2 251.696 55.00 29.02
3 251.702 41.62 50.00
4 251.754 41.85 50.00
1 251.768 60.00 14.82
0 251.791 38.21 10.00
2 251.796 55.00 29.15
3 251.802 41.53 50.00
4 251.855 41.76 50.00
1 251.869 60.00 14.73
0 251.891 38.28 10.00
2 251.897 55.00 29.27
3 251.902 41.44 50.00
4 251.955 41.67 50.00
1 251.969 60.00 14.64
0 251.991 38.36 10.00
2 251.997 55.00 29.39
3 252.002 41.35 50.00
4 252.055 41.59 50.00
1 252.070 60.00 14.55
0 252.092 38.43 10.00
2 252.098 55.00 29.51
3 252.102 41.27 50.00
4 252.155 41.50 50.00
1 252.171 60.00 14.45
0 252.192 38.51 10.00
2 252.198 55.00 29.63
3 252.202 41.18 50.00
4 252.256 41.41 50.00
1 252.272 60.00 14.36
0 252.293 38.58 10.00
2 252.299 55.00 29.76
3 252.302 41.09 50.00
4 252.356 41.33 50.00
1 252.373 60.00 14.27
0 252.393 38.66 10.00
2 252.399 55.00 29.88
3 252.402 41.00 50.00
4 252.456 41.24 50.00
1 252.474 60.00 14.18
0 252.493 38.73 10.00
2 252.500 55.00 30.00
3 252.502 40.91 50.00
4 252.557 41.15 50.00
1 252.575 60.00 14.09
0 252.594 38.80 10.00
2 252.601 55.00 30.12
3 252.602 40.82 50.00
4 252.657 41.07 50.00
1 252.676 60.00 14.00
0 252.694 38.88 10.00
2 252.701 55.00 30.24
3 252.702 40.73 50.00
4 252.757 40.98 50.00
1 252.776 60.00 13.91
0 252.794 38.95 10.00
2 252.802 55.00 30.37
3 252.802 40.64 50.00
4 252.858 40.89 50.00
1 252.877 60.00 13.82
0 252.895 39.03 10.00
2 252.902 55.00 30.49
3 252.902 40.55 50.00
4 252.958 40.81 50.00
1 252.978 60.00 13.73
0 252.995 39.10 10.00
3 253.002 40.47 50.00
2 253.003 55.00 30.61
4 253.058 40.72 50.00
1 253.079 60.00 13.64
0 253.095 39.18 10.00
3 253.103 40.38 50.00
2 253.103 55.00 30.73
4 253.159 40.63 50.00
1 253.180 60.00 13.55
0 253.196 39.25 10.00
3 253.203 40.29 50.00
2 253.204 55.00 30.85
4 253.259 40.55 50.00
1 253.281 60.00 13.45
0 253.296 39.33 10.00
3 253.303 40.20 50.00
2 253.304 55.00 30.98
4 253.359 40.46 50.00
1 253.382 60.00 13.36
0 253.397 39.40 10.00
3 253.403 40.11 50.00
2 253.405 55.00 31.10
4 253.459 40.37 50.00
1 253.483 60.00 13.27
0 253.497 39.48 10.00
3 253.503 40.02 50.00
2 253.505 55.00 31.22
4 253.560 40.29 50.00
1 253.584 60.00 13.18
0 253.597 39.55 10.00
3 253.603 39.93 50.00
2 253.606 55.00 31.34
4 253.660 40.20 50.00
1 253.684 60.00 13.09
0 253.698 39.63 10.00
3 253.703 39.84 50.00
2 253.707 55.00 31.46
4 253.760 40.11 50.00
1 253.785 60.00 13.00
0 253.798 39.70 10.00
3 253.803 39.75 50.00
2 253.807 55.00 31.59
4 253.861 40.03 50.00
1 253.886 60.00 12.91
0 253.898 39.78 10.00
3 253.903 39.67 50.00
2 253.908 55.00 31.71
4 253.961 39.94 50.00
1 253.987 60.00 12.82
0 253.999 39.85 10.00
3 254.003 39.58 50.00
2 254.008 55.00 31.83
4 254.061 39.85 50.00
1 254.088 60.00 12.73
0 254.099 39.93 10.00
3 254.103 39.49 50.00
2 254.109 55.00 31.95
4 254.162 39.77 50.00
1 254.189 60.00 12.64
0 254.199 40.00 10.00
0 254.199 40.00 10.00
3 254.203 39.40 50.00
2 254.209 55.00 32.07
4 254.262 39.68 50.00
1 254.290 60.00 12.55
0 254.300 40.00 10.07
3 254.303 39.31 50.00
2 254.310 55.00 32.20
4 254.362 39.59 50.00
1 254.391 60.00 12.45
0 254.400 40.00 10.15
3 254.403 39.22 50.00
2 254.410 55.00 32.32
4 254.462 39.51 50.00
1 254.491 60.00 12.36
0 254.500 40.00 10.22
3 254.503 39.13 50.00
2 254.511 55.00 32.44
4 254.563 39.42 50.00
1 254.592 60.00 12.27
0 254.600 40.00 10.30
3 254.603 39.04 50.00
2 254.611 55.00 32.56
4 254.663 39.33 50.00
1 254.693 60.00 12.18
0 254.701 40.00 10.37
3 254.703 38.95 50.00
2 254.712 55.00 32.68
4 254.763 39.25 50.00
1 254.794 60.00 12.09
0 254.801 40.00 10.45
3 254.803 38.86 50.00
2 254.813 55.00 32.80
4 254.864 39.16 50.00
1 254.895 60.00 12.00
0 254.901 40.00 10.52
3 254.903 38.78 50.00
2 254.913 55.00 32.93
4 254.964 39.07 50.00
1 254.996 60.00 11.91
0 255.001 40.00 10.60
3 255.003 38.69 50.00
2 255.014 55.00 33.05
4 255.064 38.98 50.00
1 255.097 60.00 11.82
0 255.102 40.00 10.67
3 255.103 38.60 50.00
2 255.114 55.00 33.17
4 255.165 38.90 50.00
1 255.198 60.00 11.73
0 255.202 40.00 10.75
3 255.203 38.51 50.00
2 255.215 55.00 33.29
4 255.265 38.81 50.00
1 255.298 60.00 11.64
0 255.302 40.00 10.82
3 255.303 38.42 50.00
2 255.315 55.00 33.41
4 255.365 38.72 50.00
1 255.399 60.00 11.55
0 255.402 40.00 10.90
3 255.403 38.33 50.00
2 255.416 55.00 33.54
4 255.466 38.64 50.00
1 255.500 60.00 11.45
0 255.503 40.00 10.97
3 255.503 38.24 50.00
2 255.516 55.00 33.66
4 255.566 38.55 50.00
1 255.601 60.00 11.36
0 255.603 40.00 11.04
3 255.603 38.15 50.00
2 255.617 55.00 33.78
4 255.666 38.46 50.00
1 255.702 60.00 11.27
0 255.703 40.00 11.12
3 255.704 38.06 50.00
2 255.717 55.00 33.90
4 255.766 38.38 50.00
1 255.803 60.00 11.18
0 255.803 40.00 11.19
3 255.804 37.98 50.00
2 255.818 55.00 34.02
4 255.867 38.29 50.00
3 255.904 37.89 50.00
0 255.904 40.00 11.27
1 255.904 60.00 11.09
2 255.919 55.00 34.15
4 255.967 38.20 50.00
3 256.004 37.80 50.00
0 256.004 40.00 11.34
1 256.005 60.00 11.00
2 256.019 55.00 34.27
4 256.067 38.12 50.00
3 256.104 37.71 50.00
3 256.104 37.71 50.00
0 256.104 40.00 11.42
1 256.105 60.00 10.91
2 256.120 55.00 34.39
4 256.168 38.03 50.00
3 256.204 37.61 50.00
0 256.204 40.00 11.49
1 256.206 60.00 10.82
2 256.220 55.00 34.51
4 256.268 37.94 50.00
3 256.304 37.52 50.00
0 256.305 40.00 11.57
1 256.307 60.00 10.73
2 256.321 55.00 34.63
4 256.368 37.86 50.00
3 256.405 37.42 50.00
0 256.405 40.00 11.64
1 256.408 60.00 10.64
2 256.421 55.00 34.76
4 256.469 37.77 50.00
0 256.505 40.00 11.72
3 256.505 37.32 50.00
1 256.509 60.00 10.55
2 256.522 55.00 34.88
4 256.569 37.68 50.00
0 256.605 40.00 11.79
3 256.606 37.23 50.00
1 256.610 60.00 10.45
2 256.622 55.00 35.00
2 256.622 55.00 35.00
4 256.669 37.60 50.00
0 256.706 40.00 11.87
3 256.706 37.13 50.00
1 256.711 60.00 10.36
2 256.723 55.12 35.00
4 256.769 37.51 50.00
0 256.806 40.00 11.94
3 256.806 37.03 50.00
1 256.812 60.00 10.27
2 256.823 55.24 35.00
4 256.870 37.42 50.00
0 256.906 40.00 12.01
3 256.907 36.93 50.00
1 256.912 60.00 10.18
2 256.924 55.37 35.00
4 256.970 37.34 50.00
0 257.006 40.00 12.09
3 257.007 36.84 50.00
1 257.013 60.00 10.09
2 257.025 55.49 35.00
4 257.070 37.25 50.00
0 257.107 40.00 12.16
3 257.108 36.74 50.00
1 257.114 60.00 10.00
1 257.114 60.00 10.00
2 257.125 55.61 35.00
4 257.171 37.16 50.00
0 257.207 40.00 12.24
3 257.208 36.64 50.00
1 257.214 59.91 10.00
2 257.226 55.73 35.00
4 257.271 37.08 50.00
0 257.307 40.00 12.31
3 257.308 36.55 50.00
1 257.315 59.82 10.00
2 257.326 55.85 35.00
4 257.371 36.99 50.00
0 257.407 40.00 12.39
3 257.409 36.45 50.00
1 257.415 59.73 10.00
2 257.427 55.98 35.00
4 257.472 36.90 50.00
0 257.508 40.00 12.46
3 257.509 36.35 50.00
1 257.515 59.64 10.00
2 257.527 56.10 35.00
4 257.572 36.82 50.00
0 257.608 40.00 12.54
3 257.610 36.26 50.00
1 257.616 59.55 10.00
2 257.628 56.22 35.00
4 257.672 36.73 50.00
0 257.708 40.00 12.61
3 257.710 36.16 50.00
1 257.716 59.46 10.00
2 257.728 56.34 35.00
4 257.773 36.64 50.00
0 257.808 40.00 12.69
3 257.810 36.06 50.00
1 257.816 59.37 10.00
2 257.829 56.46 35.00
4 257.873 36.56 50.00
0 257.909 40.00 12.76
3 257.911 35.97 50.00
1 257.916 59.28 10.00
2 257.929 56.59 35.00
4 257.973 36.47 50.00
0 258.009 40.00 12.84
3 258.011 35.87 50.00
1 258.017 59.19 10.00
2 258.030 56.71 35.00
4 258.073 36.38 50.00
0 258.109 40.00 12.91
3 258.112 35.77 50.00
1 258.117 59.10 10.00
2 258.131 56.83 35.00
4 258.174 36.30 50.00
0 258.209 40.00 12.99
3 258.212 35.68 50.00
1 258.217 59.01 10.00
2 258.231 56.95 35.00
4 258.274 36.21 50.00
0 258.310 40.00 13.06
3 258.312 35.58 50.00
1 258.317 58.92 10.00
2 258.332 57.07 35.00
4 258.374 36.12 50.00
0 258.410 40.00 13.13
3 258.413 35.48 50.00
1 258.418 58.83 10.00
2 258.432 57.20 35.00
4 258.475 36.04 50.00
0 258.510 40.00 13.21
3 258.513 35.39 50.00
1 258.518 58.73 10.00
2 258.533 57.32 35.00
4 258.575 35.95 50.00
0 258.610 40.00 13.28
3 258.614 35.29 50.00
1 258.618 58.64 10.00
2 258.633 57.44 35.00
4 258.675 35.86 50.00
0 258.711 40.00 13.36
3 258.714 35.19 50.00
1 258.719 58.55 10.00
2 258.734 57.56 35.00
4 258.776 35.78 50.00
0 258.811 40.00 13.43
3 258.814 35.10 50.00
1 258.819 58.46 10.00
2 258.834 57.68 35.00
4 258.876 35.69 50.00
0 258.911 40.00 13.51
3 258.915 35.00 50.00
3 258.915 35.00 50.00
1 258.919 58.37 10.00
2 258.935 57.80 35.00
4 258.976 35.60 50.00
0 259.011 40.00 13.58
3 259.018 35.00 49.90
1 259.019 58.28 10.00
2 259.035 57.93 35.00
4 259.077 35.52 50.00
0 259.112 40.00 13.66
1 259.120 58.19 10.00
3 259.122 35.00 49.80
2 259.136 58.05 35.00
4 259.177 35.43 50.00
0 259.212 40.00 13.73
1 259.220 58.10 10.00
3 259.225 35.00 49.70
2 259.237 58.17 35.00
4 259.277 35.34 50.00
0 259.312 40.00 13.81
1 259.320 58.01 10.00
3 259.328 35.00 49.60
2 259.337 58.29 35.00
4 259.377 35.26 50.00
0 259.412 40.00 13.88
1 259.420 57.92 10.00
3 259.432 35.00 49.50
2 259.438 58.41 35.00
4 259.478 35.17 50.00
0 259.513 40.00 13.96
1 259.521 57.83 10.00
3 259.535 35.00 49.40
2 259.538 58.54 35.00
4 259.578 35.08 50.00
0 259.613 40.00 14.03
1 259.621 57.74 10.00
3 259.639 35.00 49.30
2 259.639 58.66 35.00
4 259.678 35.00 50.00
0 259.713 40.00 14.10
1 259.721 57.65 10.00
2 259.739 58.78 35.00
3 259.742 35.00 49.20
4 259.779 34.91 50.00
0 259.813 40.00 14.18
1 259.821 57.56 10.00
2 259.840 58.90 35.00
3 259.845 35.00 49.10
4 259.879 34.82 50.00
0 259.913 40.00 14.25
1 259.922 57.47 10.00
2 259.940 59.02 35.00
3 259.949 35.00 49.00
4 259.979 34.74 50.00
0 260.014 40.00 14.33
1 260.022 57.38 10.00
2 260.041 59.15 35.00
3 260.052 35.00 48.90
4 260.080 34.65 50.00
0 260.114 40.00 14.40
1 260.122 57.29 10.00
2 260.141 59.27 35.00
3 260.155 35.00 48.80
4 260.180 34.56 50.00
0 260.214 40.00 14.48
1 260.223 57.20 10.00
2 260.242 59.39 35.00
3 260.259 35.00 48.71
4 260.280 34.47 50.00
0 260.314 40.00 14.55
1 260.323 57.11 10.00
2 260.343 59.51 35.00
3 260.362 35.00 48.61
4 260.380 34.39 50.00
0 260.415 40.00 14.63
1 260.423 57.02 10.00
2 260.443 59.63 35.00
3 260.466 35.00 48.51
4 260.481 34.30 50.00
0 260.515 40.00 14.70
1 260.523 56.93 10.00
2 260.544 59.76 35.00
3 260.569 35.00 48.41
4 260.581 34.21 50.00
0 260.615 40.00 14.78
1 260.624 56.84 10.00
2 260.644 59.88 35.00
3 260.672 35.00 48.31
4 260.681 34.13 50.00
0 260.715 40.00 14.85
1 260.724 56.75 10.00
2 260.745 60.00 35.00
2 260.745 60.00 35.00
3 260.776 35.00 48.21
4 260.782 34.04 50.00
0 260.816 40.00 14.93
1 260.824 56.66 10.00
2 260.845 60.00 34.88
3 260.879 35.00 48.11
4 260.882 33.95 50.00
0 260.916 40.00 15.00
1 260.924 56.57 10.00
2 260.946 60.00 34.76
4 260.982 33.87 50.00
3 260.982 35.00 48.01
0 261.016 40.00 15.07
1 261.025 56.48 10.00
2 261.046 60.00 34.63
4 261.083 33.78 50.00
3 261.086 35.00 47.91
0 261.116 40.00 15.15
1 261.125 56.39 10.00
2 261.147 60.00 34.51
4 261.183 33.69 50.00
3 261.189 35.00 47.81
0 261.217 40.00 15.22
1 261.225 56.30 10.00
2 261.247 60.00 34.39
4 261.283 33.61 50.00
3 261.293 35.00 47.71
3 261.293 35.00 47.71
0 261.317 40.00 15.30
1 261.326 56.20 10.00
2 261.348 60.00 34.27
4 261.384 33.52 50.00
3 261.394 35.00 47.58
0 261.417 40.00 15.37
1 261.426 56.11 10.00
2 261.449 60.00 34.15
4 261.484 33.43 50.00
3 261.496 35.00 47.45
0 261.517 40.00 15.45
1 261.526 56.02 10.00
2 261.549 60.00 34.02
4 261.584 33.35 50.00
3 261.598 35.00 47.32
0 261.618 40.00 15.52
1 261.626 55.93 10.00
2 261.650 60.00 33.90
4 261.684 33.26 50.00
3 261.700 35.00 47.19
0 261.718 40.00 15.60
1 261.727 55.84 10.00
2 261.750 60.00 33.78
4 261.785 33.17 50.00
3 261.802 35.00 47.06
0 261.818 40.00 15.67
1 261.827 55.75 10.00
2 261.851 60.00 33.66
4 261.885 33.09 50.00
3 261.904 35.00 46.93
0 261.918 40.00 15.75
1 261.927 55.66 10.00
2 261.951 60.00 33.54
4 261.985 33.00 50.00
3 262.005 35.00 46.81
0 262.019 40.00 15.82
1 262.027 55.57 10.00
2 262.052 60.00 33.41
4 262.086 32.91 50.00
3 262.107 35.00 46.68
0 262.119 40.00 15.90
1 262.128 55.48 10.00
2 262.152 60.00 33.29
4 262.186 32.83 50.00
3 262.209 35.00 46.55
0 262.219 40.00 15.97
1 262.228 55.39 10.00
2 262.253 60.00 33.17
4 262.286 32.74 50.00
3 262.311 35.00 46.42
0 262.319 40.00 16.04
1 262.328 55.30 10.00
2 262.354 60.00 33.05
4 262.387 32.65 50.00
3 262.413 35.00 46.29
0 262.420 40.00 16.12
1 262.428 55.21 10.00
2 262.454 60.00 32.93
4 262.487 32.57 50.00
3 262.515 35.00 46.16
0 262.520 40.00 16.19
1 262.529 55.12 10.00
2 262.555 60.00 32.80
4 262.587 32.48 50.00
3 262.616 35.00 46.03
0 262.620 40.00 16.27
1 262.629 55.03 10.00
2 262.655 60.00 32.68
4 262.687 32.39 50.00
3 262.718 35.00 45.90
0 262.720 40.00 16.34
1 262.729 54.94 10.00
2 262.756 60.00 32.56
4 262.788 32.31 50.00
3 262.820 35.00 45.77
0 262.821 40.00 16.42
1 262.830 54.85 10.00
2 262.856 60.00 32.44
4 262.888 32.22 50.00
0 262.921 40.00 16.49
3 262.922 35.00 45.64
1 262.930 54.76 10.00
2 262.957 60.00 32.32
4 262.988 32.13 50.00
0 263.021 40.00 16.57
3 263.024 35.00 45.52
1 263.030 54.67 10.00
2 263.057 60.00 32.20
4 263.089 32.05 50.00
0 263.121 40.00 16.64
3 263.126 35.00 45.39
1 263.130 54.58 10.00
2 263.158 60.00 32.07
4 263.189 31.96 50.00
0 263.222 40.00 16.72
3 263.227 35.00 45.26
1 263.231 54.49 10.00
2 263.258 60.00 31.95
4 263.289 31.87 50.00
0 263.322 40.00 16.79
3 263.329 35.00 45.13
1 263.331 54.40 10.00
2 263.359 60.00 31.83
4 263.390 31.79 50.00
0 263.422 40.00 16.87
3 263.431 35.00 45.00
3 263.431 35.00 45.00
1 263.431 54.31 10.00
2 263.460 60.00 31.71
4 263.490 31.70 50.00
4 263.490 31.70 50.00
0 263.522 40.00 16.94
1 263.531 54.22 10.00
3 263.532 34.87 45.00
2 263.560 60.00 31.59
4 263.592 31.59 50.00
0 263.623 40.00 17.01
1 263.632 54.13 10.00
3 263.634 34.74 45.00
2 263.661 60.00 31.46
4 263.693 31.47 50.00
0 263.723 40.00 17.09
1 263.732 54.04 10.00
3 263.735 34.62 45.00
2 263.761 60.00 31.34
4 263.795 31.36 50.00
0 263.823 40.00 17.16
1 263.832 53.95 10.00
3 263.836 34.49 45.00
2 263.862 60.00 31.22
4 263.897 31.25 50.00
0 263.923 40.00 17.24
1 263.933 53.86 10.00
3 263.937 34.36 45.00
2 263.962 60.00 31.10
4 263.998 31.13 50.00
0 264.024 40.00 17.31
1 264.033 53.77 10.00
3 264.038 34.23 45.00
2 264.063 60.00 30.98
4 264.100 31.02 50.00
0 264.124 40.00 17.39
1 264.133 53.67 10.00
3 264.140 34.10 45.00
2 264.163 60.00 30.85
4 264.201 30.90 50.00
0 264.224 40.00 17.46
1 264.233 53.58 10.00
3 264.241 33.97 45.00
2 264.264 60.00 30.73
4 264.303 30.79 50.00
0 264.324 40.00 17.54
1 264.334 53.49 10.00
3 264.342 33.85 45.00
2 264.364 60.00 30.61
4 264.405 30.68 50.00
0 264.425 40.00 17.61
1 264.434 53.40 10.00
3 264.443 33.72 45.00
2 264.465 60.00 30.49
4 264.506 30.56 50.00
0 264.525 40.00 17.69
1 264.534 53.31 10.00
3 264.544 33.59 45.00
2 264.566 60.00 30.37
4 264.608 30.45 50.00
0 264.625 40.00 17.76
1 264.634 53.22 10.00
3 264.646 33.46 45.00
2 264.666 60.00 30.24
4 264.710 30.34 50.00
0 264.725 40.00 17.84
1 264.735 53.13 10.00
3 264.747 33.33 45.00
2 264.767 60.00 30.12
4 264.811 30.22 50.00
0 264.826 40.00 17.91
1 264.835 53.04 10.00
3 264.848 33.21 45.00
2 264.867 60.00 30.00
4 264.913 30.11 50.00
0 264.926 40.00 17.99
1 264.935 52.95 10.00
3 264.949 33.08 45.00
2 264.968 60.00 29.88
4 265.015 30.00 50.00
0 265.026 40.00 18.06
1 265.035 52.86 10.00
3 265.051 32.95 45.00
2 265.068 60.00 29.76
4 265.116 29.88 50.00
0 265.126 40.00 18.13
1 265.136 52.77 10.00
3 265.152 32.82 45.00
2 265.169 60.00 29.63
4 265.218 29.77 50.00
0 265.226 40.00 18.21
1 265.236 52.68 10.00
3 265.253 32.69 45.00
2 265.269 60.00 29.51
4 265.320 29.66 50.00
0 265.327 40.00 18.28
1 265.336 52.59 10.00
3 265.354 32.56 45.00
2 265.370 60.00 29.39
4 265.421 29.54 50.00
0 265.427 40.00 18.36
1 265.437 52.50 10.00
3 265.455 32.44 45.00
2 265.470 60.00 29.27
4 265.523 29.43 50.00
0 265.527 40.00 18.43
1 265.537 52.41 10.00
3 265.557 32.31 45.00
2 265.571 60.00 29.15
4 265.624 29.31 50.00
0 265.627 40.00 18.51
1 265.637 52.32 10.00
3 265.658 32.18 45.00
2 265.672 60.00 29.02
4 265.726 29.20 50.00
0 265.728 40.00 18.58
1 265.737 52.23 10.00
3 265.759 32.05 45.00
2 265.772 60.00 28.90
4 265.828 29.09 50.00
0 265.828 40.00 18.66
1 265.838 52.14 10.00
3 265.860 31.92 45.00
2 265.873 60.00 28.78
0 265.928 40.00 18.73
4 265.929 28.97 50.00
1 265.938 52.05 10.00
3 265.961 31.79 45.00
2 265.973 60.00 28.66
0 266.028 40.00 18.81
4 266.031 28.86 50.00
1 266.038 51.96 10.00
3 266.063 31.67 45.00
2 266.074 60.00 28.54
0 266.129 40.00 18.88
4 266.133 28.75 50.00
1 266.138 51.87 10.00
3 266.164 31.54 45.00
2 266.174 60.00 28.41
0 266.229 40.00 18.96
4 266.234 28.63 50.00
1 266.239 51.78 10.00
3 266.265 31.41 45.00
2 266.275 60.00 28.29
0 266.329 40.00 19.03
4 266.336 28.52 50.00
1 266.339 51.69 10.00
3 266.366 31.28 45.00
2 266.375 60.00 28.17
0 266.429 40.00 19.10
4 266.438 28.41 50.00
1 266.439 51.60 10.00
3 266.468 31.15 45.00
2 266.476 60.00 28.05
0 266.530 40.00 19.18
4 266.539 28.29 50.00
1 266.540 51.51 10.00
3 266.569 31.03 45.00
2 266.576 60.00 27.93
0 266.630 40.00 19.25
1 266.640 51.42 10.00
4 266.641 28.18 50.00
3 266.670 30.90 45.00
2 266.677 60.00 27.80
0 266.730 40.00 19.33
1 266.740 51.33 10.00
4 266.743 28.07 50.00
3 266.771 30.77 45.00
2 266.778 60.00 27.68
0 266.830 40.00 19.40
1 266.840 51.23 10.00
4 266.844 27.95 50.00
3 266.872 30.64 45.00
2 266.878 60.00 27.56
0 266.931 40.00 19.48
1 266.941 51.14 10.00
4 266.946 27.84 50.00
3 266.974 30.51 45.00
2 266.979 60.00 27.44
0 267.031 40.00 19.55
1 267.041 51.05 10.00
4 267.047 27.73 50.00
3 267.075 30.38 45.00
2 267.079 60.00 27.32
0 267.131 40.00 19.63
1 267.141 50.96 10.00
4 267.149 27.61 50.00
3 267.176 30.26 45.00
2 267.180 60.00 27.20
0 267.231 40.00 19.70
1 267.241 50.87 10.00
4 267.251 27.50 50.00
3 267.277 30.13 45.00
2 267.280 60.00 27.07
0 267.332 40.00 19.78
1 267.342 50.78 10.00
4 267.352 27.38 50.00
3 267.378 30.00 45.00
3 267.378 30.00 45.00
2 267.381 60.00 26.95
0 267.432 40.00 19.85
1 267.442 50.69 10.00
4 267.454 27.27 50.00
3 267.479 30.00 45.13
2 267.481 60.00 26.83
0 267.532 40.00 19.93
1 267.542 50.60 10.00
4 267.556 27.16 50.00
3 267.579 30.00 45.25
2 267.582 60.00 26.71
0 267.632 40.00 20.00
0 267.632 40.00 20.00
1 267.642 50.51 10.00
4 267.657 27.04 50.00
3 267.680 30.00 45.38
2 267.682 60.00 26.59
0 267.733 39.93 20.00
1 267.743 50.42 10.00
4 267.759 26.93 50.00
3 267.780 30.00 45.51
2 267.783 60.00 26.46
0 267.833 39.85 20.00
1 267.843 50.33 10.00
4 267.861 26.82 50.00
3 267.881 30.00 45.64
2 267.884 60.00 26.34
0 267.933 39.78 20.00
1 267.943 50.24 10.00
4 267.962 26.70 50.00
3 267.981 30.00 45.76
2 267.984 60.00 26.22
0 268.033 39.70 20.00
1 268.044 50.15 10.00
4 268.064 26.59 50.00
3 268.082 30.00 45.89
2 268.085 60.00 26.10
0 268.134 39.63 20.00
1 268.144 50.06 10.00
4 268.166 26.48 50.00
3 268.182 30.00 46.02
2 268.185 60.00 25.98
0 268.234 39.55 20.00
1 268.244 49.97 10.00
4 268.267 26.36 50.00
3 268.283 30.00 46.15
2 268.286 60.00 25.85
0 268.334 39.48 20.00
1 268.344 49.88 10.00
4 268.369 26.25 50.00
3 268.383 30.00 46.27
2 268.386 60.00 25.73
0 268.434 39.40 20.00
1 268.445 49.79 10.00
4 268.471 26.14 50.00
3 268.484 30.00 46.40
2 268.487 60.00 25.61
0 268.535 39.33 20.00
1 268.545 49.70 10.00
4 268.572 26.02 50.00
3 268.584 30.00 46.53
2 268.587 60.00 25.49
0 268.635 39.25 20.00
1 268.645 49.61 10.00
4 268.674 25.91 50.00
3 268.685 30.00 46.65
2 268.688 60.00 25.37
0 268.735 39.18 20.00
1 268.745 49.52 10.00
4 268.775 25.79 50.00
3 268.785 30.00 46.78
2 268.788 60.00 25.24
0 268.835 39.10 20.00
1 268.846 49.43 10.00
4 268.877 25.68 50.00
3 268.886 30.00 46.91
2 268.889 60.00 25.12
0 268.936 39.03 20.00
1 268.946 49.34 10.00
4 268.979 25.57 50.00
3 268.986 30.00 47.04
2 268.990 60.00 25.00
2 268.990 60.00 25.00
0 269.036 38.96 20.00
1 269.046 49.25 10.00
4 269.080 25.45 50.00
3 269.087 30.00 47.16
2 269.090 59.88 25.00
0 269.136 38.88 20.00
1 269.147 49.16 10.00
4 269.182 25.34 50.00
3 269.187 30.00 47.29
3 269.187 30.00 47.29
2 269.191 59.76 25.00
0 269.236 38.81 20.00
1 269.247 49.07 10.00
4 269.284 25.23 50.00
3 269.290 30.00 47.41
2 269.291 59.63 25.00
0 269.337 38.73 20.00
1 269.347 48.98 10.00
4 269.385 25.11 50.00
2 269.392 59.51 25.00
3 269.392 30.00 47.53
0 269.437 38.66 20.00
1 269.447 48.89 10.00
4 269.487 25.00 50.00
4 269.487 25.00 50.00
2 269.492 59.39 25.00
3 269.495 30.00 47.64
0 269.537 38.58 20.00
1 269.548 48.80 10.00
4 269.587 25.00 49.89
2 269.593 59.27 25.00
3 269.597 30.00 47.76
0 269.637 38.51 20.00
1 269.648 48.70 10.00
4 269.688 25.00 49.78
2 269.693 59.15 25.00
3 269.699 30.00 47.88
0 269.738 38.43 20.00
1 269.748 48.61 10.00
4 269.788 25.00 49.66
2 269.794 59.02 25.00
3 269.802 30.00 48.00
0 269.838 38.36 20.00
1 269.848 48.52 10.00
4 269.889 25.00 49.55
2 269.894 58.90 25.00
3 269.904 30.00 48.12
0 269.938 38.28 20.00
1 269.949 48.43 10.00
4 269.989 25.00 49.44
2 269.995 58.78 25.00
3 270.007 30.00 48.23
0 270.038 38.21 20.00
1 270.049 48.34 10.00
4 270.089 25.00 49.33
2 270.096 58.66 25.00
3 270.109 30.00 48.35
0 270.139 38.13 20.00
1 270.149 48.25 10.00
4 270.190 25.00 49.21
2 270.196 58.54 25.00
3 270.212 30.00 48.47
0 270.239 38.06 20.00
1 270.249 48.16 10.00
4 270.290 25.00 49.10
2 270.297 58.41 25.00
3 270.314 30.00 48.59
0 270.339 37.99 20.00
1 270.350 48.07 10.00
4 270.391 25.00 48.99
2 270.397 58.29 25.00
3 270.417 30.00 48.70
0 270.439 37.91 20.00
1 270.450 47.98 10.00
4 270.491 25.00 48.88
2 270.498 58.17 25.00
3 270.519 30.00 48.82
0 270.540 37.84 20.00
1 270.550 47.89 10.00
4 270.591 25.00 48.77
2 270.598 58.05 25.00
3 270.621 30.00 48.94
0 270.640 37.76 20.00
1 270.651 47.80 10.00
4 270.692 25.00 48.65
2 270.699 57.93 25.00
3 270.724 30.00 49.06
0 270.740 37.69 20.00
1 270.751 47.71 10.00
4 270.792 25.00 48.54
2 270.799 57.80 25.00
3 270.826 30.00 49.18
0 270.840 37.61 20.00
1 270.851 47.62 10.00
4 270.893 25.00 48.43
2 270.900 57.68 25.00
3 270.929 30.00 49.29
0 270.940 37.54 20.00
1 270.951 47.53 10.00
4 270.993 25.00 48.32
2 271.000 57.56 25.00
3 271.031 30.00 49.41
0 271.041 37.46 20.00
1 271.052 47.44 10.00
4 271.094 25.00 48.21
2 271.101 57.44 25.00
3 271.134 30.00 49.53
0 271.141 37.39 20.00
1 271.152 47.35 10.00
4 271.194 25.00 48.09
2 271.202 57.32 25.00
3 271.236 30.00 49.65
0 271.241 37.31 20.00
1 271.252 47.26 10.00
4 271.294 25.00 47.98
2 271.302 57.20 25.00
3 271.339 30.00 49.76
0 271.341 37.24 20.00
1 271.352 47.17 10.00
4 271.395 25.00 47.87
2 271.403 57.07 25.00
3 271.441 30.00 49.88
0 271.442 37.16 20.00
1 271.453 47.08 10.00
4 271.495 25.00 47.76
2 271.503 56.95 25.00
0 271.542 37.09 20.00
3 271.544 30.00 50.00
3 271.544 30.00 50.00
1 271.553 46.99 10.00
4 271.596 25.00 47.64
2 271.604 56.83 25.00
0 271.642 37.01 20.00
3 271.645 29.88 50.00
1 271.653 46.90 10.00
4 271.696 25.00 47.53
2 271.704 56.71 25.00
0 271.742 36.94 20.00
3 271.746 29.77 50.00
1 271.754 46.81 10.00
4 271.796 25.00 47.42
2 271.805 56.59 25.00
0 271.843 36.87 20.00
3 271.847 29.65 50.00
1 271.854 46.72 10.00
4 271.897 25.00 47.31
2 271.905 56.46 25.00
0 271.943 36.79 20.00
3 271.948 29.53 50.00
1 271.954 46.63 10.00
4 271.997 25.00 47.20
2 272.006 56.34 25.00
0 272.043 36.72 20.00
3 272.049 29.42 50.00
1 272.054 46.54 10.00
4 272.098 25.00 47.08
2 272.106 56.22 25.00
0 272.143 36.64 20.00
3 272.150 29.30 50.00
1 272.155 46.45 10.00
4 272.198 25.00 46.97
2 272.207 56.10 25.00
0 272.244 36.57 20.00
3 272.252 29.19 50.00
1 272.255 46.36 10.00
4 272.298 25.00 46.86
2 272.308 55.98 25.00
0 272.344 36.49 20.00
3 272.353 29.07 50.00
1 272.355 46.27 10.00
4 272.399 25.00 46.75
2 272.408 55.85 25.00
0 272.444 36.42 20.00
3 272.454 28.95 50.00
1 272.455 46.17 10.00
4 272.499 25.00 46.63
2 272.509 55.73 25.00
0 272.544 36.34 20.00
3 272.555 28.84 50.00
1 272.556 46.08 10.00
4 272.600 25.00 46.52
2 272.609 55.61 25.00
0 272.645 36.27 20.00
1 272.656 45.99 10.00
3 272.656 28.72 50.00
4 272.700 25.00 46.41
2 272.710 55.49 25.00
0 272.745 36.19 20.00
1 272.756 45.90 10.00
3 272.757 28.60 50.00
4 272.800 25.00 46.30
2 272.810 55.37 25.00
0 272.845 36.12 20.00
1 272.856 45.81 10.00
3 272.858 28.49 50.00
4 272.901 25.00 46.19
2 272.911 55.24 25.00
0 272.945 36.04 20.00
1 272.957 45.72 10.00
3 272.960 28.37 50.00
4 273.001 25.00 46.07
2 273.011 55.12 25.00
0 273.046 35.97 20.00
1 273.057 45.63 10.00
3 273.061 28.26 50.00
4 273.102 25.00 45.96
2 273.112 55.00 25.00
2 273.112 55.00 25.00
0 273.146 35.90 20.00
1 273.157 45.54 10.00
3 273.162 28.14 50.00
4 273.202 25.00 45.85
2 273.212 55.00 25.12
0 273.246 35.82 20.00
1 273.258 45.45 10.00
3 273.263 28.02 50.00
4 273.303 25.00 45.74
2 273.313 55.00 25.24
0 273.346 35.75 20.00
1 273.358 45.36 10.00
3 273.364 27.91 50.00
4 273.403 25.00 45.63
2 273.414 55.00 25.37
0 273.447 35.67 20.00
1 273.458 45.27 10.00
3 273.465 27.79 50.00
4 273.503 25.00 45.51
2 273.514 55.00 25.49
0 273.547 35.60 20.00
1 273.558 45.18 10.00
3 273.566 27.67 50.00
4 273.604 25.00 45.40
2 273.615 55.00 25.61
0 273.647 35.52 20.00
1 273.659 45.09 10.00
3 273.668 27.56 50.00
4 273.704 25.00 45.29
2 273.715 55.00 25.73
0 273.747 35.45 20.00
1 273.759 45.00 10.00
1 273.759 45.00 10.00
3 273.769 27.44 50.00
4 273.805 25.00 45.18
2 273.816 55.00 25.85
0 273.848 35.37 20.00
1 273.860 45.00 10.09
3 273.870 27.33 50.00
4 273.905 25.00 45.06
2 273.916 55.00 25.98
0 273.948 35.30 20.00
1 273.961 45.00 10.18
3 273.971 27.21 50.00
4 274.005 25.00 44.95
2 274.017 55.00 26.10
0 274.048 35.22 20.00
1 274.062 45.00 10.27
3 274.072 27.09 50.00
4 274.106 25.00 44.84
2 274.117 55.00 26.22
0 274.148 35.15 20.00
1 274.162 45.00 10.36
3 274.173 26.98 50.00
4 274.206 25.00 44.73
2 274.218 55.00 26.34
0 274.249 35.07 20.00
1 274.263 45.00 10.45
3 274.274 26.86 50.00
4 274.307 25.00 44.62
2 274.318 55.00 26.46
0 274.349 35.00 20.00
1 274.364 45.00 10.55
3 274.376 26.74 50.00
4 274.407 25.00 44.50
2 274.419 55.00 26.59
0 274.449 34.93 20.00
1 274.465 45.00 10.64
3 274.477 26.63 50.00
4 274.507 25.00 44.39
2 274.520 55.00 26.71
0 274.549 34.85 20.00
1 274.566 45.00 10.73
3 274.578 26.51 50.00
4 274.608 25.00 44.28
2 274.620 55.00 26.83
0 274.650 34.78 20.00
1 274.667 45.00 10.82
3 274.679 26.40 50.00
4 274.708 25.00 44.17
2 274.721 55.00 26.95
0 274.750 34.70 20.00
1 274.768 45.00 10.91
3 274.780 26.28 50.00
4 274.809 25.00 44.05
2 274.821 55.00 27.07
0 274.850 34.63 20.00
1 274.869 45.00 11.00
3 274.881 26.16 50.00
4 274.909 25.00 43.94
2 274.922 55.00 27.20
0 274.950 34.55 20.00
1 274.969 45.00 11.09
3 274.982 26.05 50.00
4 275.009 25.00 43.83
2 275.022 55.00 27.32
0 275.051 34.48 20.00
1 275.070 45.00 11.18
3 275.084 25.93 50.00
4 275.110 25.00 43.72
2 275.123 55.00 27.44
0 275.151 34.40 20.00
1 275.171 45.00 11.27
3 275.185 25.81 50.00
4 275.210 25.00 43.61
2 275.223 55.00 27.56
0 275.251 34.33 20.00
1 275.272 45.00 11.36
3 275.286 25.70 50.00
4 275.311 25.00 43.49
2 275.324 55.00 27.68
0 275.351 34.25 20.00
1 275.373 45.00 11.45
3 275.387 25.58 50.00
4 275.411 25.00 43.38
2 275.424 55.00 27.80
0 275.452 34.18 20.00
1 275.474 45.00 11.55
3 275.488 25.47 50.00
4 275.512 25.00 43.27
2 275.525 55.00 27.93
0 275.552 34.10 20.00
1 275.575 45.00 11.64
3 275.589 25.35 50.00
4 275.612 25.00 43.16
2 275.626 55.00 28.05
0 275.652 34.03 20.00
1 275.676 45.00 11.73
3 275.690 25.23 50.00
4 275.712 25.00 43.05
2 275.726 55.00 28.17
0 275.752 33.96 20.00
1 275.776 45.00 11.82
3 275.792 25.12 50.00
4 275.813 25.00 42.93
2 275.827 55.00 28.29
0 275.853 33.88 20.00
1 275.877 45.00 11.91
3 275.893 25.00 50.00
3 275.893 25.00 50.00
4 275.913 25.00 42.82
2 275.927 55.00 28.41
0 275.953 33.81 20.00
1 275.978 45.00 12.00
3 275.998 25.00 49.88
4 276.014 25.00 42.71
2 276.028 55.00 28.54
0 276.053 33.73 20.00
1 276.079 45.00 12.09
3 276.102 25.00 49.76
4 276.114 25.00 42.60
2 276.128 55.00 28.66
0 276.153 33.66 20.00
1 276.180 45.00 12.18
3 276.207 25.00 49.64
4 276.214 25.00 42.48
2 276.229 55.00 28.78
0 276.254 33.58 20.00
1 276.281 45.00 12.27
3 276.312 25.00 49.52
4 276.315 25.00 42.37
2 276.329 55.00 28.90
0 276.354 33.51 20.00
1 276.382 45.00 12.36
4 276.415 25.00 42.26
3 276.417 25.00 49.40
2 276.430 55.00 29.02
0 276.454 33.43 20.00
1 276.483 45.00 12.45
4 276.516 25.00 42.15
3 276.522 25.00 49.28
2 276.530 55.00 29.15
0 276.554 33.36 20.00
1 276.583 45.00 12.55
4 276.616 25.00 42.04
3 276.627 25.00 49.16
2 276.631 55.00 29.27
0 276.654 33.28 20.00
1 276.684 45.00 12.64
4 276.716 25.00 41.92
2 276.732 55.00 29.39
3 276.732 25.00 49.04
0 276.755 33.21 20.00
1 276.785 45.00 12.73
4 276.817 25.00 41.81
2 276.832 55.00 29.51
3 276.837 25.00 48.91
0 276.855 33.13 20.00
1 276.886 45.00 12.82
4 276.917 25.00 41.70
4 276.917 25.00 41.70
2 276.933 55.00 29.63
3 276.942 25.00 48.79
0 276.955 33.06 20.00
1 276.987 45.00 12.91
4 277.018 25.00 41.59
2 277.033 55.00 29.76
3 277.046 25.00 48.67
0 277.055 32.99 20.00
1 277.088 45.00 13.00
4 277.118 25.00 41.48
2 277.134 55.00 29.88
3 277.151 25.00 48.55
0 277.156 32.91 20.00
1 277.189 45.00 13.09
4 277.218 25.00 41.36
2 277.234 55.00 30.00
0 277.256 32.84 20.00
3 277.256 25.00 48.43
1 277.290 45.00 13.18
4 277.319 25.00 41.25
2 277.335 55.00 30.12
0 277.356 32.76 20.00
3 277.361 25.00 48.31
1 277.390 45.00 13.27
4 277.419 25.00 41.14
2 277.435 55.00 30.24
0 277.456 32.69 20.00
3 277.466 25.00 48.19
1 277.491 45.00 13.36
4 277.520 25.00 41.03
2 277.536 55.00 30.37
0 277.557 32.61 20.00
3 277.571 25.00 48.07
1 277.592 45.00 13.45
4 277.620 25.00 40.92
2 277.636 55.00 30.49
0 277.657 32.54 20.00
3 277.676 25.00 47.95
1 277.693 45.00 13.55
4 277.721 25.00 40.80
2 277.737 55.00 30.61
0 277.757 32.46 20.00
3 277.781 25.00 47.83
1 277.794 45.00 13.64
4 277.821 25.00 40.69
2 277.838 55.00 30.73
0 277.857 32.39 20.00
3 277.886 25.00 47.71
3 277.886 25.00 47.71
1 277.895 45.00 13.73
4 277.921 25.00 40.58
2 277.938 55.00 30.85
0 277.958 32.31 20.00
3 277.986 25.00 47.63
1 277.996 45.00 13.82
4 278.022 25.00 40.47
2 278.039 55.00 30.98
0 278.058 32.24 20.00
3 278.086 25.00 47.55
1 278.097 45.00 13.91
4 278.122 25.00 40.36
2 278.139 55.00 31.10
0 278.158 32.16 20.00
3 278.186 25.00 47.47
1 278.198 45.00 14.00
4 278.223 25.00 40.24
2 278.240 55.00 31.22
0 278.258 32.09 20.00
3 278.286 25.00 47.39
1 278.298 45.00 14.09
4 278.323 25.00 40.13
2 278.340 55.00 31.34
0 278.359 32.01 20.00
3 278.386 25.00 47.31
1 278.399 45.00 14.18
4 278.423 25.00 40.02
2 278.441 55.00 31.46
0 278.459 31.94 20.00
3 278.486 25.00 47.23
1 278.500 45.00 14.27
4 278.524 25.00 39.91
2 278.541 55.00 31.59
0 278.559 31.87 20.00
3 278.586 25.00 47.15
1 278.601 45.00 14.36
4 278.624 25.00 39.80
2 278.642 55.00 31.71
0 278.659 31.79 20.00
3 278.686 25.00 47.07
1 278.702 45.00 14.45
4 278.725 25.00 39.68
2 278.742 55.00 31.83
0 278.760 31.72 20.00
3 278.786 25.00 46.99
1 278.803 45.00 14.55
4 278.825 25.00 39.57
2 278.843 55.00 31.95
0 278.860 31.64 20.00
3 278.886 25.00 46.91
1 278.904 45.00 14.64
4 278.926 25.00 39.46
2 278.944 55.00 32.07
0 278.960 31.57 20.00
3 278.986 25.00 46.83
1 279.005 45.00 14.73
4 279.026 25.00 39.35
2 279.044 55.00 32.20
0 279.060 31.49 20.00
3 279.086 25.00 46.75
1 279.105 45.00 14.82
4 279.126 25.00 39.24
2 279.145 55.00 32.32
0 279.161 31.42 20.00
3 279.186 25.00 46.67
1 279.206 45.00 14.91
4 279.227 25.00 39.12
2 279.245 55.00 32.44
0 279.261 31.34 20.00
3 279.286 25.00 46.59
1 279.307 45.00 15.00
4 279.327 25.00 39.01
2 279.346 55.00 32.56
0 279.361 31.27 20.00
3 279.386 25.00 46.51
1 279.408 45.00 15.09
4 279.428 25.00 38.90
2 279.446 55.00 32.68
0 279.461 31.19 20.00
3 279.487 25.00 46.43
1 279.509 45.00 15.18
4 279.528 25.00 38.79
2 279.547 55.00 32.80
0 279.562 31.12 20.00
3 279.587 25.00 46.35
1 279.610 45.00 15.27
4 279.628 25.00 38.68
2 279.647 55.00 32.93
0 279.662 31.04 20.00
3 279.687 25.00 46.27
1 279.711 45.00 15.36
4 279.729 25.00 38.57
2 279.748 55.00 33.05
0 279.762 30.97 20.00
3 279.787 25.00 46.19
1 279.812 45.00 15.45
4 279.829 25.00 38.45
2 279.848 55.00 33.17
0 279.862 30.90 20.00
3 279.887 25.00 46.11
1 279.912 45.00 15.55
4 279.930 25.00 38.34
2 279.949 55.00 33.29
0 279.963 30.82 20.00
3 279.987 25.00 46.03
1 280.013 45.00 15.64
4 280.030 25.00 38.23
2 280.050 55.00 33.41
0 280.063 30.75 20.00
3 280.087 25.00 45.95
1 280.114 45.00 15.73
4 280.131 25.00 38.12
2 280.150 55.00 33.54
0 280.163 30.67 20.00
3 280.187 25.00 45.87
1 280.215 45.00 15.82
4 280.231 25.00 38.01
2 280.251 55.00 33.66
0 280.263 30.60 20.00
3 280.287 25.00 45.79
1 280.316 45.00 15.91
4 280.331 25.00 37.89
2 280.351 55.00 33.78
0 280.364 30.52 20.00
3 280.387 25.00 45.71
1 280.417 45.00 16.00
4 280.432 25.00 37.78
2 280.452 55.00 33.90
0 280.464 30.45 20.00
3 280.487 25.00 45.63
1 280.518 45.00 16.09
4 280.532 25.00 37.67
2 280.552 55.00 34.02
0 280.564 30.37 20.00
3 280.587 25.00 45.56
1 280.619 45.00 16.18
4 280.633 25.00 37.56
2 280.653 55.00 34.15
0 280.664 30.30 20.00
3 280.687 25.00 45.48
1 280.719 45.00 16.27
4 280.733 25.00 37.45
2 280.753 55.00 34.27
0 280.765 30.22 20.00
3 280.787 25.00 45.40
1 280.820 45.00 16.36
4 280.833 25.00 37.33
2 280.854 55.00 34.39
0 280.865 30.15 20.00
3 280.887 25.00 45.32
1 280.921 45.00 16.45
4 280.934 25.00 37.22
2 280.954 55.00 34.51
0 280.965 30.07 20.00
3 280.988 25.00 45.24
1 281.022 45.00 16.55
4 281.034 25.00 37.11
2 281.055 55.00 34.63
0 281.065 30.00 20.00
3 281.088 25.00 45.16
1 281.123 45.00 16.64
4 281.135 25.00 37.00
2 281.156 55.00 34.76
0 281.166 29.93 20.00
3 281.188 25.00 45.08
1 281.224 45.00 16.73
4 281.235 25.00 36.89
2 281.256 55.00 34.88
0 281.266 29.85 20.00
3 281.288 25.00 45.00
1 281.325 45.00 16.82
4 281.335 25.00 36.77
2 281.357 55.00 35.00
2 281.357 55.00 35.00
0 281.366 29.78 20.00
3 281.388 25.00 44.92
1 281.426 45.00 16.91
4 281.436 25.00 36.66
2 281.459 55.12 35.00
0 281.466 29.70 20.00
3 281.488 25.00 44.84
1 281.526 45.00 17.00
4 281.536 25.00 36.55
2 281.561 55.25 35.00
0 281.567 29.63 20.00
3 281.588 25.00 44.76
1 281.627 45.00 17.09
4 281.637 25.00 36.44
2 281.663 55.37 35.00
0 281.667 29.55 20.00
3 281.688 25.00 44.68
1 281.728 45.00 17.18
4 281.737 25.00 36.33
2 281.765 55.50 35.00
0 281.767 29.48 20.00
3 281.788 25.00 44.60
1 281.829 45.00 17.27
4 281.838 25.00 36.21
0 281.867 29.40 20.00
2 281.868 55.62 35.00
3 281.888 25.00 44.52
1 281.930 45.00 17.36
4 281.938 25.00 36.10
0 281.968 29.33 20.00
2 281.970 55.74 35.00
3 281.988 25.00 44.44
1 282.031 45.00 17.45
4 282.038 25.00 35.99
0 282.068 29.25 20.00
2 282.072 55.87 35.00
3 282.088 25.00 44.36
1 282.132 45.00 17.55
4 282.139 25.00 35.88
0 282.168 29.18 20.00
2 282.174 55.99 35.00
3 282.188 25.00 44.28
1 282.233 45.00 17.64
4 282.239 25.00 35.77
0 282.268 29.10 20.00
2 282.276 56.12 35.00
3 282.288 25.00 44.20
1 282.333 45.00 17.73
4 282.340 25.00 35.65
0 282.368 29.03 20.00
2 282.378 56.24 35.00
3 282.388 25.00 44.12
1 282.434 45.00 17.82
4 282.440 25.00 35.54
0 282.469 28.96 20.00
2 282.481 56.36 35.00
3 282.489 25.00 44.04
1 282.535 45.00 17.91
4 282.540 25.00 35.43
0 282.569 28.88 20.00
2 282.583 56.49 35.00
3 282.589 25.00 43.96
1 282.636 45.00 18.00
4 282.641 25.00 35.32
0 282.669 28.81 20.00
2 282.685 56.61 35.00
3 282.689 25.00 43.88
1 282.737 45.00 18.09
4 282.741 25.00 35.21
0 282.769 28.73 20.00
2 282.787 56.74 35.00
3 282.789 25.00 43.80
1 282.838 45.00 18.18
4 282.842 25.00 35.09
0 282.870 28.66 20.00
3 282.889 25.00 43.72
2 282.889 56.86 35.00
1 282.939 45.00 18.27
4 282.942 25.00 34.98
0 282.970 28.58 20.00
3 282.989 25.00 43.64
2 282.991 56.98 35.00
1 283.040 45.00 18.36
4 283.043 25.00 34.87
0 283.070 28.51 20.00
3 283.089 25.00 43.56
2 283.094 57.11 35.00
1 283.140 45.00 18.45
4 283.143 25.00 34.76
0 283.170 28.43 20.00
3 283.189 25.00 43.48
2 283.196 57.23 35.00
1 283.241 45.00 18.55
4 283.243 25.00 34.65
0 283.271 28.36 20.00
3 283.289 25.00 43.40
2 283.298 57.35 35.00
1 283.342 45.00 18.64
4 283.344 25.00 34.54
0 283.371 28.28 20.00
3 283.389 25.00 43.32
2 283.400 57.48 35.00
1 283.443 45.00 18.73
4 283.444 25.00 34.42
0 283.471 28.21 20.00
3 283.489 25.00 43.24
2 283.502 57.60 35.00
1 283.544 45.00 18.82
4 283.545 25.00 34.31
0 283.571 28.13 20.00
3 283.589 25.00 43.16
2 283.605 57.73 35.00
1 283.645 45.00 18.91
4 283.645 25.00 34.20
0 283.672 28.06 20.00
3 283.689 25.00 43.08
2 283.707 57.85 35.00
4 283.745 25.00 34.09
1 283.746 45.00 19.00
0 283.772 27.99 20.00
3 283.789 25.00 43.00
2 283.809 57.97 35.00
4 283.846 25.00 33.98
1 283.847 45.00 19.09
0 283.872 27.91 20.00
3 283.889 25.00 42.92
2 283.911 58.10 35.00
4 283.946 25.00 33.86
1 283.948 45.00 19.18
0 283.972 27.84 20.00
3 283.990 25.00 42.84
2 284.013 58.22 35.00
2 284.013 58.22 35.00
4 284.047 25.00 33.75
1 284.048 45.00 19.27
0 284.073 27.76 20.00
3 284.090 25.00 42.76
2 284.115 58.29 35.00
4 284.147 25.00 33.64
1 284.149 45.00 19.36
0 284.173 27.69 20.00
3 284.190 25.00 42.68
2 284.216 58.36 35.00
4 284.247 25.00 33.53
1 284.250 45.00 19.45
0 284.273 27.61 20.00
3 284.290 25.00 42.60
2 284.318 58.44 35.00
4 284.348 25.00 33.42
1 284.351 45.00 19.55
0 284.373 27.54 20.00
3 284.390 25.00 42.52
2 284.419 58.51 35.00
4 284.448 25.00 33.30
1 284.452 45.00 19.64
0 284.474 27.46 20.00
3 284.490 25.00 42.44
2 284.521 58.58 35.00
4 284.549 25.00 33.19
1 284.553 45.00 19.73
0 284.574 27.39 20.00
3 284.590 25.00 42.36
2 284.622 58.65 35.00
4 284.649 25.00 33.08
1 284.654 45.00 19.82
0 284.674 27.31 20.00
3 284.690 25.00 42.28
2 284.723 58.72 35.00
4 284.750 25.00 32.97
1 284.755 45.00 19.91
0 284.774 27.24 20.00
3 284.790 25.00 42.20
2 284.825 58.79 35.00
4 284.850 25.00 32.86
1 284.855 45.00 20.00
1 284.855 45.00 20.00
0 284.875 27.16 20.00
3 284.890 25.00 42.12
2 284.926 58.86 35.00
4 284.950 25.00 32.74
1 284.956 45.09 20.00
0 284.975 27.09 20.00
3 284.990 25.00 42.04
2 285.028 58.93 35.00
4 285.051 25.00 32.63
1 285.057 45.18 20.00
0 285.075 27.01 20.00
3 285.090 25.00 41.97
2 285.129 59.00 35.00
4 285.151 25.00 32.52
1 285.158 45.27 20.00
0 285.175 26.94 20.00
3 285.190 25.00 41.89
2 285.231 59.08 35.00
4 285.252 25.00 32.41
1 285.259 45.36 20.00
0 285.276 26.87 20.00
3 285.290 25.00 41.81
2 285.332 59.15 35.00
4 285.352 25.00 32.30
1 285.360 45.45 20.00
0 285.376 26.79 20.00
3 285.390 25.00 41.73
2 285.433 59.22 35.00
4 285.452 25.00 32.18
1 285.461 45.55 20.00
0 285.476 26.72 20.00
3 285.490 25.00 41.65
2 285.535 59.29 35.00
4 285.553 25.00 32.07
1 285.562 45.64 20.00
0 285.576 26.64 20.00
3 285.591 25.00 41.57
2 285.636 59.36 35.00
4 285.653 25.00 31.96
1 285.662 45.73 20.00
0 285.677 26.57 20.00
3 285.691 25.00 41.49
2 285.738 59.43 35.00
4 285.754 25.00 31.85
1 285.763 45.82 20.00
0 285.777 26.49 20.00
3 285.791 25.00 41.41
2 285.839 59.50 35.00
4 285.854 25.00 31.74
1 285.864 45.91 20.00
0 285.877 26.42 20.00
3 285.891 25.00 41.33
2 285.941 59.57 35.00
4 285.955 25.00 31.62
1 285.965 46.00 20.00
0 285.977 26.34 20.00
3 285.991 25.00 41.25
2 286.042 59.64 35.00
4 286.055 25.00 31.51
1 286.066 46.09 20.00
0 286.078 26.27 20.00
3 286.091 25.00 41.17
2 286.144 59.72 35.00
4 286.155 25.00 31.40
1 286.167 46.18 20.00
0 286.178 26.19 20.00
3 286.191 25.00 41.09
2 286.245 59.79 35.00
4 286.256 25.00 31.29
1 286.268 46.27 20.00
0 286.278 26.12 20.00
3 286.291 25.00 41.01
2 286.346 59.86 35.00
4 286.356 25.00 31.18
1 286.369 46.36 20.00
0 286.378 26.04 20.00
3 286.391 25.00 40.93
2 286.448 59.93 35.00
4 286.457 25.00 31.07
1 286.469 46.45 20.00
0 286.479 25.97 20.00
3 286.491 25.00 40.85
2 286.549 60.00 35.00
2 286.549 60.00 35.00
4 286.557 25.00 30.95
1 286.570 46.55 20.00
0 286.579 25.90 20.00
3 286.591 25.00 40.77
2 286.650 60.00 34.93
4 286.657 25.00 30.84
1 286.671 46.64 20.00
0 286.679 25.82 20.00
3 286.691 25.00 40.69
2 286.750 60.00 34.86
4 286.758 25.00 30.73
1 286.772 46.73 20.00
0 286.779 25.75 20.00
3 286.791 25.00 40.61
2 286.850 60.00 34.79
4 286.858 25.00 30.62
1 286.873 46.82 20.00
0 286.880 25.67 20.00
3 286.891 25.00 40.53
2 286.951 60.00 34.72
4 286.959 25.00 30.51
1 286.974 46.91 20.00
0 286.980 25.60 20.00
3 286.991 25.00 40.45
2 287.051 60.00 34.65
4 287.059 25.00 30.39
1 287.075 47.00 20.00
0 287.080 25.52 20.00
3 287.092 25.00 40.37
2 287.152 60.00 34.58
4 287.159 25.00 30.28
1 287.176 47.09 20.00
0 287.180 25.45 20.00
3 287.192 25.00 40.29
2 287.252 60.00 34.51
4 287.260 25.00 30.17
1 287.276 47.18 20.00
0 287.281 25.37 20.00
3 287.292 25.00 40.21
2 287.352 60.00 34.44
4 287.360 25.00 30.06
1 287.377 47.27 20.00
0 287.381 25.30 20.00
3 287.392 25.00 40.13
2 287.453 60.00 34.37
4 287.461 25.00 29.95
1 287.478 47.36 20.00
0 287.481 25.22 20.00
3 287.492 25.00 40.05
2 287.553 60.00 34.30
4 287.561 25.00 29.83
1 287.579 47.45 20.00
0 287.581 25.15 20.00
3 287.592 25.00 39.97
2 287.654 60.00 34.23
4 287.662 25.00 29.72
1 287.680 47.55 20.00
0 287.682 25.07 20.00
3 287.692 25.00 39.89
2 287.754 60.00 34.16
4 287.762 25.00 29.61
1 287.781 47.64 20.00
0 287.782 25.00 20.00
0 287.782 25.00 20.00
3 287.792 25.00 39.81
2 287.854 60.00 34.09
4 287.862 25.00 29.50
1 287.882 47.73 20.00
0 287.882 25.00 19.93
3 287.892 25.00 39.73
2 287.955 60.00 34.01
4 287.963 25.00 29.39
0 287.982 25.00 19.85
1 287.983 47.82 20.00
3 287.992 25.00 39.65
2 288.055 60.00 33.94
4 288.063 25.00 29.27
0 288.082 25.00 19.78
1 288.083 47.91 20.00
3 288.092 25.00 39.57
2 288.155 60.00 33.87
4 288.164 25.00 29.16
0 288.183 25.00 19.70
1 288.184 48.00 20.00
3 288.192 25.00 39.49
2 288.256 60.00 33.80
4 288.264 25.00 29.05
0 288.283 25.00 19.63
1 288.285 48.09 20.00
3 288.292 25.00 39.41
2 288.356 60.00 33.73
4 288.364 25.00 28.94
0 288.383 25.00 19.55
1 288.386 48.18 20.00
3 288.392 25.00 39.33
2 288.457 60.00 33.66
4 288.465 25.00 28.83
0 288.483 25.00 19.48
1 288.487 48.27 20.00
3 288.492 25.00 39.25
2 288.557 60.00 33.59
4 288.565 25.00 28.71
0 288.584 25.00 19.40
1 288.588 48.36 20.00
3 288.593 25.00 39.17
2 288.657 60.00 33.52
4 288.666 25.00 28.60
0 288.684 25.00 19.33
1 288.689 48.45 20.00
3 288.693 25.00 39.09
2 288.758 60.00 33.45
4 288.766 25.00 28.49
0 288.784 25.00 19.25
1 288.790 48.55 20.00
3 288.793 25.00 39.01
2 288.858 60.00 33.38
4 288.867 25.00 28.38
0 288.884 25.00 19.18
1 288.890 48.64 20.00
3 288.893 25.00 38.93
2 288.958 60.00 33.31
4 288.967 25.00 28.27
0 288.985 25.00 19.10
1 288.991 48.73 20.00
3 288.993 25.00 38.85
2 289.059 60.00 33.24
4 289.067 25.00 28.15
0 289.085 25.00 19.03
1 289.092 48.82 20.00
3 289.093 25.00 38.77
2 289.159 60.00 33.17
4 289.168 25.00 28.04
0 289.185 25.00 18.96
3 289.193 25.00 38.69
1 289.193 48.91 20.00
2 289.260 60.00 33.10
4 289.268 25.00 27.93
0 289.285 25.00 18.88
3 289.293 25.00 38.61
1 289.294 49.00 20.00
2 289.360 60.00 33.03
4 289.369 25.00 27.82
0 289.386 25.00 18.81
3 289.393 25.00 38.53
1 289.395 49.09 20.00
2 289.460 60.00 32.96
4 289.469 25.00 27.71
0 289.486 25.00 18.73
3 289.493 25.00 38.46
1 289.496 49.18 20.00
2 289.561 60.00 32.89
4 289.569 25.00 27.59
0 289.586 25.00 18.66
3 289.593 25.00 38.38
1 289.597 49.27 20.00
2 289.661 60.00 32.82
4 289.670 25.00 27.48
0 289.686 25.00 18.58
3 289.693 25.00 38.30
1 289.698 49.36 20.00
2 289.761 60.00 32.75
4 289.770 25.00 27.37
0 289.787 25.00 18.51
3 289.793 25.00 38.22
1 289.798 49.45 20.00
2 289.862 60.00 32.68
4 289.871 25.00 27.26
0 289.887 25.00 18.43
3 289.893 25.00 38.14
1 289.899 49.55 20.00
2 289.962 60.00 32.61
4 289.971 25.00 27.15
0 289.987 25.00 18.36
3 289.993 25.00 38.06
1 290.000 49.64 20.00
2 290.063 60.00 32.54
4 290.072 25.00 27.04
0 290.087 25.00 18.28
3 290.094 25.00 37.98
1 290.101 49.73 20.00
2 290.163 60.00 32.47
4 290.172 25.00 26.92
0 290.188 25.00 18.21
3 290.194 25.00 37.90
1 290.202 49.82 20.00
2 290.263 60.00 32.40
4 290.272 25.00 26.81
0 290.288 25.00 18.13
3 290.294 25.00 37.82
1 290.303 49.91 20.00
2 290.364 60.00 32.33
4 290.373 25.00 26.70
4 290.373 25.00 26.70
0 290.388 25.00 18.06
3 290.394 25.00 37.74
1 290.404 50.00 20.00
2 290.464 60.00 32.26
4 290.474 25.00 26.61
0 290.488 25.00 17.99
3 290.494 25.00 37.66
1 290.505 50.09 20.00
2 290.564 60.00 32.19
4 290.575 25.00 26.51
0 290.589 25.00 17.91
3 290.594 25.00 37.58
1 290.605 50.18 20.00
2 290.665 60.00 32.12
4 290.676 25.00 26.42
0 290.689 25.00 17.84
3 290.694 25.00 37.50
1 290.706 50.27 20.00
2 290.765 60.00 32.04
4 290.777 25.00 26.33
0 290.789 25.00 17.76
3 290.794 25.00 37.42
1 290.807 50.36 20.00
2 290.866 60.00 31.97
4 290.878 25.00 26.23
0 290.889 25.00 17.69
3 290.894 25.00 37.34
1 290.908 50.45 20.00
2 290.966 60.00 31.90
4 290.979 25.00 26.14
0 290.990 25.00 17.61
3 290.994 25.00 37.26
1 291.009 50.55 20.00
2 291.066 60.00 31.83
4 291.080 25.00 26.05
0 291.090 25.00 17.54
3 291.094 25.00 37.18
1 291.110 50.64 20.00
2 291.167 60.00 31.76
4 291.181 25.00 25.96
0 291.190 25.00 17.46
3 291.194 25.00 37.10
1 291.211 50.73 20.00
2 291.267 60.00 31.69
4 291.282 25.00 25.86
0 291.290 25.00 17.39
3 291.294 25.00 37.02
1 291.312 50.82 20.00
2 291.368 60.00 31.62
4 291.383 25.00 25.77
0 291.391 25.00 17.31
3 291.394 25.00 36.94
1 291.412 50.91 20.00
2 291.468 60.00 31.55
4 291.484 25.00 25.68
0 291.491 25.00 17.24
3 291.494 25.00 36.86
1 291.513 51.00 20.00
2 291.568 60.00 31.48
4 291.585 25.00 25.58
0 291.591 25.00 17.16
3 291.594 25.00 36.78
1 291.614 51.09 20.00
2 291.669 60.00 31.41
4 291.686 25.00 25.49
0 291.691 25.00 17.09
3 291.695 25.00 36.70
1 291.715 51.18 20.00
2 291.769 60.00 31.34
4 291.787 25.00 25.40
0 291.792 25.00 17.01
3 291.795 25.00 36.62
1 291.816 51.27 20.00
2 291.869 60.00 31.27
4 291.888 25.00 25.30
0 291.892 25.00 16.94
3 291.895 25.00 36.54
1 291.917 51.36 20.00
2 291.970 60.00 31.20
4 291.989 25.00 25.21
0 291.992 25.00 16.87
3 291.995 25.00 36.46
1 292.018 51.45 20.00
2 292.070 60.00 31.13
4 292.090 25.00 25.12
0 292.092 25.00 16.79
3 292.095 25.00 36.38
1 292.119 51.55 20.00
2 292.171 60.00 31.06
4 292.190 25.00 25.02
0 292.193 25.00 16.72
3 292.195 25.00 36.30
1 292.219 51.64 20.00
2 292.271 60.00 30.99
4 292.291 25.00 24.93
0 292.293 25.00 16.64
3 292.295 25.00 36.22
1 292.320 51.73 20.00
2 292.371 60.00 30.92
4 292.392 25.00 24.84
0 292.393 25.00 16.57
3 292.395 25.00 36.14
1 292.421 51.82 20.00
2 292.472 60.00 30.85
0 292.493 25.00 16.49
4 292.493 25.00 24.75
3 292.495 25.00 36.06
1 292.522 51.91 20.00
2 292.572 60.00 30.78
0 292.594 25.00 16.42
4 292.594 25.00 24.65
3 292.595 25.00 35.98
1 292.623 52.00 20.00
2 292.672 60.00 30.71
0 292.694 25.00 16.34
3 292.695 25.00 35.90
4 292.695 25.00 24.56
1 292.724 52.09 20.00
2 292.773 60.00 30.64
0 292.794 25.00 16.27
3 292.795 25.00 35.82
4 292.796 25.00 24.47
1 292.825 52.18 20.00
2 292.873 60.00 30.57
0 292.894 25.00 16.19
3 292.895 25.00 35.74
4 292.897 25.00 24.37
1 292.926 52.27 20.00
2 292.974 60.00 30.50
0 292.995 25.00 16.12
3 292.995 25.00 35.66
4 292.998 25.00 24.28
1 293.026 52.36 20.00
2 293.074 60.00 30.43
0 293.095 25.00 16.04
3 293.095 25.00 35.58
4 293.099 25.00 24.19
1 293.127 52.45 20.00
2 293.174 60.00 30.36
0 293.195 25.00 15.97
3 293.196 25.00 35.50
4 293.200 25.00 24.09
1 293.228 52.55 20.00
2 293.275 60.00 30.29
0 293.295 25.00 15.90
3 293.296 25.00 35.42
4 293.301 25.00 24.00
1 293.329 52.64 20.00
2 293.375 60.00 30.22
0 293.396 25.00 15.82
3 293.396 25.00 35.34
4 293.402 25.00 23.91
1 293.430 52.73 20.00
2 293.475 60.00 30.14
3 293.496 25.00 35.26
0 293.496 25.00 15.75
4 293.503 25.00 23.81
1 293.531 52.82 20.00
2 293.576 60.00 30.07
3 293.596 25.00 35.18
0 293.596 25.00 15.67
4 293.604 25.00 23.72
1 293.632 52.91 20.00
2 293.676 60.00 30.00
3 293.696 25.00 35.10
0 293.696 25.00 15.60
4 293.705 25.00 23.63
1 293.733 53.00 20.00
2 293.777 60.00 29.93
3 293.796 25.00 35.02
0 293.796 25.00 15.52
4 293.806 25.00 23.54
1 293.833 53.09 20.00
2 293.877 60.00 29.86
3 293.896 25.00 34.95
0 293.897 25.00 15.45
4 293.907 25.00 23.44
1 293.934 53.18 20.00
2 293.977 60.00 29.79
3 293.996 25.00 34.87
0 293.997 25.00 15.37
4 294.008 25.00 23.35
1 294.035 53.27 20.00
2 294.078 60.00 29.72
3 294.096 25.00 34.79
0 294.097 25.00 15.30
4 294.109 25.00 23.26
1 294.136 53.36 20.00
2 294.178 60.00 29.65
3 294.196 25.00 34.71
0 294.197 25.00 15.22
4 294.210 25.00 23.16
1 294.237 53.45 20.00
2 294.278 60.00 29.58
3 294.296 25.00 34.63
0 294.298 25.00 15.15
4 294.311 25.00 23.07
1 294.338 53.55 20.00
2 294.379 60.00 29.51
3 294.396 25.00 34.55
0 294.398 25.00 15.07
4 294.412 25.00 22.98
1 294.439 53.64 20.00
2 294.479 60.00 29.44
3 294.496 25.00 34.47
0 294.498 25.00 15.00
0 294.498 25.00 15.00
4 294.513 25.00 22.88
1 294.540 53.73 20.00
2 294.580 60.00 29.37
3 294.596 25.00 34.39
0 294.598 24.93 15.00
4 294.614 25.00 22.79
1 294.640 53.82 20.00
2 294.680 60.00 29.30
3 294.697 25.00 34.31
0 294.698 24.85 15.00
4 294.715 25.00 22.70
1 294.741 53.91 20.00
2 294.780 60.00 29.23
3 294.797 25.00 34.23
0 294.798 24.78 15.00
4 294.816 25.00 22.61
1 294.842 54.00 20.00
2 294.881 60.00 29.16
3 294.897 25.00 34.15
0 294.898 24.70 15.00
4 294.917 25.00 22.51
1 294.943 54.09 20.00
2 294.981 60.00 29.09
3 294.997 25.00 34.07
0 294.998 24.63 15.00
4 295.018 25.00 22.42
1 295.044 54.18 20.00
2 295.081 60.00 29.02
3 295.097 25.00 33.99
0 295.098 24.55 15.00
4 295.119 25.00 22.33
1 295.145 54.27 20.00
2 295.182 60.00 28.95
3 295.197 25.00 33.91
0 295.198 24.48 15.00
4 295.220 25.00 22.23
1 295.246 54.36 20.00
2 295.282 60.00 28.88
3 295.297 25.00 33.83
0 295.298 24.40 15.00
4 295.321 25.00 22.14
1 295.347 54.45 20.00
2 295.383 60.00 28.81
3 295.397 25.00 33.75
0 295.398 24.33 15.00
4 295.422 25.00 22.05
1 295.448 54.55 20.00
2 295.483 60.00 28.74
3 295.497 25.00 33.67
0 295.499 24.26 15.00
4 295.523 25.00 21.95
1 295.548 54.64 20.00
2 295.583 60.00 28.67
3 295.597 25.00 33.59
0 295.599 24.18 15.00
4 295.624 25.00 21.86
1 295.649 54.73 20.00
2 295.684 60.00 28.60
3 295.697 25.00 33.51
0 295.699 24.11 15.00
4 295.725 25.00 21.77
1 295.750 54.82 20.00
2 295.784 60.00 28.53
3 295.797 25.00 33.43
0 295.799 24.03 15.00
4 295.826 25.00 21.67
1 295.851 54.91 20.00
2 295.885 60.00 28.46
3 295.897 25.00 33.35
0 295.899 23.96 15.00
4 295.927 25.00 21.58
1 295.952 55.00 20.00
1 295.952 55.00 20.00
2 295.985 60.00 28.39
3 295.997 25.00 33.27
0 295.999 23.88 15.00
4 296.028 25.00 21.49
1 296.053 55.00 20.09
2 296.085 60.00 28.32
3 296.097 25.00 33.19
0 296.099 23.81 15.00
4 296.129 25.00 21.40
1 296.154 55.00 20.18
2 296.186 60.00 28.25
3 296.198 25.00 33.11
0 296.199 23.73 15.00
4 296.230 25.00 21.30
1 296.255 55.00 20.27
2 296.286 60.00 28.17
3 296.298 25.00 33.03
0 296.299 23.66 15.00
4 296.331 25.00 21.21
1 296.357 55.00 20.36
2 296.386 60.00 28.10
3 296.398 25.00 32.95
0 296.399 23.59 15.00
4 296.432 25.00 21.12
1 296.458 55.00 20.46
2 296.487 60.00 28.03
3 296.498 25.00 32.87
0 296.499 23.51 15.00
4 296.533 25.00 21.02
1 296.559 55.00 20.55
2 296.587 60.00 27.96
3 296.598 25.00 32.79
0 296.599 23.44 15.00
4 296.634 25.00 20.93
1 296.660 55.00 20.64
2 296.688 60.00 27.89
3 296.698 25.00 32.71
0 296.699 23.36 15.00
4 296.735 25.00 20.84
1 296.762 55.00 20.73
2 296.788 60.00 27.82
3 296.798 25.00 32.63
0 296.799 23.29 15.00
4 296.836 25.00 20.74
1 296.863 55.00 20.82
2 296.888 60.00 27.75
3 296.898 25.00 32.55
0 296.899 23.21 15.00
4 296.937 25.00 20.65
1 296.964 55.00 20.91
2 296.989 60.00 27.68
3 296.998 25.00 32.47
0 296.999 23.14 15.00
4 297.038 25.00 20.56
1 297.065 55.00 21.00
2 297.089 60.00 27.61
3 297.098 25.00 32.39
0 297.099 23.06 15.00
4 297.139 25.00 20.47
1 297.166 55.00 21.09
2 297.189 60.00 27.54
3 297.198 25.00 32.31
0 297.199 22.99 15.00
4 297.240 25.00 20.37
1 297.268 55.00 21.19
2 297.290 60.00 27.47
3 297.298 25.00 32.23
0 297.299 22.91 15.00
4 297.341 25.00 20.28
1 297.369 55.00 21.28
2 297.390 60.00 27.40
3 297.398 25.00 32.15
0 297.399 22.84 15.00
4 297.442 25.00 20.19
1 297.470 55.00 21.37
2 297.491 60.00 27.33
3 297.498 25.00 32.07
0 297.499 22.77 15.00
4 297.543 25.00 20.09
1 297.571 55.00 21.46
2 297.591 60.00 27.26
3 297.598 25.00 31.99
0 297.599 22.69 15.00
4 297.644 25.00 20.00
4 297.644 25.00 20.00
1 297.672 55.00 21.55
2 297.691 60.00 27.19
3 297.698 25.00 31.91
0 297.699 22.62 15.00
4 297.746 25.09 20.00
1 297.774 55.00 21.64
2 297.792 60.00 27.12
3 297.799 25.00 31.83
0 297.799 22.54 15.00
4 297.849 25.19 20.00
1 297.875 55.00 21.73
2 297.892 60.00 27.05
3 297.899 25.00 31.75
0 297.899 22.47 15.00
4 297.951 25.28 20.00
1 297.976 55.00 21.82
2 297.992 60.00 26.98
3 297.999 25.00 31.67
0 297.999 22.39 15.00
4 298.054 25.38 20.00
1 298.077 55.00 21.92
2 298.093 60.00 26.91
3 298.099 25.00 31.59
0 298.099 22.32 15.00
4 298.156 25.47 20.00
1 298.178 55.00 22.01
2 298.193 60.00 26.84
3 298.199 25.00 31.51
0 298.199 22.24 15.00
4 298.258 25.57 20.00
1 298.280 55.00 22.10
2 298.294 60.00 26.77
3 298.299 25.00 31.43
0 298.299 22.17 15.00
4 298.361 25.66 20.00
1 298.381 55.00 22.19
2 298.394 60.00 26.70
3 298.399 25.00 31.36
0 298.399 22.10 15.00
4 298.463 25.76 20.00
1 298.482 55.00 22.28
2 298.494 60.00 26.63
3 298.499 25.00 31.28
0 298.500 22.02 15.00
4 298.566 25.85 20.00
1 298.583 55.00 22.37
2 298.595 60.00 26.56
3 298.599 25.00 31.20
0 298.600 21.95 15.00
4 298.668 25.94 20.00
1 298.684 55.00 22.46
2 298.695 60.00 26.49
3 298.699 25.00 31.12
0 298.700 21.87 15.00
4 298.771 26.04 20.00
1 298.786 55.00 22.55
2 298.795 60.00 26.42
3 298.799 25.00 31.04
0 298.800 21.80 15.00
4 298.873 26.13 20.00
1 298.887 55.00 22.64
2 298.896 60.00 26.35
3 298.899 25.00 30.96
0 298.900 21.72 15.00
4 298.976 26.23 20.00
1 298.988 55.00 22.74
2 298.996 60.00 26.28
3 298.999 25.00 30.88
0 299.000 21.65 15.00
4 299.078 26.32 20.00
1 299.089 55.00 22.83
2 299.097 60.00 26.20
3 299.099 25.00 30.80
0 299.100 21.57 15.00
4 299.180 26.42 20.00
1 299.190 55.00 22.92
2 299.197 60.00 26.13
3 299.199 25.00 30.72
0 299.200 21.50 15.00
4 299.283 26.51 20.00
1 299.292 55.00 23.01
2 299.297 60.00 26.06
3 299.300 25.00 30.64
0 299.300 21.43 15.00
4 299.385 26.60 20.00
1 299.393 55.00 23.10
2 299.398 60.00 25.99
3 299.400 25.00 30.56
0 299.400 21.35 15.00
4 299.488 26.70 20.00
1 299.494 55.00 23.19
2 299.498 60.00 25.92
3 299.500 25.00 30.48
0 299.500 21.28 15.00
4 299.590 26.79 20.00
1 299.595 55.00 23.28
2 299.598 60.00 25.85
3 299.600 25.00 30.40
0 299.600 21.20 15.00
4 299.693 26.89 20.00
1 299.696 55.00 23.37
2 299.699 60.00 25.78
3 299.700 25.00 30.32
0 299.700 21.13 15.00
4 299.795 26.98 20.00
1 299.798 55.00 23.47
2 299.799 60.00 25.71
3 299.800 25.00 30.24
0 299.800 21.05 15.00
4 299.898 27.08 20.00
1 299.899 55.00 23.56
2 299.900 60.00 25.64
3 299.900 25.00 30.16
0 299.900 20.98 15.00
0 300.000 20.90 15.00
1 300.000 55.00 23.65
2 300.000 60.00 25.57
3 300.000 25.00 30.08
4 300.000 27.17 20.00
