# Cooja Mobility .dat file
# Generated from BonnMotion scenario
# Format: MoteIndex Time(s) X Y
# Nodes: 5
#
0 0.000 94.12 40.51
0 0.000 94.12 40.51
1 0.000 39.12 47.41
1 0.000 39.12 47.41
2 0.000 51.28 105.36
2 0.000 51.28 105.36
3 0.000 62.14 67.98
3 0.000 62.14 67.98
4 0.000 59.35 37.68
4 0.000 59.35 37.68
1 0.100 39.12 47.40
2 0.100 51.31 105.22
4 0.100 59.34 37.76
3 0.100 62.15 67.98
0 0.104 94.04 40.56
1 0.200 39.12 47.38
2 0.200 51.33 105.07
4 0.200 59.34 37.85
3 0.200 62.17 67.97
0 0.208 93.96 40.61
1 0.300 39.12 47.36
2 0.300 51.36 104.92
4 0.300 59.33 37.94
3 0.300 62.18 67.97
0 0.312 93.87 40.65
1 0.400 39.12 47.35
2 0.400 51.39 104.77
4 0.400 59.32 38.02
3 0.400 62.19 67.96
0 0.417 93.79 40.70
1 0.500 39.12 47.33
2 0.500 51.41 104.63
4 0.500 59.31 38.11
3 0.500 62.21 67.96
0 0.521 93.71 40.75
1 0.600 39.12 47.32
2 0.600 51.44 104.48
4 0.600 59.30 38.19
3 0.600 62.22 67.95
0 0.625 93.63 40.79
1 0.700 39.12 47.30
2 0.700 51.47 104.33
4 0.700 59.30 38.28
3 0.700 62.24 67.95
0 0.729 93.55 40.84
1 0.800 39.12 47.28
2 0.800 51.49 104.18
4 0.800 59.29 38.37
3 0.800 62.25 67.95
0 0.833 93.47 40.89
1 0.900 39.12 47.27
2 0.900 51.52 104.04
4 0.900 59.28 38.45
3 0.900 62.26 67.94
0 0.937 93.39 40.93
1 1.000 39.12 47.25
2 1.000 51.55 103.89
4 1.000 59.27 38.54
3 1.000 62.28 67.94
0 1.042 93.31 40.98
1 1.100 39.12 47.23
2 1.100 51.58 103.74
4 1.100 59.27 38.63
3 1.100 62.29 67.93
0 1.146 93.23 41.03
1 1.200 39.12 47.22
2 1.200 51.60 103.59
4 1.200 59.26 38.71
3 1.200 62.31 67.93
0 1.250 93.15 41.07
1 1.300 39.12 47.20
2 1.300 51.63 103.45
4 1.300 59.25 38.80
3 1.300 62.32 67.92
0 1.354 93.06 41.12
1 1.400 39.12 47.19
2 1.400 51.66 103.30
4 1.400 59.24 38.88
3 1.400 62.34 67.92
0 1.458 92.98 41.17
1 1.500 39.12 47.17
2 1.500 51.68 103.15
4 1.500 59.24 38.97
3 1.500 62.35 67.92
0 1.562 92.90 41.22
1 1.600 39.12 47.15
2 1.600 51.71 103.00
4 1.600 59.23 39.06
3 1.600 62.36 67.91
0 1.667 92.82 41.26
1 1.700 39.12 47.14
2 1.700 51.74 102.86
4 1.700 59.22 39.14
3 1.700 62.38 67.91
0 1.771 92.74 41.31
1 1.800 39.12 47.12
2 1.800 51.76 102.71
4 1.800 59.21 39.23
3 1.800 62.39 67.90
0 1.875 92.66 41.36
1 1.900 39.12 47.10
2 1.900 51.79 102.56
4 1.900 59.20 39.31
3 1.900 62.41 67.90
0 1.979 92.58 41.40
1 2.000 39.12 47.09
2 2.000 51.82 102.41
4 2.000 59.20 39.40
3 2.000 62.42 67.90
0 2.083 92.50 41.45
1 2.100 39.12 47.07
2 2.100 51.84 102.26
4 2.100 59.19 39.49
3 2.100 62.44 67.89
0 2.187 92.42 41.50
1 2.200 39.12 47.05
2 2.200 51.87 102.12
4 2.200 59.18 39.57
3 2.200 62.45 67.89
0 2.292 92.34 41.54
1 2.300 39.12 47.04
2 2.300 51.90 101.97
4 2.300 59.17 39.66
3 2.300 62.46 67.88
0 2.396 92.26 41.59
1 2.400 39.11 47.02
2 2.400 51.92 101.82
4 2.400 59.17 39.74
3 2.400 62.48 67.88
0 2.500 92.17 41.64
0 2.500 92.17 41.64
1 2.500 39.11 47.01
2 2.500 51.95 101.67
2 2.500 51.95 101.67
3 2.500 62.49 67.87
4 2.500 59.16 39.83
4 2.500 59.16 39.83
3 2.500 62.49 67.87
0 2.600 92.15 41.65
1 2.600 39.11 46.99
2 2.600 52.02 101.56
3 2.600 62.51 67.87
4 2.600 59.14 39.88
1 2.700 39.11 46.97
2 2.700 52.09 101.44
3 2.700 62.53 67.86
4 2.700 59.12 39.93
0 2.700 92.13 41.67
2 2.800 52.17 101.32
3 2.800 62.55 67.86
4 2.800 59.10 39.98
1 2.800 39.11 46.96
0 2.800 92.10 41.68
1 2.900 39.11 46.94
2 2.900 52.24 101.20
3 2.900 62.57 67.85
4 2.900 59.08 40.04
0 2.900 92.08 41.70
1 3.000 39.11 46.92
2 3.000 52.31 101.08
3 3.000 62.58 67.85
4 3.000 59.06 40.09
0 3.000 92.05 41.71
1 3.100 39.11 46.91
2 3.100 52.38 100.97
3 3.100 62.60 67.84
4 3.100 59.05 40.14
0 3.100 92.03 41.73
1 3.200 39.11 46.89
2 3.200 52.45 100.85
3 3.200 62.62 67.84
4 3.200 59.03 40.19
0 3.200 92.00 41.74
2 3.300 52.53 100.73
3 3.300 62.64 67.83
4 3.300 59.01 40.24
1 3.300 39.11 46.88
0 3.300 91.98 41.76
2 3.400 52.60 100.61
3 3.400 62.66 67.82
4 3.400 58.99 40.29
1 3.400 39.11 46.86
0 3.400 91.96 41.78
1 3.500 39.11 46.84
2 3.500 52.67 100.49
3 3.500 62.67 67.82
4 3.500 58.97 40.35
0 3.500 91.93 41.79
1 3.600 39.11 46.83
2 3.600 52.74 100.37
3 3.600 62.69 67.81
4 3.600 58.95 40.40
0 3.600 91.91 41.81
1 3.700 39.11 46.81
2 3.700 52.82 100.26
3 3.700 62.71 67.81
4 3.700 58.93 40.45
0 3.700 91.88 41.82
1 3.800 39.11 46.79
2 3.800 52.89 100.14
3 3.800 62.73 67.80
4 3.800 58.91 40.50
0 3.800 91.86 41.84
1 3.900 39.11 46.78
2 3.900 52.96 100.02
3 3.900 62.75 67.80
4 3.900 58.90 40.55
0 3.900 91.83 41.85
1 4.000 39.11 46.76
2 4.000 53.03 99.90
3 4.000 62.77 67.79
4 4.000 58.88 40.60
0 4.000 91.81 41.87
1 4.100 39.11 46.74
2 4.100 53.10 99.78
3 4.100 62.78 67.78
4 4.100 58.86 40.65
0 4.100 91.78 41.88
1 4.200 39.11 46.73
2 4.200 53.18 99.66
3 4.200 62.80 67.78
4 4.200 58.84 40.71
0 4.200 91.76 41.90
1 4.300 39.11 46.71
2 4.300 53.25 99.55
3 4.300 62.82 67.77
4 4.300 58.82 40.76
0 4.300 91.74 41.91
1 4.400 39.11 46.70
2 4.400 53.32 99.43
3 4.400 62.84 67.77
4 4.400 58.80 40.81
0 4.400 91.71 41.93
1 4.500 39.11 46.68
2 4.500 53.39 99.31
3 4.500 62.86 67.76
4 4.500 58.78 40.86
0 4.500 91.69 41.94
2 4.600 53.46 99.19
3 4.600 62.88 67.76
4 4.600 58.76 40.91
1 4.600 39.11 46.66
0 4.600 91.66 41.96
1 4.700 39.11 46.65
2 4.700 53.54 99.07
3 4.700 62.89 67.75
4 4.700 58.75 40.96
0 4.700 91.64 41.97
1 4.800 39.11 46.63
2 4.800 53.61 98.95
3 4.800 62.91 67.75
4 4.800 58.73 41.02
0 4.800 91.61 41.99
1 4.900 39.11 46.61
2 4.900 53.68 98.84
3 4.900 62.93 67.74
4 4.900 58.71 41.07
0 4.900 91.59 42.01
0 5.000 91.56 42.02
1 5.000 39.11 46.60
1 5.000 39.11 46.60
2 5.000 53.75 98.72
2 5.000 53.75 98.72
3 5.000 62.95 67.73
4 5.000 58.69 41.12
4 5.000 58.69 41.12
0 5.000 91.56 42.02
0 5.100 91.51 42.04
2 5.100 53.79 98.63
3 5.100 62.97 67.73
4 5.100 58.65 41.16
1 5.104 39.10 46.53
0 5.200 91.46 42.07
2 5.200 53.83 98.54
3 5.200 62.99 67.72
4 5.200 58.61 41.21
1 5.208 39.09 46.47
0 5.300 91.41 42.09
2 5.300 53.87 98.45
4 5.300 58.58 41.25
3 5.300 63.00 67.72
1 5.312 39.08 46.40
0 5.400 91.36 42.11
2 5.400 53.91 98.36
3 5.400 63.02 67.71
4 5.400 58.54 41.30
1 5.417 39.07 46.33
0 5.500 91.31 42.14
2 5.500 53.95 98.27
3 5.500 63.04 67.71
4 5.500 58.50 41.34
1 5.521 39.06 46.27
0 5.600 91.26 42.16
2 5.600 53.98 98.18
3 5.600 63.06 67.70
4 5.600 58.46 41.38
1 5.625 39.05 46.20
0 5.700 91.21 42.18
2 5.700 54.02 98.09
3 5.700 63.08 67.69
4 5.700 58.43 41.43
1 5.729 39.04 46.13
0 5.800 91.15 42.21
2 5.800 54.06 98.01
4 5.800 58.39 41.47
3 5.800 63.10 67.69
1 5.833 39.03 46.07
0 5.900 91.10 42.23
2 5.900 54.10 97.92
3 5.900 63.11 67.68
4 5.900 58.35 41.52
1 5.938 39.02 46.00
0 6.000 91.05 42.25
2 6.000 54.14 97.83
3 6.000 63.13 67.68
4 6.000 58.31 41.56
1 6.042 39.01 45.94
0 6.100 91.00 42.28
2 6.100 54.18 97.74
3 6.100 63.15 67.67
4 6.100 58.28 41.60
1 6.146 39.00 45.87
0 6.200 90.95 42.30
2 6.200 54.22 97.65
3 6.200 63.17 67.67
4 6.200 58.24 41.65
1 6.250 38.99 45.80
0 6.300 90.90 42.32
2 6.300 54.26 97.56
3 6.300 63.19 67.66
4 6.300 58.20 41.69
1 6.354 38.98 45.74
0 6.400 90.85 42.34
2 6.400 54.29 97.47
3 6.400 63.21 67.66
4 6.400 58.16 41.74
1 6.458 38.97 45.67
0 6.500 90.80 42.37
2 6.500 54.33 97.38
3 6.500 63.22 67.65
4 6.500 58.13 41.78
1 6.562 38.96 45.60
0 6.600 90.74 42.39
2 6.600 54.37 97.29
3 6.600 63.24 67.64
4 6.600 58.09 41.83
1 6.667 38.95 45.54
0 6.700 90.69 42.41
2 6.700 54.41 97.20
3 6.700 63.26 67.64
4 6.700 58.05 41.87
1 6.771 38.94 45.47
0 6.800 90.64 42.44
2 6.800 54.45 97.12
3 6.800 63.28 67.63
4 6.800 58.01 41.91
1 6.875 38.93 45.41
0 6.900 90.59 42.46
2 6.900 54.49 97.03
3 6.900 63.30 67.63
4 6.900 57.98 41.96
1 6.979 38.92 45.34
0 7.000 90.54 42.48
2 7.000 54.53 96.94
3 7.000 63.31 67.62
4 7.000 57.94 42.00
1 7.083 38.91 45.27
0 7.100 90.49 42.51
2 7.100 54.56 96.85
4 7.100 57.90 42.05
3 7.100 63.33 67.62
1 7.187 38.90 45.21
3 7.200 63.35 67.61
0 7.200 90.44 42.53
2 7.200 54.60 96.76
4 7.200 57.86 42.09
1 7.292 38.89 45.14
3 7.300 63.37 67.61
0 7.300 90.39 42.55
2 7.300 54.64 96.67
4 7.300 57.83 42.13
1 7.396 38.88 45.07
0 7.400 90.34 42.58
2 7.400 54.68 96.58
3 7.400 63.39 67.60
4 7.400 57.79 42.18
1 7.500 38.87 45.01
0 7.500 90.28 42.60
0 7.500 90.28 42.60
1 7.500 38.87 45.01
2 7.500 54.72 96.49
2 7.500 54.72 96.49
3 7.500 63.41 67.59
4 7.500 57.75 42.22
4 7.500 57.75 42.22
0 7.600 90.24 42.62
2 7.600 54.75 96.40
3 7.600 63.42 67.59
4 7.600 57.71 42.28
1 7.600 38.85 44.99
0 7.700 90.19 42.64
1 7.700 38.84 44.98
2 7.700 54.77 96.31
3 7.700 63.44 67.58
4 7.700 57.66 42.34
0 7.800 90.14 42.67
2 7.800 54.80 96.23
4 7.800 57.62 42.40
1 7.800 38.83 44.96
3 7.800 63.46 67.58
0 7.900 90.09 42.69
2 7.900 54.82 96.14
3 7.900 63.48 67.57
4 7.900 57.58 42.46
1 7.900 38.82 44.95
0 8.000 90.04 42.71
2 8.000 54.85 96.05
3 8.000 63.50 67.57
4 8.000 57.53 42.52
1 8.000 38.80 44.93
0 8.100 89.99 42.73
2 8.100 54.88 95.96
4 8.100 57.49 42.58
1 8.100 38.79 44.92
3 8.100 63.52 67.56
0 8.200 89.94 42.75
2 8.200 54.90 95.87
3 8.200 63.53 67.55
4 8.200 57.45 42.64
1 8.200 38.78 44.91
0 8.300 89.90 42.78
2 8.300 54.93 95.78
3 8.300 63.55 67.55
4 8.300 57.40 42.70
1 8.300 38.77 44.89
3 8.400 63.57 67.54
0 8.400 89.85 42.80
2 8.400 54.96 95.69
4 8.400 57.36 42.76
1 8.400 38.76 44.88
0 8.500 89.80 42.82
2 8.500 54.98 95.60
3 8.500 63.59 67.54
4 8.500 57.32 42.82
1 8.500 38.74 44.86
0 8.600 89.75 42.84
2 8.600 55.01 95.51
3 8.600 63.61 67.53
4 8.600 57.27 42.88
1 8.600 38.73 44.85
0 8.700 89.70 42.86
2 8.700 55.03 95.43
3 8.700 63.63 67.53
4 8.700 57.23 42.94
1 8.700 38.72 44.83
0 8.800 89.65 42.89
2 8.800 55.06 95.34
3 8.800 63.64 67.52
4 8.800 57.19 43.00
1 8.800 38.71 44.82
0 8.900 89.60 42.91
2 8.900 55.09 95.25
3 8.900 63.66 67.52
4 8.900 57.14 43.06
1 8.900 38.69 44.80
0 9.000 89.56 42.93
2 9.000 55.11 95.16
3 9.000 63.68 67.51
4 9.000 57.10 43.11
1 9.000 38.68 44.79
0 9.100 89.51 42.95
2 9.100 55.14 95.07
4 9.100 57.06 43.17
3 9.100 63.70 67.50
1 9.100 38.67 44.77
0 9.200 89.46 42.97
2 9.200 55.17 94.98
3 9.200 63.72 67.50
4 9.200 57.01 43.23
1 9.200 38.66 44.76
0 9.300 89.41 43.00
2 9.300 55.19 94.89
3 9.300 63.74 67.49
4 9.300 56.97 43.29
1 9.300 38.65 44.74
3 9.400 63.75 67.49
0 9.400 89.36 43.02
2 9.400 55.22 94.80
4 9.400 56.93 43.35
1 9.400 38.63 44.73
0 9.500 89.31 43.04
2 9.500 55.25 94.71
3 9.500 63.77 67.48
4 9.500 56.88 43.41
1 9.500 38.62 44.71
0 9.600 89.27 43.06
2 9.600 55.27 94.63
3 9.600 63.79 67.48
4 9.600 56.84 43.47
1 9.600 38.61 44.70
0 9.700 89.22 43.08
2 9.700 55.30 94.54
3 9.700 63.81 67.47
4 9.700 56.80 43.53
1 9.700 38.60 44.68
0 9.800 89.17 43.11
2 9.800 55.32 94.45
3 9.800 63.83 67.46
4 9.800 56.75 43.59
1 9.800 38.58 44.67
0 9.900 89.12 43.13
2 9.900 55.35 94.36
3 9.900 63.85 67.46
4 9.900 56.71 43.65
1 9.900 38.57 44.65
0 10.000 89.07 43.15
0 10.000 89.07 43.15
2 10.000 55.38 94.27
2 10.000 55.38 94.27
3 10.000 63.86 67.45
4 10.000 56.67 43.71
4 10.000 56.67 43.71
1 10.000 38.56 44.64
0 10.100 88.98 43.19
2 10.100 55.43 94.24
3 10.100 63.88 67.45
4 10.100 56.63 43.74
1 10.100 38.55 44.62
0 10.200 88.88 43.22
2 10.200 55.48 94.21
3 10.200 63.90 67.44
4 10.200 56.59 43.78
1 10.200 38.54 44.61
0 10.300 88.79 43.25
2 10.300 55.53 94.18
3 10.300 63.92 67.44
4 10.300 56.55 43.82
1 10.300 38.52 44.60
0 10.400 88.70 43.29
2 10.400 55.58 94.14
3 10.400 63.94 67.43
4 10.400 56.51 43.85
1 10.400 38.51 44.58
0 10.500 88.60 43.32
2 10.500 55.63 94.11
3 10.500 63.95 67.43
4 10.500 56.47 43.89
1 10.500 38.50 44.57
0 10.600 88.51 43.36
2 10.600 55.68 94.08
4 10.600 56.43 43.92
3 10.600 63.97 67.42
1 10.600 38.49 44.55
0 10.700 88.41 43.39
2 10.700 55.73 94.05
3 10.700 63.99 67.41
4 10.700 56.40 43.96
1 10.700 38.47 44.54
3 10.800 64.01 67.41
0 10.800 88.32 43.43
2 10.800 55.78 94.02
4 10.800 56.36 43.99
1 10.800 38.46 44.52
0 10.900 88.23 43.46
2 10.900 55.83 93.99
3 10.900 64.03 67.40
4 10.900 56.32 44.03
1 10.900 38.45 44.51
0 11.000 88.13 43.49
2 11.000 55.88 93.96
3 11.000 64.05 67.40
4 11.000 56.28 44.06
1 11.000 38.44 44.49
0 11.100 88.04 43.53
2 11.100 55.93 93.92
3 11.100 64.06 67.39
4 11.100 56.24 44.10
1 11.100 38.43 44.48
0 11.200 87.95 43.56
2 11.200 55.98 93.89
3 11.200 64.08 67.39
4 11.200 56.20 44.14
1 11.200 38.41 44.46
0 11.300 87.85 43.60
2 11.300 56.03 93.86
3 11.300 64.10 67.38
4 11.300 56.16 44.17
1 11.300 38.40 44.45
0 11.400 87.76 43.63
2 11.400 56.08 93.83
3 11.400 64.12 67.37
4 11.400 56.13 44.21
1 11.400 38.39 44.43
0 11.500 87.66 43.67
2 11.500 56.13 93.80
3 11.500 64.14 67.37
4 11.500 56.09 44.24
1 11.500 38.38 44.42
0 11.600 87.57 43.70
2 11.600 56.18 93.77
3 11.600 64.16 67.36
4 11.600 56.05 44.28
1 11.600 38.36 44.40
0 11.700 87.48 43.73
2 11.700 56.23 93.74
4 11.700 56.01 44.31
3 11.700 64.17 67.36
1 11.700 38.35 44.39
0 11.800 87.38 43.77
2 11.800 56.28 93.70
3 11.800 64.19 67.35
4 11.800 55.97 44.35
1 11.800 38.34 44.37
3 11.900 64.21 67.35
0 11.900 87.29 43.80
2 11.900 56.33 93.67
4 11.900 55.93 44.38
1 11.900 38.33 44.36
0 12.000 87.20 43.84
2 12.000 56.38 93.64
3 12.000 64.23 67.34
4 12.000 55.90 44.42
1 12.000 38.32 44.34
0 12.100 87.10 43.87
2 12.100 56.43 93.61
3 12.100 64.25 67.34
4 12.100 55.86 44.46
1 12.100 38.30 44.33
0 12.200 87.01 43.91
2 12.200 56.48 93.58
3 12.200 64.27 67.33
4 12.200 55.82 44.49
1 12.200 38.29 44.31
0 12.300 86.91 43.94
2 12.300 56.53 93.55
3 12.300 64.28 67.32
4 12.300 55.78 44.53
1 12.300 38.28 44.30
0 12.400 86.82 43.97
2 12.400 56.58 93.52
3 12.400 64.30 67.32
4 12.400 55.74 44.56
1 12.400 38.27 44.29
0 12.500 86.73 44.01
0 12.500 86.73 44.01
1 12.500 38.25 44.27
2 12.500 56.63 93.48
2 12.500 56.63 93.48
3 12.500 64.32 67.31
3 12.500 64.32 67.31
4 12.500 55.70 44.60
4 12.500 55.70 44.60
1 12.500 38.25 44.27
0 12.600 86.65 44.02
1 12.600 38.25 44.26
2 12.600 56.63 93.48
3 12.600 64.47 67.34
4 12.600 55.70 44.60
0 12.700 86.57 44.04
1 12.700 38.24 44.25
2 12.700 56.64 93.48
3 12.700 64.61 67.37
4 12.700 55.70 44.61
0 12.800 86.49 44.05
1 12.800 38.23 44.24
2 12.800 56.64 93.48
3 12.800 64.76 67.40
4 12.800 55.69 44.61
0 12.900 86.41 44.07
1 12.900 38.22 44.23
2 12.900 56.64 93.48
3 12.900 64.91 67.43
4 12.900 55.69 44.61
0 13.000 86.33 44.08
1 13.000 38.22 44.22
2 13.000 56.64 93.48
3 13.000 65.06 67.46
4 13.000 55.69 44.62
0 13.100 86.25 44.09
1 13.100 38.21 44.22
2 13.100 56.64 93.48
3 13.100 65.20 67.49
4 13.100 55.68 44.62
0 13.200 86.17 44.11
1 13.200 38.20 44.21
2 13.200 56.64 93.48
4 13.200 55.68 44.63
3 13.200 65.35 67.52
0 13.300 86.09 44.12
1 13.300 38.19 44.20
2 13.300 56.64 93.48
3 13.300 65.50 67.55
4 13.300 55.68 44.63
0 13.400 86.01 44.14
1 13.400 38.19 44.19
2 13.400 56.64 93.48
3 13.400 65.64 67.58
4 13.400 55.67 44.63
0 13.500 85.93 44.15
1 13.500 38.18 44.18
2 13.500 56.65 93.48
3 13.500 65.79 67.61
4 13.500 55.67 44.64
0 13.600 85.86 44.16
1 13.600 38.17 44.17
2 13.600 56.65 93.47
3 13.600 65.94 67.64
4 13.600 55.67 44.64
0 13.700 85.78 44.18
1 13.700 38.16 44.16
2 13.700 56.65 93.47
4 13.700 55.66 44.65
3 13.700 66.08 67.67
0 13.800 85.70 44.19
1 13.800 38.16 44.15
2 13.800 56.65 93.47
3 13.800 66.23 67.70
4 13.800 55.66 44.65
0 13.900 85.62 44.21
1 13.900 38.15 44.14
2 13.900 56.65 93.47
3 13.900 66.38 67.73
4 13.900 55.66 44.65
0 14.000 85.54 44.22
1 14.000 38.14 44.13
2 14.000 56.65 93.47
3 14.000 66.52 67.76
4 14.000 55.65 44.66
0 14.100 85.46 44.23
1 14.100 38.13 44.12
2 14.100 56.65 93.47
4 14.100 55.65 44.66
3 14.100 66.67 67.79
0 14.200 85.38 44.25
1 14.200 38.13 44.12
2 14.200 56.66 93.47
4 14.200 55.65 44.67
3 14.200 66.82 67.82
0 14.300 85.30 44.26
1 14.300 38.12 44.11
2 14.300 56.66 93.47
3 14.300 66.97 67.85
4 14.300 55.64 44.67
0 14.400 85.22 44.28
1 14.400 38.11 44.10
2 14.400 56.66 93.47
3 14.400 67.11 67.88
4 14.400 55.64 44.68
0 14.500 85.14 44.29
1 14.500 38.10 44.09
2 14.500 56.66 93.47
3 14.500 67.26 67.91
4 14.500 55.64 44.68
0 14.600 85.06 44.31
1 14.600 38.10 44.08
2 14.600 56.66 93.47
4 14.600 55.63 44.68
3 14.600 67.41 67.94
0 14.700 84.98 44.32
1 14.700 38.09 44.07
2 14.700 56.66 93.47
4 14.700 55.63 44.69
3 14.700 67.55 67.97
0 14.800 84.90 44.33
1 14.800 38.08 44.06
2 14.800 56.66 93.47
3 14.800 67.70 68.00
4 14.800 55.63 44.69
0 14.900 84.83 44.35
1 14.900 38.07 44.05
2 14.900 56.67 93.46
3 14.900 67.85 68.03
4 14.900 55.62 44.70
0 15.000 84.75 44.36
0 15.000 84.75 44.36
1 15.000 38.07 44.04
2 15.000 56.67 93.46
2 15.000 56.67 93.46
3 15.000 67.99 68.06
3 15.000 67.99 68.06
4 15.000 55.62 44.70
4 15.000 55.62 44.70
0 15.100 84.71 44.36
1 15.100 38.06 44.03
2 15.100 56.68 93.45
3 15.100 68.13 68.13
4 15.100 55.61 44.69
0 15.200 84.67 44.35
1 15.200 38.05 44.02
2 15.200 56.69 93.43
4 15.200 55.60 44.68
3 15.200 68.26 68.20
0 15.300 84.63 44.34
1 15.300 38.04 44.02
2 15.300 56.70 93.42
3 15.300 68.39 68.27
4 15.300 55.58 44.67
0 15.400 84.59 44.34
1 15.400 38.04 44.01
2 15.400 56.71 93.40
3 15.400 68.53 68.34
4 15.400 55.57 44.66
0 15.500 84.56 44.33
1 15.500 38.03 44.00
2 15.500 56.72 93.38
3 15.500 68.66 68.41
4 15.500 55.56 44.66
0 15.600 84.52 44.33
1 15.600 38.02 43.99
2 15.600 56.73 93.37
4 15.600 55.54 44.65
3 15.600 68.79 68.48
0 15.700 84.48 44.32
1 15.700 38.01 43.98
2 15.700 56.73 93.35
4 15.700 55.53 44.64
3 15.700 68.93 68.55
0 15.800 84.44 44.31
1 15.800 38.01 43.97
2 15.800 56.74 93.34
3 15.800 69.06 68.62
4 15.800 55.52 44.63
0 15.900 84.41 44.31
1 15.900 38.00 43.96
2 15.900 56.75 93.32
4 15.900 55.51 44.62
3 15.900 69.19 68.69
0 16.000 84.37 44.30
1 16.000 37.99 43.95
2 16.000 56.76 93.30
3 16.000 69.32 68.76
4 16.000 55.49 44.61
0 16.100 84.33 44.30
1 16.100 37.98 43.94
2 16.100 56.77 93.29
3 16.100 69.46 68.83
4 16.100 55.48 44.60
0 16.200 84.29 44.29
1 16.200 37.98 43.93
2 16.200 56.78 93.27
4 16.200 55.47 44.59
3 16.200 69.59 68.90
0 16.300 84.25 44.28
1 16.300 37.97 43.92
2 16.300 56.79 93.26
3 16.300 69.72 68.97
4 16.300 55.46 44.59
0 16.400 84.22 44.28
1 16.400 37.96 43.92
2 16.400 56.80 93.24
4 16.400 55.44 44.58
3 16.400 69.86 69.04
0 16.500 84.18 44.27
1 16.500 37.95 43.91
2 16.500 56.81 93.22
4 16.500 55.43 44.57
3 16.500 69.99 69.10
0 16.600 84.14 44.27
1 16.600 37.95 43.90
2 16.600 56.82 93.21
3 16.600 70.12 69.17
4 16.600 55.42 44.56
0 16.700 84.10 44.26
1 16.700 37.94 43.89
2 16.700 56.83 93.19
4 16.700 55.40 44.55
3 16.700 70.26 69.24
0 16.800 84.06 44.26
1 16.800 37.93 43.88
2 16.800 56.84 93.18
4 16.800 55.39 44.54
3 16.800 70.39 69.31
0 16.900 84.03 44.25
1 16.900 37.92 43.87
2 16.900 56.85 93.16
4 16.900 55.38 44.53
3 16.900 70.52 69.38
0 17.000 83.99 44.24
1 17.000 37.92 43.86
2 17.000 56.86 93.14
4 17.000 55.37 44.52
3 17.000 70.65 69.45
0 17.100 83.95 44.24
1 17.100 37.91 43.85
2 17.100 56.87 93.13
3 17.100 70.79 69.52
4 17.100 55.35 44.51
0 17.200 83.91 44.23
1 17.200 37.90 43.84
2 17.200 56.88 93.11
4 17.200 55.34 44.51
3 17.200 70.92 69.59
0 17.300 83.87 44.23
1 17.300 37.89 43.83
2 17.300 56.89 93.10
4 17.300 55.33 44.50
3 17.300 71.05 69.66
0 17.400 83.84 44.22
1 17.400 37.89 43.82
2 17.400 56.90 93.08
4 17.400 55.32 44.49
3 17.400 71.19 69.73
0 17.500 83.80 44.21
0 17.500 83.80 44.21
1 17.500 37.88 43.81
1 17.500 37.88 43.81
2 17.500 56.91 93.06
3 17.500 71.32 69.80
4 17.500 55.30 44.48
3 17.500 71.32 69.80
0 17.600 83.78 44.21
1 17.600 37.81 43.74
2 17.600 56.92 93.05
4 17.600 55.29 44.47
3 17.604 71.47 69.83
0 17.700 83.77 44.20
1 17.700 37.74 43.66
2 17.700 56.93 93.03
4 17.700 55.28 44.46
3 17.708 71.63 69.86
0 17.800 83.75 44.19
1 17.800 37.67 43.58
2 17.800 56.94 93.02
4 17.800 55.26 44.45
3 17.812 71.78 69.89
0 17.900 83.73 44.19
1 17.900 37.59 43.50
2 17.900 56.95 93.00
4 17.900 55.25 44.44
3 17.917 71.93 69.92
0 18.000 83.71 44.18
1 18.000 37.52 43.43
2 18.000 56.96 92.98
4 18.000 55.24 44.44
3 18.021 72.08 69.95
0 18.100 83.70 44.17
1 18.100 37.45 43.35
2 18.100 56.97 92.97
4 18.100 55.23 44.43
3 18.125 72.24 69.99
0 18.200 83.68 44.17
1 18.200 37.38 43.27
2 18.200 56.98 92.95
4 18.200 55.21 44.42
3 18.229 72.39 70.02
0 18.300 83.66 44.16
1 18.300 37.31 43.19
2 18.300 56.99 92.94
4 18.300 55.20 44.41
3 18.333 72.54 70.05
0 18.400 83.65 44.15
1 18.400 37.24 43.12
2 18.400 57.00 92.92
4 18.400 55.19 44.40
3 18.437 72.70 70.08
0 18.500 83.63 44.15
1 18.500 37.17 43.04
2 18.500 57.01 92.91
4 18.500 55.18 44.39
3 18.542 72.85 70.11
0 18.600 83.61 44.14
1 18.600 37.10 42.96
2 18.600 57.02 92.89
4 18.600 55.16 44.38
3 18.646 73.00 70.14
0 18.700 83.60 44.13
1 18.700 37.03 42.88
2 18.700 57.03 92.87
4 18.700 55.15 44.37
3 18.750 73.16 70.17
0 18.800 83.58 44.13
1 18.800 36.96 42.80
2 18.800 57.04 92.86
4 18.800 55.14 44.37
3 18.854 73.31 70.20
0 18.900 83.56 44.12
1 18.900 36.89 42.73
2 18.900 57.05 92.84
4 18.900 55.12 44.36
3 18.958 73.46 70.24
0 19.000 83.55 44.11
1 19.000 36.82 42.65
2 19.000 57.05 92.83
4 19.000 55.11 44.35
3 19.062 73.62 70.27
0 19.100 83.53 44.11
1 19.100 36.75 42.57
2 19.100 57.06 92.81
4 19.100 55.10 44.34
3 19.167 73.77 70.30
0 19.200 83.51 44.10
1 19.200 36.67 42.49
2 19.200 57.07 92.79
4 19.200 55.09 44.33
3 19.271 73.92 70.33
0 19.300 83.49 44.09
1 19.300 36.60 42.42
2 19.300 57.08 92.78
4 19.300 55.07 44.32
3 19.375 74.08 70.36
0 19.400 83.48 44.09
1 19.400 36.53 42.34
2 19.400 57.09 92.76
4 19.400 55.06 44.31
3 19.479 74.23 70.39
0 19.500 83.46 44.08
1 19.500 36.46 42.26
2 19.500 57.10 92.75
4 19.500 55.05 44.30
3 19.583 74.38 70.42
0 19.600 83.44 44.07
1 19.600 36.39 42.18
2 19.600 57.11 92.73
4 19.600 55.04 44.30
3 19.687 74.53 70.45
0 19.700 83.43 44.07
1 19.700 36.32 42.10
2 19.700 57.12 92.71
4 19.700 55.02 44.29
3 19.792 74.69 70.49
0 19.800 83.41 44.06
1 19.800 36.25 42.03
2 19.800 57.13 92.70
4 19.800 55.01 44.28
3 19.896 74.84 70.52
0 19.900 83.39 44.05
1 19.900 36.18 41.95
2 19.900 57.14 92.68
4 19.900 55.00 44.27
3 20.000 74.99 70.55
0 20.000 83.38 44.04
1 20.000 36.11 41.87
1 20.000 36.11 41.87
2 20.000 57.15 92.67
3 20.000 74.99 70.55
4 20.000 54.98 44.26
0 20.100 83.36 44.04
1 20.100 35.99 41.78
2 20.100 57.16 92.65
3 20.100 75.10 70.51
4 20.100 54.97 44.25
0 20.200 83.34 44.03
1 20.200 35.87 41.69
2 20.200 57.17 92.63
3 20.200 75.21 70.47
4 20.200 54.96 44.24
0 20.300 83.33 44.02
1 20.300 35.75 41.60
2 20.300 57.18 92.62
3 20.300 75.32 70.44
4 20.300 54.95 44.23
0 20.400 83.31 44.02
1 20.400 35.63 41.50
2 20.400 57.19 92.60
3 20.400 75.42 70.40
4 20.400 54.93 44.22
0 20.500 83.29 44.01
1 20.500 35.51 41.41
2 20.500 57.20 92.59
3 20.500 75.53 70.37
4 20.500 54.92 44.22
0 20.600 83.27 44.00
1 20.600 35.40 41.32
2 20.600 57.21 92.57
3 20.600 75.64 70.33
4 20.600 54.91 44.21
0 20.700 83.26 44.00
1 20.700 35.28 41.23
2 20.700 57.22 92.55
3 20.700 75.75 70.29
4 20.700 54.90 44.20
0 20.800 83.24 43.99
1 20.800 35.16 41.14
2 20.800 57.23 92.54
3 20.800 75.85 70.26
4 20.800 54.88 44.19
0 20.900 83.22 43.98
1 20.900 35.04 41.05
2 20.900 57.24 92.52
3 20.900 75.96 70.22
4 20.900 54.87 44.18
0 21.000 83.21 43.98
1 21.000 34.92 40.95
2 21.000 57.25 92.51
3 21.000 76.07 70.18
4 21.000 54.86 44.17
0 21.100 83.19 43.97
1 21.100 34.80 40.86
2 21.100 57.26 92.49
3 21.100 76.17 70.15
4 21.100 54.84 44.16
0 21.200 83.17 43.96
1 21.200 34.68 40.77
2 21.200 57.27 92.47
3 21.200 76.28 70.11
4 21.200 54.83 44.15
0 21.300 83.16 43.96
1 21.300 34.57 40.68
2 21.300 57.28 92.46
3 21.300 76.39 70.07
4 21.300 54.82 44.15
0 21.400 83.14 43.95
2 21.400 57.29 92.44
3 21.400 76.50 70.04
4 21.400 54.81 44.14
1 21.400 34.45 40.59
0 21.500 83.12 43.94
1 21.500 34.33 40.49
2 21.500 57.30 92.43
3 21.500 76.60 70.00
4 21.500 54.79 44.13
0 21.600 83.11 43.94
1 21.600 34.21 40.40
2 21.600 57.31 92.41
3 21.600 76.71 69.96
4 21.600 54.78 44.12
0 21.700 83.09 43.93
1 21.700 34.09 40.31
2 21.700 57.32 92.39
3 21.700 76.82 69.93
4 21.700 54.77 44.11
0 21.800 83.07 43.92
1 21.800 33.97 40.22
2 21.800 57.33 92.38
3 21.800 76.93 69.89
4 21.800 54.76 44.10
0 21.900 83.05 43.92
2 21.900 57.34 92.36
3 21.900 77.03 69.85
4 21.900 54.74 44.09
1 21.900 33.85 40.13
0 22.000 83.04 43.91
1 22.000 33.73 40.04
2 22.000 57.35 92.35
3 22.000 77.14 69.82
4 22.000 54.73 44.08
0 22.100 83.02 43.90
1 22.100 33.62 39.94
2 22.100 57.36 92.33
3 22.100 77.25 69.78
4 22.100 54.72 44.08
0 22.200 83.00 43.90
1 22.200 33.50 39.85
2 22.200 57.37 92.32
3 22.200 77.36 69.74
4 22.200 54.70 44.07
0 22.300 82.99 43.89
1 22.300 33.38 39.76
2 22.300 57.37 92.30
3 22.300 77.46 69.71
4 22.300 54.69 44.06
0 22.400 82.97 43.88
2 22.400 57.38 92.28
3 22.400 77.57 69.67
4 22.400 54.68 44.05
1 22.400 33.26 39.67
0 22.500 82.95 43.88
0 22.500 82.95 43.88
1 22.500 33.14 39.58
1 22.500 33.14 39.58
2 22.500 57.39 92.27
2 22.500 57.39 92.27
3 22.500 77.68 69.63
3 22.500 77.68 69.63
4 22.500 54.67 44.04
0 22.600 82.93 43.86
2 22.600 57.42 92.19
3 22.600 77.80 69.64
4 22.600 54.65 44.03
1 22.604 33.12 39.42
0 22.700 82.91 43.85
2 22.700 57.45 92.11
3 22.700 77.93 69.65
4 22.700 54.64 44.02
1 22.708 33.10 39.27
0 22.800 82.89 43.84
2 22.800 57.48 92.03
3 22.800 78.05 69.65
4 22.800 54.63 44.01
1 22.812 33.08 39.11
0 22.900 82.87 43.83
2 22.900 57.51 91.95
3 22.900 78.18 69.66
4 22.900 54.61 44.01
1 22.917 33.07 38.96
0 23.000 82.85 43.82
2 23.000 57.53 91.88
3 23.000 78.30 69.66
4 23.000 54.60 44.00
1 23.021 33.05 38.80
0 23.100 82.82 43.81
2 23.100 57.56 91.80
3 23.100 78.42 69.67
4 23.100 54.59 43.99
1 23.125 33.03 38.65
0 23.200 82.80 43.79
2 23.200 57.59 91.72
3 23.200 78.55 69.67
4 23.200 54.58 43.98
1 23.229 33.01 38.49
4 23.300 54.56 43.97
0 23.300 82.78 43.78
2 23.300 57.62 91.64
3 23.300 78.67 69.68
1 23.333 32.99 38.34
0 23.400 82.76 43.77
2 23.400 57.65 91.56
3 23.400 78.80 69.68
4 23.400 54.55 43.96
1 23.438 32.97 38.18
0 23.500 82.74 43.76
2 23.500 57.68 91.48
3 23.500 78.92 69.69
4 23.500 54.54 43.95
1 23.542 32.95 38.03
0 23.600 82.72 43.75
2 23.600 57.70 91.41
3 23.600 79.05 69.70
4 23.600 54.53 43.94
1 23.646 32.93 37.87
0 23.700 82.70 43.74
2 23.700 57.73 91.33
3 23.700 79.17 69.70
4 23.700 54.51 43.93
1 23.750 32.91 37.72
0 23.800 82.67 43.72
2 23.800 57.76 91.25
3 23.800 79.29 69.71
4 23.800 54.50 43.93
1 23.854 32.89 37.56
0 23.900 82.65 43.71
2 23.900 57.79 91.17
3 23.900 79.42 69.71
4 23.900 54.49 43.92
1 23.958 32.88 37.41
0 24.000 82.63 43.70
2 24.000 57.82 91.09
3 24.000 79.54 69.72
4 24.000 54.47 43.91
1 24.062 32.86 37.25
0 24.100 82.61 43.69
2 24.100 57.84 91.01
3 24.100 79.67 69.72
4 24.100 54.46 43.90
1 24.167 32.84 37.10
0 24.200 82.59 43.68
2 24.200 57.87 90.94
3 24.200 79.79 69.73
4 24.200 54.45 43.89
1 24.271 32.82 36.94
0 24.300 82.57 43.67
2 24.300 57.90 90.86
3 24.300 79.92 69.74
4 24.300 54.44 43.88
1 24.375 32.80 36.79
0 24.400 82.54 43.65
2 24.400 57.93 90.78
3 24.400 80.04 69.74
4 24.400 54.42 43.87
1 24.479 32.78 36.63
0 24.500 82.52 43.64
2 24.500 57.96 90.70
3 24.500 80.16 69.75
4 24.500 54.41 43.86
1 24.583 32.76 36.48
0 24.600 82.50 43.63
2 24.600 57.98 90.62
3 24.600 80.29 69.75
4 24.600 54.40 43.86
1 24.688 32.74 36.32
0 24.700 82.48 43.62
2 24.700 58.01 90.54
3 24.700 80.41 69.76
4 24.700 54.39 43.85
1 24.792 32.72 36.17
0 24.800 82.46 43.61
2 24.800 58.04 90.47
3 24.800 80.54 69.76
4 24.800 54.37 43.84
1 24.896 32.70 36.01
0 24.900 82.44 43.60
2 24.900 58.07 90.39
3 24.900 80.66 69.77
4 24.900 54.36 43.83
1 25.000 32.68 35.86
0 25.000 82.42 43.58
0 25.000 82.42 43.58
1 25.000 32.68 35.86
2 25.000 58.10 90.31
2 25.000 58.10 90.31
3 25.000 80.79 69.78
3 25.000 80.79 69.78
4 25.000 54.35 43.82
4 25.000 54.35 43.82
0 25.100 82.41 43.58
2 25.100 58.11 90.25
3 25.100 80.94 69.77
4 25.100 54.24 43.79
1 25.104 32.63 35.71
0 25.200 82.41 43.58
2 25.200 58.13 90.18
3 25.200 81.09 69.76
4 25.200 54.14 43.76
1 25.208 32.58 35.56
0 25.300 82.41 43.58
2 25.300 58.15 90.12
3 25.300 81.24 69.75
4 25.300 54.03 43.73
1 25.312 32.53 35.41
0 25.400 82.41 43.58
2 25.400 58.16 90.06
3 25.400 81.38 69.74
4 25.400 53.93 43.69
1 25.417 32.48 35.26
0 25.500 82.41 43.58
2 25.500 58.18 90.00
3 25.500 81.53 69.73
4 25.500 53.83 43.66
1 25.521 32.43 35.12
0 25.600 82.41 43.58
2 25.600 58.20 89.93
3 25.600 81.68 69.72
4 25.600 53.72 43.63
1 25.625 32.38 34.97
0 25.700 82.41 43.58
2 25.700 58.21 89.87
3 25.700 81.83 69.71
4 25.700 53.62 43.60
1 25.729 32.33 34.82
0 25.800 82.41 43.58
2 25.800 58.23 89.81
3 25.800 81.98 69.70
4 25.800 53.51 43.57
1 25.833 32.28 34.67
0 25.900 82.41 43.58
2 25.900 58.25 89.75
3 25.900 82.13 69.69
4 25.900 53.41 43.54
1 25.938 32.23 34.52
0 26.000 82.41 43.58
2 26.000 58.26 89.68
3 26.000 82.28 69.68
4 26.000 53.30 43.50
1 26.042 32.18 34.38
0 26.100 82.41 43.58
2 26.100 58.28 89.62
3 26.100 82.43 69.67
4 26.100 53.20 43.47
1 26.146 32.13 34.23
0 26.200 82.40 43.58
2 26.200 58.30 89.56
3 26.200 82.58 69.66
4 26.200 53.10 43.44
1 26.250 32.08 34.08
0 26.300 82.40 43.58
2 26.300 58.31 89.49
3 26.300 82.73 69.65
4 26.300 52.99 43.41
1 26.354 32.03 33.93
0 26.400 82.40 43.58
2 26.400 58.33 89.43
3 26.400 82.88 69.64
4 26.400 52.89 43.38
1 26.458 31.98 33.78
0 26.500 82.40 43.58
2 26.500 58.35 89.37
3 26.500 83.03 69.63
4 26.500 52.78 43.35
1 26.562 31.93 33.64
0 26.600 82.40 43.58
2 26.600 58.36 89.31
3 26.600 83.18 69.62
4 26.600 52.68 43.32
1 26.667 31.88 33.49
0 26.700 82.40 43.58
2 26.700 58.38 89.24
3 26.700 83.33 69.61
4 26.700 52.57 43.28
1 26.771 31.83 33.34
0 26.800 82.40 43.58
2 26.800 58.40 89.18
3 26.800 83.48 69.60
4 26.800 52.47 43.25
1 26.875 31.78 33.19
0 26.900 82.40 43.58
2 26.900 58.41 89.12
3 26.900 83.63 69.59
4 26.900 52.36 43.22
1 26.979 31.73 33.04
0 27.000 82.40 43.58
2 27.000 58.43 89.06
3 27.000 83.78 69.58
4 27.000 52.26 43.19
1 27.083 31.68 32.90
0 27.100 82.40 43.58
2 27.100 58.45 88.99
3 27.100 83.93 69.57
4 27.100 52.16 43.16
1 27.188 31.63 32.75
0 27.200 82.39 43.58
2 27.200 58.46 88.93
3 27.200 84.08 69.56
4 27.200 52.05 43.13
1 27.292 31.58 32.60
0 27.300 82.39 43.58
2 27.300 58.48 88.87
3 27.300 84.23 69.55
4 27.300 51.95 43.09
1 27.396 31.53 32.45
0 27.400 82.39 43.58
2 27.400 58.50 88.81
3 27.400 84.38 69.54
4 27.400 51.84 43.06
1 27.500 31.48 32.30
0 27.500 82.39 43.58
0 27.500 82.39 43.58
1 27.500 31.48 32.30
2 27.500 58.51 88.74
2 27.500 58.51 88.74
3 27.500 84.53 69.54
3 27.500 84.53 69.54
4 27.500 51.74 43.03
4 27.500 51.74 43.03
0 27.600 82.39 43.58
1 27.600 31.44 32.16
2 27.600 58.51 88.70
4 27.600 51.66 43.01
3 27.604 84.62 69.41
0 27.700 82.39 43.58
1 27.700 31.41 32.01
2 27.700 58.50 88.65
4 27.700 51.59 42.98
3 27.708 84.71 69.28
0 27.800 82.38 43.58
1 27.800 31.37 31.87
2 27.800 58.49 88.61
4 27.800 51.51 42.96
3 27.812 84.81 69.16
0 27.900 82.38 43.58
1 27.900 31.33 31.72
2 27.900 58.48 88.56
4 27.900 51.44 42.93
3 27.917 84.90 69.03
0 28.000 82.38 43.58
1 28.000 31.29 31.58
2 28.000 58.47 88.52
4 28.000 51.36 42.91
3 28.021 84.99 68.91
0 28.100 82.38 43.58
1 28.100 31.26 31.43
2 28.100 58.46 88.48
4 28.100 51.29 42.88
3 28.125 85.09 68.78
0 28.200 82.38 43.58
1 28.200 31.22 31.29
2 28.200 58.45 88.43
4 28.200 51.21 42.86
3 28.229 85.18 68.66
0 28.300 82.37 43.57
1 28.300 31.18 31.14
2 28.300 58.44 88.39
4 28.300 51.14 42.83
3 28.333 85.27 68.53
0 28.400 82.37 43.57
2 28.400 58.43 88.34
4 28.400 51.06 42.80
1 28.400 31.14 31.00
3 28.438 85.37 68.41
0 28.500 82.37 43.57
1 28.500 31.11 30.85
2 28.500 58.42 88.30
4 28.500 50.99 42.78
3 28.542 85.46 68.28
0 28.600 82.37 43.57
1 28.600 31.07 30.71
2 28.600 58.42 88.25
4 28.600 50.91 42.75
3 28.646 85.55 68.16
0 28.700 82.37 43.57
2 28.700 58.41 88.21
4 28.700 50.84 42.73
1 28.700 31.03 30.56
3 28.750 85.65 68.03
0 28.800 82.36 43.57
1 28.800 30.99 30.42
2 28.800 58.40 88.16
4 28.800 50.76 42.70
3 28.854 85.74 67.91
0 28.900 82.36 43.57
2 28.900 58.39 88.12
4 28.900 50.69 42.68
1 28.900 30.96 30.27
3 28.958 85.83 67.78
0 29.000 82.36 43.57
1 29.000 30.92 30.13
2 29.000 58.38 88.07
4 29.000 50.61 42.65
3 29.062 85.93 67.66
0 29.100 82.36 43.57
1 29.100 30.88 29.98
2 29.100 58.37 88.03
4 29.100 50.54 42.63
3 29.167 86.02 67.53
0 29.200 82.35 43.57
2 29.200 58.36 87.98
4 29.200 50.46 42.60
1 29.200 30.84 29.83
3 29.271 86.11 67.40
0 29.300 82.35 43.57
1 29.300 30.81 29.69
2 29.300 58.35 87.94
4 29.300 50.39 42.58
3 29.375 86.21 67.28
0 29.400 82.35 43.57
2 29.400 58.34 87.89
4 29.400 50.31 42.55
1 29.400 30.77 29.54
3 29.479 86.30 67.15
0 29.500 82.35 43.57
1 29.500 30.73 29.40
2 29.500 58.33 87.85
4 29.500 50.24 42.53
3 29.583 86.39 67.03
0 29.600 82.35 43.56
1 29.600 30.69 29.25
2 29.600 58.33 87.80
4 29.600 50.16 42.50
3 29.687 86.49 66.90
0 29.700 82.34 43.56
2 29.700 58.32 87.76
4 29.700 50.09 42.48
1 29.700 30.66 29.11
3 29.792 86.58 66.78
0 29.800 82.34 43.56
1 29.800 30.62 28.96
2 29.800 58.31 87.71
4 29.800 50.01 42.45
3 29.896 86.67 66.65
0 29.900 82.34 43.56
2 29.900 58.30 87.67
4 29.900 49.93 42.43
1 29.900 30.58 28.82
3 30.000 86.77 66.53
0 30.000 82.34 43.56
1 30.000 30.54 28.67
2 30.000 58.29 87.62
2 30.000 58.29 87.62
3 30.000 86.77 66.53
4 30.000 49.86 42.40
4 30.000 49.86 42.40
1 30.000 30.54 28.67
0 30.100 82.34 43.56
1 30.100 30.57 28.52
2 30.100 58.31 87.50
3 30.100 86.83 66.39
4 30.100 49.75 42.34
0 30.200 82.33 43.56
1 30.200 30.59 28.38
2 30.200 58.32 87.39
3 30.200 86.89 66.25
4 30.200 49.65 42.29
0 30.300 82.33 43.56
1 30.300 30.61 28.23
2 30.300 58.34 87.27
3 30.300 86.96 66.12
4 30.300 49.54 42.23
0 30.400 82.33 43.56
1 30.400 30.63 28.08
2 30.400 58.36 87.15
3 30.400 87.02 65.98
4 30.400 49.44 42.17
0 30.500 82.33 43.56
1 30.500 30.65 27.93
2 30.500 58.38 87.03
3 30.500 87.08 65.85
4 30.500 49.33 42.11
0 30.600 82.32 43.56
1 30.600 30.68 27.78
2 30.600 58.39 86.91
3 30.600 87.14 65.71
4 30.600 49.22 42.05
0 30.700 82.32 43.56
1 30.700 30.70 27.63
2 30.700 58.41 86.79
3 30.700 87.21 65.57
4 30.700 49.12 41.99
0 30.800 82.32 43.56
1 30.800 30.72 27.49
2 30.800 58.43 86.67
3 30.800 87.27 65.44
4 30.800 49.01 41.93
0 30.900 82.32 43.55
1 30.900 30.74 27.34
2 30.900 58.44 86.55
3 30.900 87.33 65.30
4 30.900 48.90 41.87
0 31.000 82.32 43.55
1 31.000 30.76 27.19
2 31.000 58.46 86.43
3 31.000 87.39 65.16
4 31.000 48.80 41.81
0 31.100 82.31 43.55
1 31.100 30.78 27.04
2 31.100 58.48 86.32
3 31.100 87.46 65.03
4 31.100 48.69 41.75
0 31.200 82.31 43.55
1 31.200 30.81 26.89
2 31.200 58.50 86.20
3 31.200 87.52 64.89
4 31.200 48.59 41.70
0 31.300 82.31 43.55
1 31.300 30.83 26.74
2 31.300 58.51 86.08
3 31.300 87.58 64.76
4 31.300 48.48 41.64
0 31.400 82.31 43.55
1 31.400 30.85 26.60
2 31.400 58.53 85.96
3 31.400 87.65 64.62
4 31.400 48.37 41.58
0 31.500 82.30 43.55
1 31.500 30.87 26.45
2 31.500 58.55 85.84
3 31.500 87.71 64.48
4 31.500 48.27 41.52
0 31.600 82.30 43.55
1 31.600 30.89 26.30
2 31.600 58.57 85.72
3 31.600 87.77 64.35
4 31.600 48.16 41.46
0 31.700 82.30 43.55
1 31.700 30.92 26.15
2 31.700 58.58 85.60
3 31.700 87.83 64.21
4 31.700 48.06 41.40
0 31.800 82.30 43.55
1 31.800 30.94 26.00
2 31.800 58.60 85.48
3 31.800 87.90 64.07
4 31.800 47.95 41.34
0 31.900 82.30 43.55
1 31.900 30.96 25.85
2 31.900 58.62 85.36
3 31.900 87.96 63.94
4 31.900 47.84 41.28
0 32.000 82.29 43.55
1 32.000 30.98 25.71
2 32.000 58.63 85.25
3 32.000 88.02 63.80
4 32.000 47.74 41.22
0 32.100 82.29 43.54
1 32.100 31.00 25.56
2 32.100 58.65 85.13
3 32.100 88.08 63.67
4 32.100 47.63 41.16
0 32.200 82.29 43.54
1 32.200 31.03 25.41
2 32.200 58.67 85.01
3 32.200 88.15 63.53
4 32.200 47.53 41.10
0 32.300 82.29 43.54
1 32.300 31.05 25.26
2 32.300 58.69 84.89
3 32.300 88.21 63.39
4 32.300 47.42 41.05
0 32.400 82.29 43.54
1 32.400 31.07 25.11
2 32.400 58.70 84.77
3 32.400 88.27 63.26
4 32.400 47.31 40.99
0 32.500 82.28 43.54
1 32.500 31.09 24.96
1 32.500 31.09 24.96
2 32.500 58.72 84.65
2 32.500 58.72 84.65
3 32.500 88.34 63.12
3 32.500 88.34 63.12
4 32.500 47.21 40.93
4 32.500 47.21 40.93
0 32.600 82.28 43.54
1 32.600 31.05 24.91
2 32.600 58.77 84.57
3 32.600 88.38 62.99
4 32.604 47.09 40.86
0 32.700 82.28 43.54
1 32.700 31.00 24.86
2 32.700 58.82 84.48
3 32.700 88.43 62.86
4 32.708 46.97 40.79
0 32.800 82.28 43.54
1 32.800 30.96 24.80
2 32.800 58.87 84.40
3 32.800 88.47 62.73
4 32.812 46.85 40.72
0 32.900 82.27 43.54
1 32.900 30.92 24.75
2 32.900 58.93 84.31
3 32.900 88.52 62.59
4 32.917 46.73 40.65
0 33.000 82.27 43.54
1 33.000 30.87 24.70
2 33.000 58.98 84.22
3 33.000 88.56 62.46
4 33.021 46.61 40.58
0 33.100 82.27 43.54
1 33.100 30.83 24.64
2 33.100 59.03 84.14
3 33.100 88.61 62.33
4 33.125 46.49 40.51
0 33.200 82.27 43.54
1 33.200 30.79 24.59
2 33.200 59.08 84.05
3 33.200 88.65 62.20
4 33.229 46.36 40.44
0 33.300 82.27 43.54
1 33.300 30.74 24.54
2 33.300 59.13 83.97
3 33.300 88.69 62.07
4 33.333 46.24 40.37
0 33.400 82.26 43.53
1 33.400 30.70 24.49
2 33.400 59.18 83.88
3 33.400 88.74 61.94
4 33.438 46.12 40.30
0 33.500 82.26 43.53
1 33.500 30.65 24.43
2 33.500 59.24 83.80
3 33.500 88.78 61.80
4 33.542 46.00 40.24
0 33.600 82.26 43.53
1 33.600 30.61 24.38
2 33.600 59.29 83.71
3 33.600 88.83 61.67
4 33.646 45.88 40.17
0 33.700 82.26 43.53
1 33.700 30.57 24.33
2 33.700 59.34 83.63
3 33.700 88.87 61.54
4 33.750 45.76 40.10
0 33.800 82.25 43.53
1 33.800 30.52 24.27
2 33.800 59.39 83.54
3 33.800 88.92 61.41
4 33.854 45.64 40.03
0 33.900 82.25 43.53
1 33.900 30.48 24.22
2 33.900 59.44 83.46
3 33.900 88.96 61.28
4 33.958 45.52 39.96
0 34.000 82.25 43.53
1 34.000 30.43 24.17
2 34.000 59.49 83.37
3 34.000 89.01 61.15
4 34.062 45.40 39.89
0 34.100 82.25 43.53
1 34.100 30.39 24.11
2 34.100 59.55 83.28
3 34.100 89.05 61.02
4 34.167 45.28 39.82
0 34.200 82.25 43.53
1 34.200 30.35 24.06
2 34.200 59.60 83.20
3 34.200 89.10 60.88
4 34.271 45.16 39.75
0 34.300 82.24 43.53
1 34.300 30.30 24.01
2 34.300 59.65 83.11
3 34.300 89.14 60.75
4 34.375 45.04 39.68
0 34.400 82.24 43.53
1 34.400 30.26 23.96
2 34.400 59.70 83.03
3 34.400 89.19 60.62
4 34.479 44.92 39.61
0 34.500 82.24 43.53
1 34.500 30.21 23.90
2 34.500 59.75 82.94
3 34.500 89.23 60.49
4 34.583 44.80 39.54
0 34.600 82.24 43.53
1 34.600 30.17 23.85
2 34.600 59.80 82.86
3 34.600 89.28 60.36
4 34.688 44.68 39.47
0 34.700 82.24 43.52
1 34.700 30.13 23.80
2 34.700 59.85 82.77
3 34.700 89.32 60.23
4 34.792 44.56 39.40
0 34.800 82.23 43.52
1 34.800 30.08 23.74
2 34.800 59.91 82.69
3 34.800 89.37 60.09
4 34.896 44.44 39.34
0 34.900 82.23 43.52
1 34.900 30.04 23.69
2 34.900 59.96 82.60
3 34.900 89.41 59.96
0 35.000 82.23 43.52
0 35.000 82.23 43.52
1 35.000 30.00 23.64
1 35.000 30.00 23.64
2 35.000 60.01 82.52
2 35.000 60.01 82.52
3 35.000 89.46 59.83
3 35.000 89.46 59.83
4 35.000 44.32 39.27
4 35.000 44.32 39.27
0 35.100 82.21 43.52
1 35.100 29.93 23.61
2 35.100 60.02 82.43
3 35.100 89.48 59.68
4 35.104 44.17 39.22
0 35.200 82.20 43.52
1 35.200 29.86 23.58
2 35.200 60.03 82.34
3 35.200 89.50 59.53
4 35.208 44.02 39.18
0 35.300 82.18 43.52
1 35.300 29.79 23.55
2 35.300 60.05 82.25
3 35.300 89.52 59.39
4 35.312 43.87 39.14
0 35.400 82.16 43.52
1 35.400 29.72 23.52
2 35.400 60.06 82.16
3 35.400 89.54 59.24
4 35.417 43.72 39.09
0 35.500 82.15 43.52
1 35.500 29.65 23.50
2 35.500 60.07 82.07
3 35.500 89.56 59.09
4 35.521 43.57 39.05
0 35.600 82.13 43.52
1 35.600 29.59 23.47
2 35.600 60.08 81.98
3 35.600 89.58 58.94
4 35.625 43.42 39.00
0 35.700 82.12 43.52
1 35.700 29.52 23.44
2 35.700 60.10 81.89
3 35.700 89.61 58.79
4 35.729 43.27 38.96
0 35.800 82.10 43.52
1 35.800 29.45 23.41
2 35.800 60.11 81.80
3 35.800 89.63 58.64
4 35.833 43.12 38.92
0 35.900 82.09 43.51
1 35.900 29.38 23.38
2 35.900 60.12 81.72
3 35.900 89.65 58.49
4 35.938 42.97 38.87
0 36.000 82.07 43.51
1 36.000 29.31 23.36
2 36.000 60.13 81.63
3 36.000 89.67 58.35
4 36.042 42.82 38.83
0 36.100 82.05 43.51
1 36.100 29.25 23.33
2 36.100 60.15 81.54
3 36.100 89.69 58.20
4 36.146 42.67 38.79
0 36.200 82.04 43.51
1 36.200 29.18 23.30
2 36.200 60.16 81.45
3 36.200 89.71 58.05
4 36.250 42.52 38.74
0 36.300 82.02 43.51
1 36.300 29.11 23.27
2 36.300 60.17 81.36
3 36.300 89.73 57.90
4 36.354 42.37 38.70
0 36.400 82.01 43.51
1 36.400 29.04 23.24
2 36.400 60.18 81.27
3 36.400 89.75 57.75
4 36.458 42.22 38.66
0 36.500 81.99 43.51
1 36.500 28.97 23.22
2 36.500 60.20 81.18
3 36.500 89.77 57.60
4 36.562 42.07 38.61
0 36.600 81.97 43.51
1 36.600 28.91 23.19
2 36.600 60.21 81.09
3 36.600 89.79 57.46
4 36.667 41.92 38.57
0 36.700 81.96 43.51
1 36.700 28.84 23.16
2 36.700 60.22 81.00
3 36.700 89.82 57.31
4 36.771 41.77 38.52
0 36.800 81.94 43.51
1 36.800 28.77 23.13
2 36.800 60.23 80.92
3 36.800 89.84 57.16
4 36.875 41.62 38.48
0 36.900 81.93 43.51
1 36.900 28.70 23.10
2 36.900 60.25 80.83
3 36.900 89.86 57.01
4 36.979 41.47 38.44
0 37.000 81.91 43.51
1 37.000 28.63 23.07
2 37.000 60.26 80.74
3 37.000 89.88 56.86
4 37.083 41.32 38.39
0 37.100 81.89 43.50
1 37.100 28.57 23.05
2 37.100 60.27 80.65
3 37.100 89.90 56.71
4 37.188 41.17 38.35
0 37.200 81.88 43.50
1 37.200 28.50 23.02
2 37.200 60.28 80.56
3 37.200 89.92 56.56
4 37.292 41.02 38.31
0 37.300 81.86 43.50
1 37.300 28.43 22.99
2 37.300 60.30 80.47
3 37.300 89.94 56.42
4 37.396 40.87 38.26
0 37.400 81.85 43.50
1 37.400 28.36 22.96
2 37.400 60.31 80.38
3 37.400 89.96 56.27
0 37.500 81.83 43.50
1 37.500 28.29 22.93
1 37.500 28.29 22.93
2 37.500 60.32 80.29
2 37.500 60.32 80.29
3 37.500 89.98 56.12
3 37.500 89.98 56.12
4 37.500 40.72 38.22
4 37.500 40.72 38.22
0 37.600 81.81 43.50
1 37.600 28.24 22.92
2 37.600 60.34 80.17
3 37.600 89.98 55.97
4 37.600 40.57 38.23
0 37.700 81.80 43.50
1 37.700 28.19 22.90
2 37.700 60.36 80.04
3 37.700 89.98 55.82
4 37.700 40.43 38.24
0 37.800 81.78 43.50
1 37.800 28.13 22.89
2 37.800 60.38 79.92
3 37.800 89.98 55.67
4 37.800 40.28 38.26
0 37.900 81.77 43.50
1 37.900 28.08 22.87
2 37.900 60.40 79.79
3 37.900 89.98 55.52
4 37.900 40.14 38.27
0 38.000 81.75 43.50
1 38.000 28.03 22.86
2 38.000 60.42 79.66
3 38.000 89.98 55.37
4 38.000 39.99 38.28
0 38.100 81.73 43.50
1 38.100 27.98 22.84
2 38.100 60.44 79.54
3 38.100 89.98 55.22
4 38.100 39.85 38.29
0 38.200 81.72 43.50
1 38.200 27.92 22.83
2 38.200 60.46 79.41
3 38.200 89.98 55.07
4 38.200 39.70 38.31
0 38.300 81.70 43.49
1 38.300 27.87 22.81
2 38.300 60.48 79.29
3 38.300 89.98 54.92
4 38.300 39.56 38.32
0 38.400 81.69 43.49
1 38.400 27.82 22.80
2 38.400 60.50 79.16
3 38.400 89.98 54.77
4 38.400 39.41 38.33
0 38.500 81.67 43.49
1 38.500 27.76 22.78
2 38.500 60.52 79.04
3 38.500 89.98 54.62
4 38.500 39.27 38.34
0 38.600 81.65 43.49
1 38.600 27.71 22.77
2 38.600 60.54 78.91
3 38.600 89.98 54.47
4 38.600 39.12 38.35
0 38.700 81.64 43.49
1 38.700 27.66 22.75
2 38.700 60.55 78.79
3 38.700 89.98 54.32
4 38.700 38.98 38.37
0 38.800 81.62 43.49
1 38.800 27.60 22.74
2 38.800 60.57 78.66
3 38.800 89.98 54.17
4 38.800 38.83 38.38
0 38.900 81.61 43.49
1 38.900 27.55 22.72
2 38.900 60.59 78.53
3 38.900 89.98 54.02
4 38.900 38.69 38.39
0 39.000 81.59 43.49
1 39.000 27.50 22.70
2 39.000 60.61 78.41
3 39.000 89.98 53.87
4 39.000 38.55 38.40
0 39.100 81.57 43.49
1 39.100 27.45 22.69
2 39.100 60.63 78.28
3 39.100 89.98 53.72
4 39.100 38.40 38.42
0 39.200 81.56 43.49
1 39.200 27.39 22.67
2 39.200 60.65 78.16
3 39.200 89.98 53.57
4 39.200 38.26 38.43
0 39.300 81.54 43.49
1 39.300 27.34 22.66
2 39.300 60.67 78.03
3 39.300 89.98 53.42
4 39.300 38.11 38.44
0 39.400 81.53 43.49
1 39.400 27.29 22.64
2 39.400 60.69 77.91
3 39.400 89.98 53.27
4 39.400 37.97 38.45
0 39.500 81.51 43.48
1 39.500 27.23 22.63
2 39.500 60.71 77.78
3 39.500 89.98 53.12
4 39.500 37.82 38.47
0 39.600 81.50 43.48
1 39.600 27.18 22.61
2 39.600 60.73 77.65
3 39.600 89.98 52.97
4 39.600 37.68 38.48
0 39.700 81.48 43.48
1 39.700 27.13 22.60
2 39.700 60.75 77.53
3 39.700 89.98 52.82
4 39.700 37.53 38.49
0 39.800 81.46 43.48
1 39.800 27.08 22.58
2 39.800 60.77 77.40
3 39.800 89.98 52.67
4 39.800 37.39 38.50
0 39.900 81.45 43.48
1 39.900 27.02 22.57
2 39.900 60.79 77.28
3 39.900 89.98 52.52
4 39.900 37.24 38.52
0 40.000 81.43 43.48
0 40.000 81.43 43.48
1 40.000 26.97 22.55
1 40.000 26.97 22.55
2 40.000 60.81 77.15
2 40.000 60.81 77.15
3 40.000 89.98 52.37
3 40.000 89.98 52.37
4 40.000 37.10 38.53
4 40.000 37.10 38.53
0 40.100 81.37 43.44
1 40.100 26.88 22.54
2 40.100 60.87 77.08
3 40.100 89.98 52.25
4 40.100 36.99 38.56
0 40.200 81.32 43.39
1 40.200 26.78 22.52
2 40.200 60.93 77.00
3 40.200 89.97 52.13
4 40.200 36.88 38.59
0 40.300 81.26 43.35
1 40.300 26.69 22.50
2 40.300 60.99 76.93
3 40.300 89.96 52.01
4 40.300 36.77 38.62
0 40.400 81.20 43.31
1 40.400 26.60 22.49
2 40.400 61.06 76.85
3 40.400 89.96 51.89
4 40.400 36.66 38.65
0 40.500 81.14 43.27
1 40.500 26.51 22.47
2 40.500 61.12 76.78
3 40.500 89.95 51.77
4 40.500 36.55 38.69
0 40.600 81.09 43.22
1 40.600 26.41 22.46
2 40.600 61.18 76.71
3 40.600 89.94 51.65
4 40.600 36.45 38.72
0 40.700 81.03 43.18
1 40.700 26.32 22.44
2 40.700 61.25 76.63
3 40.700 89.94 51.53
4 40.700 36.34 38.75
0 40.800 80.97 43.14
1 40.800 26.23 22.42
2 40.800 61.31 76.56
3 40.800 89.93 51.41
4 40.800 36.23 38.78
0 40.900 80.91 43.10
1 40.900 26.14 22.41
2 40.900 61.37 76.48
3 40.900 89.93 51.29
4 40.900 36.12 38.81
0 41.000 80.85 43.05
1 41.000 26.04 22.39
2 41.000 61.43 76.41
3 41.000 89.92 51.17
4 41.000 36.01 38.85
0 41.100 80.80 43.01
1 41.100 25.95 22.38
2 41.100 61.50 76.33
3 41.100 89.91 51.05
4 41.100 35.90 38.88
0 41.200 80.74 42.97
1 41.200 25.86 22.36
2 41.200 61.56 76.26
3 41.200 89.91 50.93
4 41.200 35.80 38.91
0 41.300 80.68 42.92
1 41.300 25.77 22.34
2 41.300 61.62 76.18
3 41.300 89.90 50.81
4 41.300 35.69 38.94
0 41.400 80.62 42.88
1 41.400 25.67 22.33
2 41.400 61.69 76.11
3 41.400 89.89 50.69
4 41.400 35.58 38.97
0 41.500 80.57 42.84
1 41.500 25.58 22.31
2 41.500 61.75 76.04
3 41.500 89.89 50.57
4 41.500 35.47 39.00
0 41.600 80.51 42.80
1 41.600 25.49 22.30
2 41.600 61.81 75.96
3 41.600 89.88 50.45
4 41.600 35.36 39.04
0 41.700 80.45 42.75
1 41.700 25.40 22.28
2 41.700 61.87 75.89
3 41.700 89.88 50.33
4 41.700 35.25 39.07
0 41.800 80.39 42.71
1 41.800 25.30 22.26
2 41.800 61.94 75.81
3 41.800 89.87 50.21
4 41.800 35.14 39.10
0 41.900 80.34 42.67
1 41.900 25.21 22.25
2 41.900 62.00 75.74
3 41.900 89.86 50.09
4 41.900 35.04 39.13
0 42.000 80.28 42.62
1 42.000 25.12 22.23
2 42.000 62.06 75.66
3 42.000 89.86 49.97
4 42.000 34.93 39.16
0 42.100 80.22 42.58
1 42.100 25.03 22.22
2 42.100 62.13 75.59
3 42.100 89.85 49.85
4 42.100 34.82 39.20
0 42.200 80.16 42.54
1 42.200 24.94 22.20
2 42.200 62.19 75.51
3 42.200 89.85 49.73
4 42.200 34.71 39.23
0 42.300 80.11 42.50
1 42.300 24.84 22.18
2 42.300 62.25 75.44
3 42.300 89.84 49.61
4 42.300 34.60 39.26
0 42.400 80.05 42.45
1 42.400 24.75 22.17
2 42.400 62.31 75.37
3 42.400 89.83 49.49
4 42.400 34.49 39.29
0 42.500 79.99 42.41
0 42.500 79.99 42.41
1 42.500 24.66 22.15
1 42.500 24.66 22.15
2 42.500 62.38 75.29
2 42.500 62.38 75.29
3 42.500 89.83 49.37
3 42.500 89.83 49.37
4 42.500 34.39 39.32
4 42.500 34.39 39.32
0 42.600 79.90 42.40
3 42.600 89.80 49.23
1 42.604 24.57 22.12
2 42.604 62.47 75.21
4 42.604 34.32 39.30
0 42.700 79.81 42.38
3 42.700 89.78 49.09
1 42.708 24.48 22.08
2 42.708 62.57 75.13
4 42.708 34.26 39.28
0 42.800 79.72 42.37
3 42.800 89.75 48.95
1 42.812 24.39 22.05
2 42.812 62.67 75.05
4 42.812 34.20 39.26
0 42.900 79.63 42.36
3 42.900 89.73 48.81
1 42.917 24.30 22.01
2 42.917 62.77 74.97
4 42.917 34.13 39.24
0 43.000 79.55 42.35
3 43.000 89.71 48.67
1 43.021 24.21 21.98
2 43.021 62.86 74.89
4 43.021 34.07 39.22
0 43.100 79.46 42.33
3 43.100 89.68 48.53
1 43.125 24.12 21.95
2 43.125 62.96 74.80
4 43.125 34.01 39.20
0 43.200 79.37 42.32
3 43.200 89.66 48.38
1 43.229 24.03 21.91
2 43.229 63.06 74.72
4 43.229 33.94 39.18
0 43.300 79.28 42.31
3 43.300 89.63 48.24
2 43.333 63.16 74.64
1 43.333 23.94 21.88
4 43.333 33.88 39.16
0 43.400 79.19 42.30
3 43.400 89.61 48.10
1 43.438 23.85 21.84
2 43.438 63.25 74.56
4 43.438 33.82 39.14
0 43.500 79.10 42.28
3 43.500 89.59 47.96
1 43.542 23.76 21.81
2 43.542 63.35 74.48
4 43.542 33.75 39.12
0 43.600 79.01 42.27
3 43.600 89.56 47.82
2 43.646 63.45 74.40
4 43.646 33.69 39.10
1 43.646 23.67 21.77
0 43.700 78.92 42.26
3 43.700 89.54 47.68
1 43.750 23.58 21.74
2 43.750 63.55 74.32
4 43.750 33.63 39.08
0 43.800 78.83 42.24
3 43.800 89.52 47.54
1 43.854 23.49 21.71
2 43.854 63.64 74.24
4 43.854 33.56 39.06
0 43.900 78.74 42.23
3 43.900 89.49 47.40
2 43.958 63.74 74.16
4 43.958 33.50 39.03
1 43.958 23.40 21.67
0 44.000 78.66 42.22
3 44.000 89.47 47.26
1 44.062 23.31 21.64
2 44.062 63.84 74.07
4 44.062 33.44 39.01
0 44.100 78.57 42.21
3 44.100 89.44 47.12
1 44.167 23.22 21.60
2 44.167 63.94 73.99
4 44.167 33.37 38.99
0 44.200 78.48 42.19
3 44.200 89.42 46.98
2 44.271 64.03 73.91
4 44.271 33.31 38.97
1 44.271 23.13 21.57
0 44.300 78.39 42.18
3 44.300 89.40 46.84
1 44.375 23.04 21.53
2 44.375 64.13 73.83
4 44.375 33.25 38.95
0 44.400 78.30 42.17
3 44.400 89.37 46.70
1 44.479 22.95 21.50
2 44.479 64.23 73.75
4 44.479 33.18 38.93
0 44.500 78.21 42.15
3 44.500 89.35 46.56
2 44.583 64.33 73.67
4 44.583 33.12 38.91
1 44.583 22.86 21.47
0 44.600 78.12 42.14
3 44.600 89.32 46.42
2 44.687 64.42 73.59
1 44.688 22.77 21.43
4 44.688 33.06 38.89
0 44.700 78.03 42.13
3 44.700 89.30 46.28
1 44.792 22.68 21.40
2 44.792 64.52 73.51
4 44.792 32.99 38.87
0 44.800 77.94 42.12
3 44.800 89.28 46.14
2 44.896 64.62 73.43
4 44.896 32.93 38.85
1 44.896 22.60 21.36
0 44.900 77.85 42.10
3 44.900 89.25 46.00
2 45.000 64.72 73.34
0 45.000 77.77 42.09
0 45.000 77.77 42.09
1 45.000 22.51 21.33
1 45.000 22.51 21.33
2 45.000 64.72 73.34
3 45.000 89.23 45.86
3 45.000 89.23 45.86
4 45.000 32.87 38.83
4 45.000 32.87 38.83
0 45.100 77.74 42.10
2 45.100 64.72 73.30
3 45.100 89.29 45.72
4 45.100 32.79 38.78
1 45.104 22.43 21.36
0 45.200 77.71 42.11
2 45.200 64.73 73.25
3 45.200 89.36 45.59
4 45.200 32.71 38.73
1 45.208 22.36 21.40
0 45.300 77.69 42.12
3 45.300 89.42 45.45
4 45.300 32.63 38.67
2 45.300 64.73 73.21
1 45.312 22.29 21.43
0 45.400 77.66 42.13
3 45.400 89.49 45.32
4 45.400 32.56 38.62
2 45.400 64.74 73.16
1 45.417 22.22 21.47
0 45.500 77.63 42.14
3 45.500 89.55 45.18
4 45.500 32.48 38.57
2 45.500 64.74 73.12
1 45.521 22.15 21.50
0 45.600 77.61 42.15
2 45.600 64.75 73.07
3 45.600 89.62 45.05
4 45.600 32.40 38.52
1 45.625 22.08 21.54
0 45.700 77.58 42.17
2 45.700 64.75 73.02
3 45.700 89.68 44.91
4 45.700 32.33 38.47
1 45.729 22.01 21.57
0 45.800 77.56 42.18
3 45.800 89.75 44.78
2 45.800 64.76 72.98
4 45.800 32.25 38.42
1 45.833 21.94 21.61
0 45.900 77.53 42.19
3 45.900 89.81 44.64
4 45.900 32.17 38.36
2 45.900 64.77 72.93
1 45.938 21.87 21.64
0 46.000 77.50 42.20
3 46.000 89.88 44.51
4 46.000 32.09 38.31
2 46.000 64.77 72.89
1 46.042 21.79 21.68
0 46.100 77.48 42.21
3 46.100 89.95 44.37
4 46.100 32.02 38.26
2 46.100 64.78 72.84
1 46.146 21.72 21.71
0 46.200 77.45 42.22
3 46.200 90.01 44.24
4 46.200 31.94 38.21
2 46.200 64.78 72.79
1 46.250 21.65 21.75
0 46.300 77.43 42.23
3 46.300 90.08 44.10
4 46.300 31.86 38.16
2 46.300 64.79 72.75
1 46.354 21.58 21.78
0 46.400 77.40 42.24
3 46.400 90.14 43.97
4 46.400 31.79 38.11
2 46.400 64.79 72.70
1 46.458 21.51 21.82
0 46.500 77.37 42.25
3 46.500 90.21 43.83
4 46.500 31.71 38.05
2 46.500 64.80 72.66
1 46.562 21.44 21.85
0 46.600 77.35 42.26
3 46.600 90.27 43.70
4 46.600 31.63 38.00
2 46.600 64.80 72.61
1 46.667 21.37 21.89
0 46.700 77.32 42.27
3 46.700 90.34 43.56
4 46.700 31.56 37.95
2 46.700 64.81 72.57
1 46.771 21.30 21.92
0 46.800 77.29 42.28
3 46.800 90.40 43.43
4 46.800 31.48 37.90
2 46.800 64.82 72.52
1 46.875 21.23 21.95
0 46.900 77.27 42.30
3 46.900 90.47 43.29
4 46.900 31.40 37.85
2 46.900 64.82 72.47
1 46.979 21.15 21.99
0 47.000 77.24 42.31
3 47.000 90.53 43.16
4 47.000 31.32 37.80
2 47.000 64.83 72.43
1 47.083 21.08 22.02
0 47.100 77.22 42.32
3 47.100 90.60 43.02
4 47.100 31.25 37.74
2 47.100 64.83 72.38
1 47.188 21.01 22.06
0 47.200 77.19 42.33
3 47.200 90.66 42.89
4 47.200 31.17 37.69
2 47.200 64.84 72.34
1 47.292 20.94 22.09
0 47.300 77.16 42.34
3 47.300 90.73 42.75
4 47.300 31.09 37.64
2 47.300 64.84 72.29
1 47.396 20.87 22.13
0 47.400 77.14 42.35
3 47.400 90.79 42.62
4 47.400 31.02 37.59
2 47.400 64.85 72.25
0 47.500 77.11 42.36
0 47.500 77.11 42.36
1 47.500 20.80 22.16
1 47.500 20.80 22.16
2 47.500 64.86 72.20
3 47.500 90.86 42.48
3 47.500 90.86 42.48
4 47.500 30.94 37.54
4 47.500 30.94 37.54
2 47.500 64.86 72.20
0 47.600 77.10 42.36
1 47.600 20.73 22.21
3 47.600 90.86 42.33
2 47.604 64.86 72.19
4 47.604 30.80 37.46
0 47.700 77.09 42.35
1 47.700 20.66 22.25
3 47.700 90.86 42.18
2 47.708 64.86 72.18
4 47.708 30.67 37.37
0 47.800 77.08 42.35
1 47.800 20.59 22.30
3 47.800 90.86 42.03
2 47.812 64.87 72.16
4 47.812 30.54 37.29
0 47.900 77.07 42.34
1 47.900 20.53 22.34
3 47.900 90.86 41.88
2 47.917 64.87 72.15
4 47.917 30.40 37.21
0 48.000 77.06 42.34
1 48.000 20.46 22.39
3 48.000 90.86 41.73
2 48.021 64.88 72.14
4 48.021 30.27 37.13
0 48.100 77.06 42.33
1 48.100 20.39 22.44
3 48.100 90.86 41.58
2 48.125 64.88 72.13
4 48.125 30.14 37.05
0 48.200 77.05 42.33
1 48.200 20.32 22.48
3 48.200 90.86 41.43
2 48.229 64.89 72.11
4 48.229 30.00 36.97
0 48.300 77.04 42.32
1 48.300 20.25 22.53
3 48.300 90.86 41.28
2 48.333 64.89 72.10
4 48.333 29.87 36.89
0 48.400 77.03 42.32
1 48.400 20.19 22.57
3 48.400 90.86 41.13
2 48.437 64.90 72.09
4 48.438 29.73 36.81
0 48.500 77.02 42.31
1 48.500 20.12 22.62
3 48.500 90.86 40.98
2 48.542 64.90 72.08
4 48.542 29.60 36.73
0 48.600 77.01 42.31
1 48.600 20.05 22.66
3 48.600 90.86 40.83
2 48.646 64.91 72.07
4 48.646 29.47 36.65
0 48.700 77.00 42.30
1 48.700 19.98 22.71
3 48.700 90.86 40.68
2 48.750 64.91 72.05
4 48.750 29.33 36.57
0 48.800 76.99 42.30
1 48.800 19.91 22.75
3 48.800 90.86 40.53
2 48.854 64.92 72.04
4 48.854 29.20 36.49
0 48.900 76.98 42.30
1 48.900 19.85 22.80
3 48.900 90.86 40.38
2 48.958 64.92 72.03
4 48.958 29.07 36.41
0 49.000 76.97 42.29
1 49.000 19.78 22.84
3 49.000 90.86 40.23
2 49.062 64.93 72.02
4 49.062 28.93 36.33
0 49.100 76.96 42.29
1 49.100 19.71 22.89
3 49.100 90.86 40.08
2 49.167 64.93 72.01
4 49.167 28.80 36.25
0 49.200 76.95 42.28
1 49.200 19.64 22.94
3 49.200 90.86 39.93
2 49.271 64.94 71.99
4 49.271 28.66 36.16
0 49.300 76.94 42.28
1 49.300 19.57 22.98
3 49.300 90.86 39.78
2 49.375 64.94 71.98
4 49.375 28.53 36.08
0 49.400 76.93 42.27
1 49.400 19.51 23.03
3 49.400 90.86 39.63
2 49.479 64.95 71.97
4 49.479 28.40 36.00
0 49.500 76.93 42.27
1 49.500 19.44 23.07
3 49.500 90.86 39.48
2 49.583 64.95 71.96
4 49.583 28.26 35.92
0 49.600 76.92 42.26
1 49.600 19.37 23.12
3 49.600 90.86 39.33
2 49.687 64.96 71.94
4 49.688 28.13 35.84
0 49.700 76.91 42.26
1 49.700 19.30 23.16
3 49.700 90.86 39.18
2 49.792 64.96 71.93
4 49.792 27.99 35.76
0 49.800 76.90 42.25
1 49.800 19.23 23.21
3 49.800 90.86 39.03
2 49.896 64.97 71.92
4 49.896 27.86 35.68
0 49.900 76.89 42.25
1 49.900 19.17 23.25
3 49.900 90.86 38.88
2 50.000 64.97 71.91
0 50.000 76.88 42.24
0 50.000 76.88 42.24
1 50.000 19.10 23.30
1 50.000 19.10 23.30
2 50.000 64.97 71.91
3 50.000 90.86 38.73
3 50.000 90.86 38.73
4 50.000 27.73 35.60
4 50.000 27.73 35.60
0 50.100 76.87 42.24
1 50.100 19.05 23.42
2 50.100 64.97 71.90
3 50.100 90.91 38.60
4 50.100 27.59 35.53
0 50.200 76.86 42.24
1 50.200 19.00 23.55
2 50.200 64.97 71.89
3 50.200 90.95 38.46
4 50.200 27.46 35.46
0 50.300 76.85 42.24
1 50.300 18.95 23.68
3 50.300 90.99 38.33
4 50.300 27.33 35.39
2 50.300 64.97 71.89
0 50.400 76.85 42.24
1 50.400 18.90 23.80
3 50.400 91.04 38.19
4 50.400 27.19 35.33
2 50.400 64.96 71.88
0 50.500 76.84 42.24
1 50.500 18.85 23.93
2 50.500 64.96 71.87
3 50.500 91.08 38.06
4 50.500 27.06 35.26
0 50.600 76.83 42.24
1 50.600 18.80 24.05
2 50.600 64.96 71.87
3 50.600 91.12 37.92
4 50.600 26.93 35.19
0 50.700 76.82 42.24
1 50.700 18.75 24.18
2 50.700 64.96 71.86
3 50.700 91.16 37.79
4 50.700 26.79 35.12
0 50.800 76.81 42.24
1 50.800 18.70 24.30
3 50.800 91.21 37.65
4 50.800 26.66 35.05
2 50.800 64.96 71.85
0 50.900 76.80 42.24
1 50.900 18.65 24.43
3 50.900 91.25 37.52
4 50.900 26.53 34.98
2 50.900 64.95 71.85
0 51.000 76.79 42.24
1 51.000 18.60 24.55
3 51.000 91.29 37.38
4 51.000 26.39 34.91
2 51.000 64.95 71.84
0 51.100 76.79 42.23
1 51.100 18.55 24.68
3 51.100 91.34 37.25
4 51.100 26.26 34.85
2 51.100 64.95 71.84
0 51.200 76.78 42.23
1 51.200 18.49 24.80
3 51.200 91.38 37.11
4 51.200 26.13 34.78
2 51.200 64.95 71.83
0 51.300 76.77 42.23
1 51.300 18.44 24.93
3 51.300 91.42 36.98
4 51.300 25.99 34.71
2 51.300 64.95 71.82
0 51.400 76.76 42.23
1 51.400 18.39 25.06
3 51.400 91.46 36.84
4 51.400 25.86 34.64
2 51.400 64.94 71.82
0 51.500 76.75 42.23
1 51.500 18.34 25.18
3 51.500 91.51 36.71
4 51.500 25.73 34.57
2 51.500 64.94 71.81
0 51.600 76.74 42.23
1 51.600 18.29 25.31
3 51.600 91.55 36.57
4 51.600 25.59 34.50
2 51.600 64.94 71.80
0 51.700 76.74 42.23
1 51.700 18.24 25.43
3 51.700 91.59 36.44
4 51.700 25.46 34.43
2 51.700 64.94 71.80
0 51.800 76.73 42.23
1 51.800 18.19 25.56
3 51.800 91.64 36.30
4 51.800 25.33 34.37
2 51.800 64.94 71.79
0 51.900 76.72 42.23
1 51.900 18.14 25.68
3 51.900 91.68 36.17
4 51.900 25.19 34.30
2 51.900 64.94 71.78
0 52.000 76.71 42.23
1 52.000 18.09 25.81
3 52.000 91.72 36.03
4 52.000 25.06 34.23
2 52.000 64.93 71.78
0 52.100 76.70 42.23
1 52.100 18.04 25.93
3 52.100 91.76 35.90
4 52.100 24.93 34.16
2 52.100 64.93 71.77
0 52.200 76.69 42.22
1 52.200 17.99 26.06
3 52.200 91.81 35.76
4 52.200 24.79 34.09
2 52.200 64.93 71.76
0 52.300 76.69 42.22
1 52.300 17.94 26.19
3 52.300 91.85 35.63
4 52.300 24.66 34.02
2 52.300 64.93 71.76
0 52.400 76.68 42.22
1 52.400 17.89 26.31
3 52.400 91.89 35.49
4 52.400 24.53 33.95
2 52.400 64.93 71.75
0 52.500 76.67 42.22
0 52.500 76.67 42.22
1 52.500 17.84 26.44
1 52.500 17.84 26.44
3 52.500 91.93 35.36
3 52.500 91.93 35.36
4 52.500 24.39 33.89
4 52.500 24.39 33.89
2 52.500 64.92 71.74
1 52.600 17.77 26.51
2 52.600 64.92 71.74
0 52.604 76.62 42.20
3 52.604 91.97 35.21
4 52.604 24.24 33.84
1 52.700 17.71 26.58
2 52.700 64.92 71.73
0 52.708 76.58 42.18
3 52.708 92.01 35.06
4 52.708 24.09 33.79
1 52.800 17.64 26.66
2 52.800 64.92 71.72
0 52.812 76.53 42.16
3 52.812 92.05 34.91
4 52.812 23.94 33.75
1 52.900 17.58 26.73
2 52.900 64.92 71.72
0 52.917 76.48 42.14
3 52.917 92.09 34.77
4 52.917 23.79 33.70
1 53.000 17.51 26.80
2 53.000 64.91 71.71
0 53.021 76.44 42.12
3 53.021 92.13 34.62
4 53.021 23.65 33.66
1 53.100 17.44 26.88
2 53.100 64.91 71.70
0 53.125 76.39 42.10
3 53.125 92.17 34.47
4 53.125 23.50 33.61
1 53.200 17.38 26.95
2 53.200 64.91 71.70
0 53.229 76.35 42.08
3 53.229 92.21 34.33
4 53.229 23.35 33.56
1 53.300 17.31 27.03
2 53.300 64.91 71.69
0 53.333 76.30 42.06
3 53.333 92.25 34.18
4 53.333 23.20 33.52
1 53.400 17.25 27.10
2 53.400 64.91 71.68
0 53.438 76.25 42.04
3 53.438 92.29 34.03
4 53.438 23.05 33.47
1 53.500 17.18 27.17
2 53.500 64.90 71.68
0 53.542 76.21 42.03
3 53.542 92.33 33.88
4 53.542 22.90 33.43
1 53.600 17.11 27.25
2 53.600 64.90 71.67
0 53.646 76.16 42.01
3 53.646 92.37 33.74
4 53.646 22.75 33.38
1 53.700 17.05 27.32
2 53.700 64.90 71.66
0 53.750 76.12 41.99
3 53.750 92.41 33.59
4 53.750 22.60 33.33
1 53.800 16.98 27.39
2 53.800 64.90 71.66
0 53.854 76.07 41.97
3 53.854 92.45 33.44
4 53.854 22.45 33.29
1 53.900 16.92 27.47
2 53.900 64.90 71.65
0 53.958 76.02 41.95
3 53.958 92.48 33.30
4 53.958 22.30 33.24
1 54.000 16.85 27.54
2 54.000 64.90 71.64
0 54.062 75.98 41.93
3 54.062 92.52 33.15
4 54.062 22.15 33.19
1 54.100 16.78 27.62
2 54.100 64.89 71.64
0 54.167 75.93 41.91
3 54.167 92.56 33.00
4 54.167 22.00 33.15
1 54.200 16.72 27.69
2 54.200 64.89 71.63
0 54.271 75.89 41.89
3 54.271 92.60 32.85
4 54.271 21.85 33.10
1 54.300 16.65 27.76
2 54.300 64.89 71.62
0 54.375 75.84 41.87
3 54.375 92.64 32.71
4 54.375 21.70 33.06
1 54.400 16.59 27.84
2 54.400 64.89 71.62
0 54.479 75.79 41.85
3 54.479 92.68 32.56
4 54.479 21.56 33.01
1 54.500 16.52 27.91
2 54.500 64.89 71.61
0 54.583 75.75 41.83
3 54.583 92.72 32.41
4 54.583 21.41 32.96
1 54.600 16.45 27.98
2 54.600 64.88 71.60
0 54.688 75.70 41.81
3 54.688 92.76 32.27
4 54.688 21.26 32.92
1 54.700 16.39 28.06
2 54.700 64.88 71.60
0 54.792 75.66 41.79
3 54.792 92.80 32.12
4 54.792 21.11 32.87
1 54.800 16.32 28.13
2 54.800 64.88 71.59
0 54.896 75.61 41.77
3 54.896 92.84 31.97
4 54.896 20.96 32.83
1 54.900 16.26 28.21
2 54.900 64.88 71.58
0 55.000 75.56 41.75
0 55.000 75.56 41.75
1 55.000 16.19 28.28
1 55.000 16.19 28.28
2 55.000 64.88 71.58
3 55.000 92.88 31.82
3 55.000 92.88 31.82
4 55.000 20.81 32.78
4 55.000 20.81 32.78
2 55.000 64.88 71.58
0 55.100 75.55 41.73
3 55.100 92.93 31.76
1 55.104 16.11 28.35
2 55.104 64.85 71.53
4 55.104 20.66 32.83
0 55.200 75.53 41.72
3 55.200 92.98 31.70
1 55.208 16.03 28.42
2 55.208 64.83 71.48
4 55.208 20.51 32.88
0 55.300 75.51 41.70
3 55.300 93.03 31.64
1 55.312 15.95 28.49
2 55.312 64.80 71.44
4 55.312 20.36 32.93
0 55.400 75.50 41.69
3 55.400 93.08 31.57
1 55.417 15.88 28.56
2 55.417 64.78 71.39
4 55.417 20.22 32.98
0 55.500 75.48 41.67
3 55.500 93.13 31.51
2 55.521 64.75 71.34
1 55.521 15.80 28.63
4 55.521 20.07 33.03
0 55.600 75.46 41.66
3 55.600 93.18 31.45
1 55.625 15.72 28.70
2 55.625 64.73 71.30
4 55.625 19.92 33.08
0 55.700 75.45 41.64
3 55.700 93.23 31.39
1 55.729 15.64 28.77
2 55.729 64.71 71.25
4 55.729 19.77 33.13
0 55.800 75.43 41.62
3 55.800 93.29 31.32
2 55.833 64.68 71.20
1 55.833 15.56 28.84
4 55.833 19.62 33.18
0 55.900 75.41 41.61
3 55.900 93.34 31.26
1 55.938 15.48 28.92
2 55.938 64.66 71.16
4 55.938 19.47 33.22
0 56.000 75.39 41.59
3 56.000 93.39 31.20
1 56.042 15.41 28.99
2 56.042 64.63 71.11
4 56.042 19.33 33.27
0 56.100 75.38 41.58
3 56.100 93.44 31.14
2 56.146 64.61 71.06
1 56.146 15.33 29.06
4 56.146 19.18 33.32
0 56.200 75.36 41.56
3 56.200 93.49 31.07
1 56.250 15.25 29.13
2 56.250 64.59 71.02
4 56.250 19.03 33.37
0 56.300 75.34 41.54
3 56.300 93.54 31.01
1 56.354 15.17 29.20
2 56.354 64.56 70.97
4 56.354 18.88 33.42
0 56.400 75.33 41.53
3 56.400 93.59 30.95
2 56.458 64.54 70.92
1 56.458 15.09 29.27
4 56.458 18.73 33.47
0 56.500 75.31 41.51
3 56.500 93.64 30.89
1 56.562 15.01 29.34
2 56.562 64.51 70.87
4 56.562 18.59 33.52
0 56.600 75.29 41.50
3 56.600 93.69 30.82
1 56.667 14.94 29.41
2 56.667 64.49 70.83
4 56.667 18.44 33.57
0 56.700 75.27 41.48
3 56.700 93.74 30.76
2 56.771 64.46 70.78
1 56.771 14.86 29.48
4 56.771 18.29 33.62
0 56.800 75.26 41.47
3 56.800 93.79 30.70
2 56.875 64.44 70.73
1 56.875 14.78 29.55
4 56.875 18.14 33.67
0 56.900 75.24 41.45
3 56.900 93.85 30.64
1 56.979 14.70 29.62
2 56.979 64.42 70.69
4 56.979 17.99 33.72
0 57.000 75.22 41.43
3 57.000 93.90 30.57
2 57.083 64.39 70.64
4 57.083 17.84 33.77
1 57.083 14.62 29.69
0 57.100 75.21 41.42
3 57.100 93.95 30.51
2 57.187 64.37 70.59
1 57.188 14.54 29.76
4 57.188 17.70 33.82
0 57.200 75.19 41.40
3 57.200 94.00 30.45
1 57.292 14.47 29.83
2 57.292 64.34 70.55
4 57.292 17.55 33.87
0 57.300 75.17 41.39
3 57.300 94.05 30.39
2 57.396 64.32 70.50
4 57.396 17.40 33.92
1 57.396 14.39 29.90
0 57.400 75.16 41.37
3 57.400 94.10 30.32
2 57.500 64.29 70.45
0 57.500 75.14 41.35
0 57.500 75.14 41.35
1 57.500 14.31 29.98
1 57.500 14.31 29.98
2 57.500 64.29 70.45
3 57.500 94.15 30.26
3 57.500 94.15 30.26
4 57.500 17.25 33.97
4 57.500 17.25 33.97
0 57.600 75.14 41.35
1 57.600 14.26 30.02
2 57.600 64.25 70.39
3 57.600 94.18 30.14
4 57.600 17.10 33.98
0 57.700 75.13 41.35
1 57.700 14.21 30.06
2 57.700 64.20 70.33
3 57.700 94.21 30.01
4 57.700 16.95 34.00
0 57.800 75.13 41.35
1 57.800 14.16 30.10
2 57.800 64.15 70.27
3 57.800 94.25 29.88
4 57.800 16.80 34.02
0 57.900 75.13 41.35
1 57.900 14.11 30.15
2 57.900 64.10 70.21
3 57.900 94.28 29.76
4 57.900 16.66 34.04
0 58.000 75.12 41.35
1 58.000 14.06 30.19
2 58.000 64.05 70.15
3 58.000 94.31 29.63
4 58.000 16.51 34.06
0 58.100 75.12 41.35
1 58.100 14.00 30.23
2 58.100 64.00 70.09
3 58.100 94.34 29.51
4 58.100 16.36 34.07
0 58.200 75.12 41.35
1 58.200 13.95 30.27
2 58.200 63.95 70.03
3 58.200 94.37 29.38
4 58.200 16.21 34.09
0 58.300 75.12 41.34
1 58.300 13.90 30.32
2 58.300 63.90 69.97
3 58.300 94.40 29.26
4 58.300 16.06 34.11
0 58.400 75.11 41.34
1 58.400 13.85 30.36
2 58.400 63.85 69.91
3 58.400 94.43 29.13
4 58.400 15.91 34.13
0 58.500 75.11 41.34
1 58.500 13.80 30.40
2 58.500 63.80 69.85
3 58.500 94.47 29.00
4 58.500 15.76 34.14
0 58.600 75.11 41.34
1 58.600 13.75 30.44
2 58.600 63.75 69.79
3 58.600 94.50 28.88
4 58.600 15.61 34.16
0 58.700 75.10 41.34
1 58.700 13.70 30.49
2 58.700 63.70 69.73
3 58.700 94.53 28.75
4 58.700 15.46 34.18
0 58.800 75.10 41.34
2 58.800 63.66 69.67
3 58.800 94.56 28.63
4 58.800 15.32 34.20
1 58.800 13.65 30.53
0 58.900 75.10 41.34
1 58.900 13.60 30.57
2 58.900 63.61 69.61
3 58.900 94.59 28.50
4 58.900 15.17 34.22
0 59.000 75.10 41.34
1 59.000 13.55 30.61
2 59.000 63.56 69.55
3 59.000 94.62 28.38
4 59.000 15.02 34.23
0 59.100 75.09 41.33
1 59.100 13.50 30.66
2 59.100 63.51 69.49
3 59.100 94.66 28.25
4 59.100 14.87 34.25
0 59.200 75.09 41.33
1 59.200 13.45 30.70
2 59.200 63.46 69.43
3 59.200 94.69 28.12
4 59.200 14.72 34.27
0 59.300 75.09 41.33
3 59.300 94.72 28.00
4 59.300 14.57 34.29
1 59.300 13.40 30.74
2 59.300 63.41 69.37
0 59.400 75.08 41.33
1 59.400 13.34 30.78
2 59.400 63.36 69.31
3 59.400 94.75 27.87
4 59.400 14.42 34.31
0 59.500 75.08 41.33
1 59.500 13.29 30.83
2 59.500 63.31 69.25
3 59.500 94.78 27.75
4 59.500 14.27 34.32
0 59.600 75.08 41.33
1 59.600 13.24 30.87
2 59.600 63.26 69.19
3 59.600 94.81 27.62
4 59.600 14.12 34.34
0 59.700 75.07 41.33
1 59.700 13.19 30.91
2 59.700 63.21 69.13
3 59.700 94.85 27.50
4 59.700 13.97 34.36
0 59.800 75.07 41.33
3 59.800 94.88 27.37
4 59.800 13.83 34.38
1 59.800 13.14 30.95
2 59.800 63.16 69.07
0 59.900 75.07 41.32
1 59.900 13.09 31.00
2 59.900 63.12 69.01
3 59.900 94.91 27.24
4 59.900 13.68 34.39
0 60.000 75.07 41.32
1 60.000 13.04 31.04
1 60.000 13.04 31.04
2 60.000 63.07 68.95
2 60.000 63.07 68.95
3 60.000 94.94 27.12
3 60.000 94.94 27.12
4 60.000 13.53 34.41
4 60.000 13.53 34.41
0 60.100 75.06 41.32
1 60.100 13.13 31.07
2 60.100 63.03 68.93
3 60.100 95.00 26.98
4 60.104 13.40 34.51
0 60.200 75.06 41.32
1 60.200 13.22 31.09
2 60.200 63.00 68.91
3 60.200 95.06 26.85
4 60.208 13.28 34.60
0 60.300 75.06 41.32
1 60.300 13.32 31.12
2 60.300 62.97 68.90
3 60.300 95.13 26.71
4 60.312 13.15 34.69
0 60.400 75.05 41.32
1 60.400 13.41 31.15
2 60.400 62.94 68.88
3 60.400 95.19 26.57
4 60.417 13.03 34.78
0 60.500 75.05 41.32
1 60.500 13.50 31.18
2 60.500 62.91 68.86
3 60.500 95.25 26.44
4 60.521 12.90 34.88
0 60.600 75.05 41.31
1 60.600 13.59 31.20
2 60.600 62.88 68.85
3 60.600 95.31 26.30
4 60.625 12.77 34.97
0 60.700 75.05 41.31
1 60.700 13.68 31.23
2 60.700 62.84 68.83
3 60.700 95.37 26.16
4 60.729 12.65 35.06
0 60.800 75.04 41.31
1 60.800 13.78 31.26
3 60.800 95.43 26.03
2 60.800 62.81 68.81
4 60.833 12.52 35.16
0 60.900 75.04 41.31
1 60.900 13.87 31.28
2 60.900 62.78 68.80
3 60.900 95.50 25.89
4 60.938 12.40 35.25
0 61.000 75.04 41.31
1 61.000 13.96 31.31
2 61.000 62.75 68.78
3 61.000 95.56 25.75
4 61.042 12.27 35.34
0 61.100 75.03 41.31
1 61.100 14.05 31.34
2 61.100 62.72 68.76
3 61.100 95.62 25.62
4 61.146 12.15 35.43
0 61.200 75.03 41.31
1 61.200 14.15 31.36
2 61.200 62.68 68.74
3 61.200 95.68 25.48
4 61.250 12.02 35.53
0 61.300 75.03 41.31
3 61.300 95.74 25.34
1 61.300 14.24 31.39
2 61.300 62.65 68.73
4 61.354 11.89 35.62
0 61.400 75.03 41.30
1 61.400 14.33 31.42
3 61.400 95.80 25.20
2 61.400 62.62 68.71
4 61.458 11.77 35.71
0 61.500 75.02 41.30
1 61.500 14.42 31.45
2 61.500 62.59 68.69
3 61.500 95.87 25.07
4 61.562 11.64 35.81
0 61.600 75.02 41.30
1 61.600 14.51 31.47
2 61.600 62.56 68.68
3 61.600 95.93 24.93
4 61.667 11.52 35.90
0 61.700 75.02 41.30
1 61.700 14.61 31.50
2 61.700 62.52 68.66
3 61.700 95.99 24.79
4 61.771 11.39 35.99
0 61.800 75.01 41.30
3 61.800 96.05 24.66
1 61.800 14.70 31.53
2 61.800 62.49 68.64
4 61.875 11.27 36.08
0 61.900 75.01 41.30
1 61.900 14.79 31.55
3 61.900 96.11 24.52
2 61.900 62.46 68.62
4 61.979 11.14 36.18
0 62.000 75.01 41.30
1 62.000 14.88 31.58
2 62.000 62.43 68.61
3 62.000 96.18 24.38
4 62.083 11.01 36.27
0 62.100 75.01 41.30
1 62.100 14.98 31.61
2 62.100 62.40 68.59
3 62.100 96.24 24.25
4 62.188 10.89 36.36
0 62.200 75.00 41.29
1 62.200 15.07 31.64
2 62.200 62.37 68.57
3 62.200 96.30 24.11
4 62.292 10.76 36.46
0 62.300 75.00 41.29
3 62.300 96.36 23.97
1 62.300 15.16 31.66
2 62.300 62.33 68.56
4 62.396 10.64 36.55
0 62.400 75.00 41.29
1 62.400 15.25 31.69
3 62.400 96.42 23.84
2 62.400 62.30 68.54
0 62.500 74.99 41.29
0 62.500 74.99 41.29
1 62.500 15.34 31.72
1 62.500 15.34 31.72
3 62.500 96.48 23.70
3 62.500 96.48 23.70
4 62.500 10.51 36.64
4 62.500 10.51 36.64
2 62.500 62.27 68.52
0 62.600 74.99 41.27
2 62.600 62.24 68.51
3 62.600 96.59 23.60
4 62.600 10.65 36.59
1 62.604 15.50 31.71
0 62.700 74.98 41.25
2 62.700 62.21 68.49
3 62.700 96.70 23.50
4 62.700 10.80 36.55
1 62.708 15.66 31.70
3 62.800 96.81 23.40
4 62.800 10.94 36.50
0 62.800 74.97 41.23
2 62.800 62.17 68.47
1 62.812 15.81 31.69
3 62.900 96.92 23.29
4 62.900 11.08 36.46
0 62.900 74.96 41.22
2 62.900 62.14 68.45
1 62.917 15.97 31.69
0 63.000 74.95 41.20
3 63.000 97.03 23.19
4 63.000 11.23 36.41
2 63.000 62.11 68.44
1 63.021 16.12 31.68
0 63.100 74.94 41.18
3 63.100 97.14 23.09
4 63.100 11.37 36.36
2 63.100 62.08 68.42
1 63.125 16.28 31.67
0 63.200 74.93 41.16
2 63.200 62.05 68.40
3 63.200 97.25 22.99
4 63.200 11.51 36.32
1 63.229 16.44 31.67
3 63.300 97.36 22.88
4 63.300 11.65 36.27
0 63.300 74.92 41.14
2 63.300 62.01 68.39
1 63.333 16.59 31.66
3 63.400 97.47 22.78
4 63.400 11.80 36.23
0 63.400 74.91 41.12
2 63.400 61.98 68.37
1 63.438 16.75 31.65
3 63.500 97.58 22.68
4 63.500 11.94 36.18
0 63.500 74.90 41.10
2 63.500 61.95 68.35
1 63.542 16.90 31.64
3 63.600 97.69 22.58
4 63.600 12.08 36.13
0 63.600 74.89 41.08
2 63.600 61.92 68.34
1 63.646 17.06 31.64
2 63.700 61.89 68.32
3 63.700 97.80 22.48
4 63.700 12.22 36.09
0 63.700 74.88 41.07
1 63.750 17.22 31.63
3 63.800 97.91 22.37
4 63.800 12.37 36.04
2 63.800 61.85 68.30
0 63.800 74.88 41.05
1 63.854 17.37 31.62
3 63.900 98.02 22.27
4 63.900 12.51 36.00
0 63.900 74.87 41.03
2 63.900 61.82 68.28
1 63.958 17.53 31.61
2 64.000 61.79 68.27
3 64.000 98.13 22.17
4 64.000 12.65 35.95
0 64.000 74.86 41.01
1 64.062 17.68 31.61
3 64.100 98.24 22.07
4 64.100 12.80 35.90
0 64.100 74.85 40.99
2 64.100 61.76 68.25
1 64.167 17.84 31.60
2 64.200 61.73 68.23
3 64.200 98.35 21.97
4 64.200 12.94 35.86
0 64.200 74.84 40.97
1 64.271 18.00 31.59
3 64.300 98.46 21.86
4 64.300 13.08 35.81
0 64.300 74.83 40.95
2 64.300 61.70 68.22
1 64.375 18.15 31.58
0 64.400 74.82 40.93
2 64.400 61.66 68.20
3 64.400 98.57 21.76
4 64.400 13.22 35.77
1 64.479 18.31 31.58
3 64.500 98.68 21.66
4 64.500 13.37 35.72
0 64.500 74.81 40.92
2 64.500 61.63 68.18
1 64.583 18.47 31.57
3 64.600 98.79 21.56
4 64.600 13.51 35.67
0 64.600 74.80 40.90
2 64.600 61.60 68.16
1 64.688 18.62 31.56
2 64.700 61.57 68.15
3 64.700 98.90 21.46
4 64.700 13.65 35.63
0 64.700 74.79 40.88
1 64.792 18.78 31.55
3 64.800 99.01 21.35
4 64.800 13.80 35.58
0 64.800 74.78 40.86
2 64.800 61.54 68.13
1 64.896 18.93 31.55
2 64.900 61.50 68.11
3 64.900 99.12 21.25
4 64.900 13.94 35.54
0 64.900 74.78 40.84
0 65.000 74.77 40.82
1 65.000 19.09 31.54
1 65.000 19.09 31.54
2 65.000 61.47 68.10
3 65.000 99.23 21.15
3 65.000 99.23 21.15
4 65.000 14.08 35.49
4 65.000 14.08 35.49
0 65.000 74.77 40.82
2 65.000 61.47 68.10
0 65.100 74.76 40.79
1 65.100 19.24 31.51
2 65.100 61.45 68.08
3 65.100 99.34 21.11
4 65.104 14.23 35.44
0 65.200 74.75 40.75
1 65.200 19.38 31.48
2 65.200 61.43 68.06
3 65.200 99.44 21.07
4 65.208 14.38 35.39
0 65.300 74.74 40.71
1 65.300 19.53 31.46
2 65.300 61.41 68.05
3 65.300 99.55 21.04
4 65.312 14.52 35.33
0 65.400 74.73 40.68
1 65.400 19.68 31.43
2 65.400 61.38 68.03
3 65.400 99.65 21.00
4 65.417 14.67 35.28
0 65.500 74.72 40.64
1 65.500 19.83 31.40
2 65.500 61.36 68.01
3 65.500 99.76 20.96
4 65.521 14.82 35.23
0 65.600 74.71 40.60
1 65.600 19.97 31.37
2 65.600 61.34 68.00
3 65.600 99.86 20.93
4 65.625 14.97 35.18
0 65.700 74.70 40.57
1 65.700 20.12 31.34
2 65.700 61.32 67.98
3 65.700 99.97 20.89
4 65.729 15.11 35.13
0 65.800 74.69 40.53
1 65.800 20.27 31.32
2 65.800 61.30 67.97
3 65.800 100.07 20.85
4 65.833 15.26 35.08
0 65.900 74.68 40.49
1 65.900 20.42 31.29
2 65.900 61.27 67.95
3 65.900 100.18 20.81
4 65.938 15.41 35.02
0 66.000 74.67 40.46
1 66.000 20.56 31.26
2 66.000 61.25 67.93
3 66.000 100.28 20.78
4 66.042 15.56 34.97
0 66.100 74.66 40.42
1 66.100 20.71 31.23
2 66.100 61.23 67.92
3 66.100 100.39 20.74
4 66.146 15.70 34.92
0 66.200 74.65 40.38
1 66.200 20.86 31.21
2 66.200 61.21 67.90
3 66.200 100.49 20.70
4 66.250 15.85 34.87
0 66.300 74.64 40.35
1 66.300 21.01 31.18
2 66.300 61.19 67.88
3 66.300 100.60 20.66
4 66.354 16.00 34.82
0 66.400 74.63 40.31
1 66.400 21.15 31.15
2 66.400 61.16 67.87
3 66.400 100.70 20.63
4 66.458 16.14 34.77
0 66.500 74.62 40.27
1 66.500 21.30 31.12
2 66.500 61.14 67.85
3 66.500 100.81 20.59
4 66.562 16.29 34.71
0 66.600 74.61 40.24
1 66.600 21.45 31.09
2 66.600 61.12 67.83
3 66.600 100.91 20.55
4 66.667 16.44 34.66
0 66.700 74.60 40.20
1 66.700 21.60 31.07
2 66.700 61.10 67.82
3 66.700 101.02 20.51
4 66.771 16.59 34.61
0 66.800 74.59 40.17
1 66.800 21.74 31.04
2 66.800 61.08 67.80
3 66.800 101.12 20.48
4 66.875 16.73 34.56
0 66.900 74.58 40.13
1 66.900 21.89 31.01
2 66.900 61.06 67.78
3 66.900 101.23 20.44
4 66.979 16.88 34.51
0 67.000 74.57 40.09
1 67.000 22.04 30.98
2 67.000 61.03 67.77
3 67.000 101.33 20.40
4 67.083 17.03 34.46
0 67.100 74.56 40.06
1 67.100 22.18 30.95
2 67.100 61.01 67.75
3 67.100 101.44 20.36
4 67.188 17.18 34.40
0 67.200 74.55 40.02
1 67.200 22.33 30.93
2 67.200 60.99 67.74
3 67.200 101.54 20.33
4 67.292 17.32 34.35
0 67.300 74.54 39.98
1 67.300 22.48 30.90
2 67.300 60.97 67.72
3 67.300 101.65 20.29
4 67.396 17.47 34.30
0 67.400 74.53 39.95
1 67.400 22.63 30.87
2 67.400 60.95 67.70
3 67.400 101.75 20.25
0 67.500 74.52 39.91
0 67.500 74.52 39.91
1 67.500 22.77 30.84
1 67.500 22.77 30.84
2 67.500 60.92 67.69
2 67.500 60.92 67.69
3 67.500 101.86 20.21
3 67.500 101.86 20.21
4 67.500 17.62 34.25
4 67.500 17.62 34.25
1 67.600 22.91 30.78
3 67.600 101.92 20.24
0 67.604 74.53 39.88
2 67.604 60.89 67.63
4 67.604 17.73 34.26
1 67.700 23.04 30.71
3 67.700 101.98 20.26
0 67.708 74.53 39.85
2 67.708 60.85 67.57
4 67.708 17.83 34.27
1 67.800 23.18 30.64
3 67.800 102.05 20.28
0 67.812 74.53 39.82
2 67.812 60.81 67.51
4 67.812 17.94 34.27
1 67.900 23.31 30.58
3 67.900 102.11 20.30
0 67.917 74.54 39.79
2 67.917 60.77 67.45
4 67.917 18.05 34.28
1 68.000 23.45 30.51
3 68.000 102.17 20.32
0 68.021 74.54 39.77
2 68.021 60.74 67.39
4 68.021 18.15 34.29
1 68.100 23.58 30.44
3 68.100 102.24 20.34
0 68.125 74.54 39.74
2 68.125 60.70 67.33
4 68.125 18.26 34.30
1 68.200 23.71 30.38
3 68.200 102.30 20.36
0 68.229 74.55 39.71
2 68.229 60.66 67.27
4 68.229 18.37 34.31
1 68.300 23.85 30.31
3 68.300 102.37 20.38
0 68.333 74.55 39.68
2 68.333 60.62 67.21
4 68.333 18.47 34.32
1 68.400 23.98 30.24
3 68.400 102.43 20.40
0 68.438 74.55 39.65
2 68.438 60.58 67.15
4 68.438 18.58 34.33
1 68.500 24.12 30.18
3 68.500 102.49 20.42
0 68.542 74.56 39.62
2 68.542 60.55 67.10
4 68.542 18.69 34.33
1 68.600 24.25 30.11
3 68.600 102.56 20.44
0 68.646 74.56 39.59
2 68.646 60.51 67.04
4 68.646 18.79 34.34
1 68.700 24.39 30.04
3 68.700 102.62 20.46
0 68.750 74.57 39.56
2 68.750 60.47 66.98
4 68.750 18.90 34.35
1 68.800 24.52 29.98
3 68.800 102.69 20.48
0 68.854 74.57 39.53
2 68.854 60.43 66.92
4 68.854 19.01 34.36
1 68.900 24.65 29.91
3 68.900 102.75 20.50
0 68.958 74.57 39.50
2 68.958 60.40 66.86
4 68.958 19.11 34.37
1 69.000 24.79 29.84
3 69.000 102.81 20.52
0 69.062 74.58 39.48
2 69.062 60.36 66.80
4 69.062 19.22 34.38
1 69.100 24.92 29.78
3 69.100 102.88 20.54
0 69.167 74.58 39.45
2 69.167 60.32 66.74
4 69.167 19.33 34.39
1 69.200 25.06 29.71
3 69.200 102.94 20.56
0 69.271 74.58 39.42
2 69.271 60.28 66.68
4 69.271 19.43 34.39
1 69.300 25.19 29.64
3 69.300 103.01 20.58
0 69.375 74.59 39.39
2 69.375 60.25 66.62
4 69.375 19.54 34.40
1 69.400 25.33 29.57
3 69.400 103.07 20.60
0 69.479 74.59 39.36
2 69.479 60.21 66.56
4 69.479 19.65 34.41
1 69.500 25.46 29.51
3 69.500 103.13 20.62
0 69.583 74.59 39.33
2 69.583 60.17 66.50
4 69.583 19.75 34.42
1 69.600 25.59 29.44
3 69.600 103.20 20.64
0 69.687 74.60 39.30
2 69.687 60.13 66.45
4 69.688 19.86 34.43
1 69.700 25.73 29.37
3 69.700 103.26 20.66
0 69.792 74.60 39.27
2 69.792 60.10 66.39
4 69.792 19.96 34.44
1 69.800 25.86 29.31
3 69.800 103.32 20.68
0 69.896 74.61 39.24
2 69.896 60.06 66.33
4 69.896 20.07 34.45
1 69.900 26.00 29.24
3 69.900 103.39 20.70
0 70.000 74.61 39.21
2 70.000 60.02 66.27
0 70.000 74.61 39.21
1 70.000 26.13 29.17
1 70.000 26.13 29.17
2 70.000 60.02 66.27
3 70.000 103.45 20.72
3 70.000 103.45 20.72
4 70.000 20.18 34.45
4 70.000 20.18 34.45
0 70.100 74.60 39.14
1 70.100 26.21 29.12
3 70.100 103.46 20.72
4 70.100 20.24 34.40
2 70.104 59.94 66.20
0 70.200 74.60 39.07
1 70.200 26.29 29.07
3 70.200 103.46 20.72
4 70.200 20.29 34.34
2 70.208 59.86 66.12
0 70.300 74.59 38.99
1 70.300 26.37 29.02
3 70.300 103.47 20.72
4 70.300 20.35 34.28
2 70.312 59.78 66.05
0 70.400 74.59 38.92
1 70.400 26.45 28.97
3 70.400 103.48 20.72
4 70.400 20.41 34.22
2 70.417 59.70 65.98
0 70.500 74.58 38.84
1 70.500 26.53 28.92
3 70.500 103.48 20.72
4 70.500 20.47 34.17
2 70.521 59.62 65.91
0 70.600 74.57 38.77
1 70.600 26.61 28.87
3 70.600 103.49 20.72
4 70.600 20.53 34.11
2 70.625 59.54 65.84
0 70.700 74.57 38.69
1 70.700 26.69 28.82
3 70.700 103.50 20.72
4 70.700 20.59 34.05
2 70.729 59.46 65.76
0 70.800 74.56 38.62
1 70.800 26.77 28.76
3 70.800 103.50 20.72
4 70.800 20.65 33.99
2 70.833 59.38 65.69
0 70.900 74.56 38.54
1 70.900 26.85 28.71
3 70.900 103.51 20.72
4 70.900 20.70 33.94
2 70.938 59.30 65.62
0 71.000 74.55 38.47
1 71.000 26.93 28.66
3 71.000 103.51 20.72
4 71.000 20.76 33.88
2 71.042 59.22 65.55
1 71.100 27.01 28.61
3 71.100 103.52 20.72
4 71.100 20.82 33.82
0 71.100 74.55 38.39
2 71.146 59.14 65.47
0 71.200 74.54 38.32
1 71.200 27.09 28.56
3 71.200 103.53 20.72
4 71.200 20.88 33.76
2 71.250 59.06 65.40
0 71.300 74.53 38.24
1 71.300 27.16 28.51
3 71.300 103.53 20.72
4 71.300 20.94 33.71
2 71.354 58.98 65.33
0 71.400 74.53 38.17
1 71.400 27.24 28.46
3 71.400 103.54 20.72
4 71.400 21.00 33.65
2 71.458 58.90 65.26
0 71.500 74.52 38.09
1 71.500 27.32 28.41
3 71.500 103.55 20.72
4 71.500 21.05 33.59
2 71.562 58.82 65.19
1 71.600 27.40 28.36
3 71.600 103.55 20.71
4 71.600 21.11 33.53
0 71.600 74.52 38.02
2 71.667 58.74 65.11
0 71.700 74.51 37.95
1 71.700 27.48 28.30
3 71.700 103.56 20.71
4 71.700 21.17 33.48
2 71.771 58.66 65.04
0 71.800 74.51 37.87
1 71.800 27.56 28.25
3 71.800 103.57 20.71
4 71.800 21.23 33.42
2 71.875 58.58 64.97
0 71.900 74.50 37.80
1 71.900 27.64 28.20
3 71.900 103.57 20.71
4 71.900 21.29 33.36
2 71.979 58.50 64.90
0 72.000 74.50 37.72
1 72.000 27.72 28.15
3 72.000 103.58 20.71
4 72.000 21.35 33.30
2 72.083 58.42 64.82
1 72.100 27.80 28.10
3 72.100 103.58 20.71
4 72.100 21.40 33.25
0 72.100 74.49 37.65
2 72.188 58.34 64.75
0 72.200 74.48 37.57
1 72.200 27.88 28.05
3 72.200 103.59 20.71
4 72.200 21.46 33.19
2 72.292 58.26 64.68
1 72.300 27.96 28.00
3 72.300 103.60 20.71
4 72.300 21.52 33.13
0 72.300 74.48 37.50
2 72.396 58.18 64.61
0 72.400 74.47 37.42
1 72.400 28.04 27.95
3 72.400 103.60 20.71
4 72.400 21.58 33.07
0 72.500 74.47 37.35
0 72.500 74.47 37.35
1 72.500 28.12 27.89
1 72.500 28.12 27.89
2 72.500 58.10 64.54
2 72.500 58.10 64.54
3 72.500 103.61 20.71
4 72.500 21.64 33.02
4 72.500 21.64 33.02
0 72.600 74.47 37.30
1 72.600 28.22 27.82
2 72.600 57.99 64.43
3 72.600 103.62 20.71
4 72.602 21.64 33.01
0 72.700 74.48 37.26
1 72.700 28.31 27.75
2 72.700 57.89 64.32
3 72.700 103.62 20.71
4 72.704 21.64 33.00
0 72.800 74.48 37.21
1 72.800 28.41 27.67
2 72.800 57.79 64.21
3 72.800 103.63 20.71
4 72.806 21.64 33.00
0 72.900 74.49 37.17
1 72.900 28.51 27.60
2 72.900 57.68 64.10
3 72.900 103.63 20.71
4 72.908 21.65 32.99
0 73.000 74.49 37.12
1 73.000 28.61 27.52
2 73.000 57.58 63.99
3 73.000 103.64 20.71
4 73.010 21.65 32.98
0 73.100 74.50 37.08
1 73.100 28.71 27.45
2 73.100 57.47 63.88
3 73.100 103.65 20.71
4 73.112 21.65 32.98
0 73.200 74.50 37.03
1 73.200 28.80 27.37
2 73.200 57.37 63.78
3 73.200 103.65 20.71
4 73.214 21.65 32.97
0 73.300 74.50 36.98
1 73.300 28.90 27.30
2 73.300 57.27 63.67
3 73.300 103.66 20.71
4 73.316 21.65 32.96
0 73.400 74.51 36.94
1 73.400 29.00 27.22
2 73.400 57.16 63.56
3 73.400 103.67 20.71
4 73.418 21.66 32.96
0 73.500 74.51 36.89
1 73.500 29.10 27.15
2 73.500 57.06 63.45
3 73.500 103.67 20.71
4 73.520 21.66 32.95
0 73.600 74.52 36.85
1 73.600 29.19 27.07
3 73.600 103.68 20.70
2 73.600 56.96 63.34
4 73.622 21.66 32.94
0 73.700 74.52 36.80
1 73.700 29.29 27.00
2 73.700 56.85 63.23
3 73.700 103.68 20.70
4 73.724 21.66 32.94
0 73.800 74.53 36.76
1 73.800 29.39 26.92
2 73.800 56.75 63.12
3 73.800 103.69 20.70
4 73.827 21.67 32.93
0 73.900 74.53 36.71
1 73.900 29.49 26.85
2 73.900 56.65 63.01
3 73.900 103.70 20.70
4 73.929 21.67 32.92
0 74.000 74.54 36.67
1 74.000 29.59 26.77
2 74.000 56.54 62.91
3 74.000 103.70 20.70
4 74.031 21.67 32.92
0 74.100 74.54 36.62
1 74.100 29.68 26.70
3 74.100 103.71 20.70
2 74.100 56.44 62.80
4 74.133 21.67 32.91
0 74.200 74.55 36.58
1 74.200 29.78 26.62
2 74.200 56.34 62.69
3 74.200 103.72 20.70
4 74.235 21.67 32.90
0 74.300 74.55 36.53
1 74.300 29.88 26.55
2 74.300 56.23 62.58
3 74.300 103.72 20.70
4 74.337 21.68 32.89
0 74.400 74.56 36.48
1 74.400 29.98 26.48
2 74.400 56.13 62.47
3 74.400 103.73 20.70
4 74.439 21.68 32.89
0 74.500 74.56 36.44
1 74.500 30.07 26.40
2 74.500 56.03 62.36
3 74.500 103.73 20.70
4 74.541 21.68 32.88
0 74.600 74.57 36.39
1 74.600 30.17 26.33
3 74.600 103.74 20.70
2 74.600 55.92 62.25
4 74.643 21.68 32.87
0 74.700 74.57 36.35
1 74.700 30.27 26.25
2 74.700 55.82 62.14
3 74.700 103.75 20.70
4 74.745 21.69 32.87
0 74.800 74.58 36.30
1 74.800 30.37 26.18
2 74.800 55.72 62.04
3 74.800 103.75 20.70
4 74.847 21.69 32.86
0 74.900 74.58 36.26
1 74.900 30.47 26.10
2 74.900 55.61 61.93
3 74.900 103.76 20.70
4 74.949 21.69 32.85
0 75.000 74.59 36.21
0 75.000 74.59 36.21
1 75.000 30.56 26.03
1 75.000 30.56 26.03
2 75.000 55.51 61.82
2 75.000 55.51 61.82
3 75.000 103.77 20.70
4 75.051 21.69 32.85
0 75.100 74.58 36.18
1 75.100 30.68 25.93
2 75.100 55.36 61.83
3 75.100 103.77 20.70
4 75.153 21.69 32.84
0 75.200 74.58 36.15
1 75.200 30.79 25.83
2 75.200 55.21 61.85
3 75.200 103.78 20.70
4 75.255 21.70 32.83
0 75.300 74.58 36.11
1 75.300 30.91 25.74
2 75.300 55.06 61.86
3 75.300 103.79 20.70
4 75.357 21.70 32.83
0 75.400 74.58 36.08
1 75.400 31.02 25.64
2 75.400 54.91 61.88
3 75.400 103.79 20.70
4 75.459 21.70 32.82
0 75.500 74.58 36.05
1 75.500 31.14 25.54
2 75.500 54.76 61.89
3 75.500 103.80 20.70
4 75.561 21.70 32.81
0 75.600 74.58 36.01
1 75.600 31.25 25.45
2 75.600 54.61 61.91
3 75.600 103.80 20.70
4 75.663 21.70 32.81
0 75.700 74.58 35.98
1 75.700 31.37 25.35
2 75.700 54.47 61.92
3 75.700 103.81 20.69
4 75.765 21.71 32.80
0 75.800 74.57 35.95
1 75.800 31.48 25.25
2 75.800 54.32 61.93
3 75.800 103.82 20.69
4 75.867 21.71 32.79
0 75.900 74.57 35.91
1 75.900 31.59 25.16
2 75.900 54.17 61.95
3 75.900 103.82 20.69
4 75.969 21.71 32.79
0 76.000 74.57 35.88
1 76.000 31.71 25.06
2 76.000 54.02 61.96
3 76.000 103.83 20.69
4 76.071 21.71 32.78
0 76.100 74.57 35.85
1 76.100 31.82 24.96
2 76.100 53.87 61.98
3 76.100 103.84 20.69
4 76.173 21.72 32.77
0 76.200 74.57 35.82
1 76.200 31.94 24.87
2 76.200 53.72 61.99
3 76.200 103.84 20.69
4 76.276 21.72 32.77
0 76.300 74.57 35.78
1 76.300 32.05 24.77
2 76.300 53.57 62.01
3 76.300 103.85 20.69
4 76.378 21.72 32.76
0 76.400 74.57 35.75
1 76.400 32.17 24.67
2 76.400 53.42 62.02
3 76.400 103.85 20.69
4 76.480 21.72 32.75
0 76.500 74.56 35.72
1 76.500 32.28 24.58
2 76.500 53.27 62.04
3 76.500 103.86 20.69
4 76.582 21.72 32.75
0 76.600 74.56 35.68
1 76.600 32.40 24.48
2 76.600 53.12 62.05
3 76.600 103.87 20.69
4 76.684 21.73 32.74
0 76.700 74.56 35.65
1 76.700 32.51 24.38
2 76.700 52.97 62.06
3 76.700 103.87 20.69
4 76.786 21.73 32.73
0 76.800 74.56 35.62
1 76.800 32.63 24.29
2 76.800 52.82 62.08
3 76.800 103.88 20.69
4 76.888 21.73 32.73
0 76.900 74.56 35.58
1 76.900 32.74 24.19
2 76.900 52.67 62.09
3 76.900 103.89 20.69
4 76.990 21.73 32.72
0 77.000 74.56 35.55
1 77.000 32.86 24.09
2 77.000 52.52 62.11
3 77.000 103.89 20.69
4 77.092 21.74 32.71
0 77.100 74.56 35.52
1 77.100 32.97 23.99
2 77.100 52.38 62.12
3 77.100 103.90 20.69
4 77.194 21.74 32.71
0 77.200 74.56 35.49
1 77.200 33.08 23.90
2 77.200 52.23 62.14
3 77.200 103.90 20.69
4 77.296 21.74 32.70
0 77.300 74.55 35.45
1 77.300 33.20 23.80
2 77.300 52.08 62.15
3 77.300 103.91 20.69
4 77.398 21.74 32.69
0 77.400 74.55 35.42
1 77.400 33.31 23.70
2 77.400 51.93 62.17
3 77.400 103.92 20.69
4 77.500 21.74 32.68
0 77.500 74.55 35.39
0 77.500 74.55 35.39
1 77.500 33.43 23.61
1 77.500 33.43 23.61
2 77.500 51.78 62.18
2 77.500 51.78 62.18
3 77.500 103.92 20.69
4 77.500 21.74 32.68
0 77.600 74.57 35.36
1 77.600 33.56 23.53
2 77.600 51.73 62.21
3 77.600 103.93 20.69
4 77.600 21.75 32.67
0 77.700 74.60 35.33
1 77.700 33.68 23.45
2 77.700 51.67 62.23
3 77.700 103.94 20.69
4 77.700 21.75 32.65
0 77.800 74.62 35.30
1 77.800 33.81 23.37
2 77.800 51.62 62.26
3 77.800 103.94 20.68
4 77.800 21.75 32.64
0 77.900 74.64 35.27
1 77.900 33.94 23.29
2 77.900 51.57 62.28
3 77.900 103.95 20.68
4 77.900 21.76 32.62
0 78.000 74.67 35.24
1 78.000 34.07 23.22
2 78.000 51.52 62.31
3 78.000 103.95 20.68
4 78.000 21.76 32.61
0 78.100 74.69 35.21
1 78.100 34.20 23.14
2 78.100 51.46 62.33
3 78.100 103.96 20.68
4 78.100 21.76 32.59
0 78.200 74.71 35.18
1 78.200 34.32 23.06
2 78.200 51.41 62.36
3 78.200 103.97 20.68
4 78.200 21.77 32.58
0 78.300 74.73 35.16
1 78.300 34.45 22.98
2 78.300 51.36 62.38
3 78.300 103.97 20.68
4 78.300 21.77 32.56
0 78.400 74.76 35.13
1 78.400 34.58 22.90
2 78.400 51.31 62.41
3 78.400 103.98 20.68
4 78.400 21.77 32.55
0 78.500 74.78 35.10
1 78.500 34.71 22.82
2 78.500 51.25 62.43
3 78.500 103.99 20.68
4 78.500 21.77 32.53
0 78.600 74.80 35.07
1 78.600 34.84 22.75
2 78.600 51.20 62.46
3 78.600 103.99 20.68
4 78.600 21.78 32.52
0 78.700 74.83 35.04
1 78.700 34.96 22.67
2 78.700 51.15 62.49
3 78.700 104.00 20.68
4 78.700 21.78 32.50
0 78.800 74.85 35.01
1 78.800 35.09 22.59
2 78.800 51.10 62.51
3 78.800 104.01 20.68
4 78.800 21.78 32.49
0 78.900 74.87 34.98
1 78.900 35.22 22.51
2 78.900 51.04 62.54
3 78.900 104.01 20.68
4 78.900 21.79 32.47
0 79.000 74.90 34.95
1 79.000 35.35 22.43
2 79.000 50.99 62.56
3 79.000 104.02 20.68
4 79.000 21.79 32.46
0 79.100 74.92 34.92
1 79.100 35.48 22.35
2 79.100 50.94 62.59
3 79.100 104.02 20.68
4 79.100 21.79 32.44
0 79.200 74.94 34.90
1 79.200 35.60 22.28
2 79.200 50.89 62.61
3 79.200 104.03 20.68
4 79.200 21.80 32.43
0 79.300 74.96 34.87
1 79.300 35.73 22.20
2 79.300 50.83 62.64
3 79.300 104.04 20.68
4 79.300 21.80 32.41
0 79.400 74.99 34.84
1 79.400 35.86 22.12
2 79.400 50.78 62.66
3 79.400 104.04 20.68
4 79.400 21.80 32.40
0 79.500 75.01 34.81
1 79.500 35.99 22.04
2 79.500 50.73 62.69
3 79.500 104.05 20.68
4 79.500 21.80 32.38
0 79.600 75.03 34.78
2 79.600 50.68 62.71
3 79.600 104.06 20.68
1 79.600 36.11 21.96
4 79.600 21.81 32.37
0 79.700 75.06 34.75
1 79.700 36.24 21.88
2 79.700 50.62 62.74
3 79.700 104.06 20.68
4 79.700 21.81 32.35
0 79.800 75.08 34.72
1 79.800 36.37 21.81
2 79.800 50.57 62.76
3 79.800 104.07 20.68
4 79.800 21.81 32.34
0 79.900 75.10 34.69
1 79.900 36.50 21.73
2 79.900 50.52 62.79
3 79.900 104.07 20.67
4 79.900 21.82 32.32
0 80.000 75.12 34.66
0 80.000 75.12 34.66
1 80.000 36.63 21.65
1 80.000 36.63 21.65
2 80.000 50.47 62.82
2 80.000 50.47 62.82
3 80.000 104.08 20.67
4 80.000 21.82 32.31
2 80.100 50.41 62.83
3 80.100 104.09 20.67
4 80.100 21.82 32.29
0 80.102 75.16 34.66
1 80.104 36.76 21.57
2 80.200 50.36 62.84
3 80.200 104.09 20.67
4 80.200 21.83 32.28
0 80.204 75.19 34.66
1 80.208 36.90 21.49
2 80.300 50.30 62.85
3 80.300 104.10 20.67
4 80.300 21.83 32.26
0 80.306 75.22 34.65
1 80.312 37.03 21.42
2 80.400 50.25 62.86
3 80.400 104.11 20.67
4 80.400 21.83 32.25
0 80.408 75.26 34.65
1 80.417 37.17 21.34
2 80.500 50.19 62.87
3 80.500 104.11 20.67
4 80.500 21.83 32.23
0 80.510 75.29 34.64
1 80.521 37.31 21.26
2 80.600 50.14 62.88
3 80.600 104.12 20.67
4 80.600 21.84 32.22
0 80.612 75.32 34.64
1 80.625 37.44 21.19
2 80.700 50.08 62.89
3 80.700 104.12 20.67
4 80.700 21.84 32.20
0 80.714 75.36 34.64
1 80.729 37.58 21.11
2 80.800 50.03 62.90
3 80.800 104.13 20.67
4 80.800 21.84 32.19
0 80.816 75.39 34.63
1 80.833 37.71 21.03
2 80.900 49.97 62.91
3 80.900 104.14 20.67
4 80.900 21.85 32.17
0 80.918 75.42 34.63
1 80.938 37.85 20.95
2 81.000 49.92 62.93
3 81.000 104.14 20.67
4 81.000 21.85 32.16
0 81.020 75.45 34.62
1 81.042 37.98 20.88
2 81.100 49.86 62.94
3 81.100 104.15 20.67
4 81.100 21.85 32.14
0 81.122 75.49 34.62
1 81.146 38.12 20.80
2 81.200 49.81 62.95
3 81.200 104.16 20.67
4 81.200 21.86 32.13
0 81.224 75.52 34.62
1 81.250 38.26 20.72
2 81.300 49.75 62.96
3 81.300 104.16 20.67
4 81.300 21.86 32.11
0 81.327 75.55 34.61
1 81.354 38.39 20.64
2 81.400 49.70 62.97
3 81.400 104.17 20.67
4 81.400 21.86 32.10
0 81.429 75.59 34.61
1 81.458 38.53 20.57
2 81.500 49.64 62.98
3 81.500 104.17 20.67
4 81.500 21.87 32.08
0 81.531 75.62 34.60
1 81.562 38.66 20.49
2 81.600 49.59 62.99
3 81.600 104.18 20.67
4 81.600 21.87 32.07
0 81.633 75.65 34.60
1 81.667 38.80 20.41
2 81.700 49.53 63.00
3 81.700 104.19 20.67
4 81.700 21.87 32.05
0 81.735 75.69 34.60
1 81.771 38.93 20.33
2 81.800 49.47 63.01
3 81.800 104.19 20.67
4 81.800 21.87 32.04
0 81.837 75.72 34.59
1 81.875 39.07 20.26
2 81.900 49.42 63.02
3 81.900 104.20 20.66
4 81.900 21.88 32.02
0 81.939 75.75 34.59
1 81.979 39.21 20.18
2 82.000 49.36 63.04
3 82.000 104.21 20.66
4 82.000 21.88 32.01
0 82.041 75.79 34.58
1 82.083 39.34 20.10
2 82.100 49.31 63.05
3 82.100 104.21 20.66
4 82.100 21.88 31.99
0 82.143 75.82 34.58
1 82.188 39.48 20.02
2 82.200 49.25 63.06
3 82.200 104.22 20.66
4 82.200 21.89 31.98
0 82.245 75.85 34.57
1 82.292 39.61 19.95
2 82.300 49.20 63.07
3 82.300 104.23 20.66
4 82.300 21.89 31.96
0 82.347 75.88 34.57
1 82.396 39.75 19.87
2 82.400 49.14 63.08
3 82.400 104.23 20.66
4 82.400 21.89 31.95
0 82.449 75.92 34.57
1 82.500 39.88 19.79
1 82.500 39.88 19.79
2 82.500 49.09 63.09
2 82.500 49.09 63.09
3 82.500 104.24 20.66
4 82.500 21.90 31.93
4 82.500 21.90 31.93
0 82.551 75.95 34.56
1 82.600 40.02 19.80
3 82.600 104.24 20.66
4 82.600 21.87 31.87
2 82.601 49.09 63.11
0 82.653 75.98 34.56
1 82.700 40.15 19.80
3 82.700 104.25 20.66
4 82.700 21.84 31.81
2 82.703 49.09 63.12
0 82.755 76.02 34.55
1 82.800 40.28 19.81
3 82.800 104.26 20.66
4 82.800 21.81 31.76
2 82.804 49.08 63.14
0 82.857 76.05 34.55
1 82.900 40.41 19.81
3 82.900 104.26 20.66
4 82.900 21.79 31.70
2 82.905 49.08 63.16
0 82.959 76.08 34.55
1 83.000 40.54 19.82
3 83.000 104.27 20.66
4 83.000 21.76 31.64
2 83.007 49.08 63.18
0 83.061 76.12 34.54
1 83.100 40.67 19.82
3 83.100 104.28 20.66
4 83.100 21.73 31.58
2 83.108 49.08 63.19
0 83.163 76.15 34.54
1 83.200 40.80 19.82
3 83.200 104.28 20.66
4 83.200 21.70 31.53
2 83.209 49.08 63.21
0 83.265 76.18 34.53
1 83.300 40.93 19.83
3 83.300 104.29 20.66
4 83.300 21.68 31.47
2 83.311 49.08 63.23
0 83.367 76.21 34.53
1 83.400 41.06 19.83
3 83.400 104.29 20.66
4 83.400 21.65 31.41
2 83.412 49.07 63.25
0 83.469 76.25 34.53
1 83.500 41.19 19.84
3 83.500 104.30 20.66
4 83.500 21.62 31.35
2 83.514 49.07 63.26
0 83.571 76.28 34.52
1 83.600 41.32 19.84
3 83.600 104.31 20.66
4 83.600 21.60 31.29
2 83.615 49.07 63.28
0 83.673 76.31 34.52
1 83.700 41.45 19.85
3 83.700 104.31 20.66
4 83.700 21.57 31.24
2 83.716 49.07 63.30
0 83.776 76.35 34.51
1 83.800 41.58 19.85
3 83.800 104.32 20.66
4 83.800 21.54 31.18
2 83.818 49.07 63.31
0 83.878 76.38 34.51
1 83.900 41.71 19.86
3 83.900 104.33 20.66
4 83.900 21.51 31.12
2 83.919 49.07 63.33
0 83.980 76.41 34.51
1 84.000 41.84 19.86
3 84.000 104.33 20.65
4 84.000 21.49 31.06
2 84.020 49.07 63.35
0 84.082 76.45 34.50
1 84.100 41.98 19.87
3 84.100 104.34 20.65
4 84.100 21.46 31.00
2 84.122 49.06 63.37
0 84.184 76.48 34.50
1 84.200 42.11 19.87
3 84.200 104.34 20.65
4 84.200 21.43 30.95
2 84.223 49.06 63.38
0 84.286 76.51 34.49
1 84.300 42.24 19.87
3 84.300 104.35 20.65
4 84.300 21.41 30.89
2 84.324 49.06 63.40
0 84.388 76.55 34.49
1 84.400 42.37 19.88
3 84.400 104.36 20.65
4 84.400 21.38 30.83
2 84.426 49.06 63.42
0 84.490 76.58 34.49
1 84.500 42.50 19.88
3 84.500 104.36 20.65
4 84.500 21.35 30.77
2 84.527 49.06 63.43
0 84.592 76.61 34.48
1 84.600 42.63 19.89
3 84.600 104.37 20.65
4 84.600 21.32 30.72
2 84.628 49.06 63.45
0 84.694 76.64 34.48
1 84.700 42.76 19.89
3 84.700 104.38 20.65
4 84.700 21.30 30.66
2 84.730 49.06 63.47
0 84.796 76.68 34.47
1 84.800 42.89 19.90
3 84.800 104.38 20.65
4 84.800 21.27 30.60
2 84.831 49.05 63.49
0 84.898 76.71 34.47
1 84.900 43.02 19.90
3 84.900 104.39 20.65
4 84.900 21.24 30.54
2 84.932 49.05 63.50
0 85.000 76.74 34.47
0 85.000 76.74 34.47
1 85.000 43.15 19.91
1 85.000 43.15 19.91
3 85.000 104.39 20.65
3 85.000 104.39 20.65
4 85.000 21.22 30.48
4 85.000 21.22 30.48
2 85.034 49.05 63.52
0 85.100 76.83 34.40
1 85.100 43.27 19.92
3 85.100 104.54 20.61
4 85.100 21.17 30.42
2 85.135 49.05 63.54
0 85.200 76.91 34.34
1 85.200 43.39 19.94
3 85.200 104.69 20.58
4 85.200 21.13 30.35
2 85.236 49.05 63.56
0 85.300 76.99 34.27
1 85.300 43.51 19.95
3 85.300 104.83 20.54
4 85.300 21.08 30.28
2 85.338 49.05 63.57
0 85.400 77.08 34.21
1 85.400 43.63 19.96
3 85.400 104.98 20.51
4 85.400 21.04 30.22
2 85.439 49.04 63.59
0 85.500 77.16 34.15
1 85.500 43.75 19.98
3 85.500 105.12 20.47
4 85.500 21.00 30.15
2 85.541 49.04 63.61
0 85.600 77.25 34.08
1 85.600 43.87 19.99
3 85.600 105.27 20.44
4 85.600 20.95 30.08
2 85.642 49.04 63.62
0 85.700 77.33 34.02
1 85.700 43.99 20.01
3 85.700 105.41 20.40
4 85.700 20.91 30.02
2 85.743 49.04 63.64
0 85.800 77.41 33.95
1 85.800 44.11 20.02
3 85.800 105.56 20.37
4 85.800 20.86 29.95
2 85.845 49.04 63.66
0 85.900 77.50 33.89
1 85.900 44.23 20.03
3 85.900 105.71 20.33
4 85.900 20.82 29.88
2 85.946 49.04 63.68
0 86.000 77.58 33.83
1 86.000 44.35 20.05
3 86.000 105.85 20.29
4 86.000 20.78 29.82
2 86.047 49.04 63.69
0 86.100 77.66 33.76
1 86.100 44.47 20.06
3 86.100 106.00 20.26
4 86.100 20.73 29.75
2 86.149 49.03 63.71
0 86.200 77.75 33.70
1 86.200 44.59 20.08
3 86.200 106.14 20.22
4 86.200 20.69 29.68
2 86.250 49.03 63.73
0 86.300 77.83 33.63
1 86.300 44.71 20.09
3 86.300 106.29 20.19
4 86.300 20.64 29.62
2 86.351 49.03 63.74
0 86.400 77.92 33.57
1 86.400 44.83 20.10
3 86.400 106.43 20.15
4 86.400 20.60 29.55
2 86.453 49.03 63.76
0 86.500 78.00 33.51
1 86.500 44.95 20.12
3 86.500 106.58 20.12
4 86.500 20.56 29.48
2 86.554 49.03 63.78
0 86.600 78.08 33.44
1 86.600 45.07 20.13
3 86.600 106.73 20.08
4 86.600 20.51 29.42
2 86.655 49.03 63.80
0 86.700 78.17 33.38
1 86.700 45.19 20.15
3 86.700 106.87 20.05
4 86.700 20.47 29.35
2 86.757 49.02 63.81
0 86.800 78.25 33.31
1 86.800 45.31 20.16
3 86.800 107.02 20.01
4 86.800 20.42 29.28
2 86.858 49.02 63.83
0 86.900 78.33 33.25
1 86.900 45.43 20.18
3 86.900 107.16 19.97
4 86.900 20.38 29.22
2 86.959 49.02 63.85
0 87.000 78.42 33.19
1 87.000 45.55 20.19
3 87.000 107.31 19.94
4 87.000 20.34 29.15
2 87.061 49.02 63.87
1 87.100 45.67 20.20
3 87.100 107.45 19.90
4 87.100 20.29 29.08
0 87.100 78.50 33.12
2 87.162 49.02 63.88
0 87.200 78.58 33.06
1 87.200 45.79 20.22
3 87.200 107.60 19.87
4 87.200 20.25 29.02
2 87.264 49.02 63.90
0 87.300 78.67 32.99
1 87.300 45.91 20.23
3 87.300 107.75 19.83
4 87.300 20.20 28.95
2 87.365 49.02 63.92
0 87.400 78.75 32.93
1 87.400 46.03 20.25
3 87.400 107.89 19.80
4 87.400 20.16 28.88
2 87.466 49.01 63.93
0 87.500 78.84 32.87
0 87.500 78.84 32.87
1 87.500 46.15 20.26
1 87.500 46.15 20.26
3 87.500 108.04 19.76
3 87.500 108.04 19.76
4 87.500 20.12 28.82
4 87.500 20.12 28.82
2 87.568 49.01 63.95
0 87.600 78.85 32.84
1 87.600 46.18 20.30
4 87.600 20.09 28.67
3 87.604 108.12 19.63
2 87.669 49.01 63.97
0 87.700 78.86 32.82
1 87.700 46.21 20.33
4 87.700 20.07 28.53
3 87.708 108.21 19.50
2 87.770 49.01 63.99
0 87.800 78.88 32.80
1 87.800 46.24 20.37
4 87.800 20.05 28.39
3 87.812 108.29 19.37
2 87.872 49.01 64.00
0 87.900 78.89 32.78
1 87.900 46.27 20.41
4 87.900 20.02 28.25
3 87.917 108.38 19.24
2 87.973 49.01 64.02
0 88.000 78.91 32.75
1 88.000 46.31 20.44
4 88.000 20.00 28.10
3 88.021 108.46 19.10
2 88.074 49.00 64.04
1 88.100 46.34 20.48
4 88.100 19.98 27.96
0 88.100 78.92 32.73
3 88.125 108.55 18.97
2 88.176 49.00 64.05
0 88.200 78.93 32.71
1 88.200 46.37 20.52
4 88.200 19.96 27.82
3 88.229 108.63 18.84
2 88.277 49.00 64.07
0 88.300 78.95 32.69
1 88.300 46.40 20.56
4 88.300 19.93 27.67
3 88.333 108.72 18.71
2 88.378 49.00 64.09
0 88.400 78.96 32.66
1 88.400 46.43 20.59
4 88.400 19.91 27.53
3 88.438 108.80 18.58
2 88.480 49.00 64.11
0 88.500 78.97 32.64
1 88.500 46.46 20.63
4 88.500 19.89 27.39
3 88.542 108.89 18.45
2 88.581 49.00 64.12
1 88.600 46.50 20.67
4 88.600 19.86 27.24
0 88.600 78.99 32.62
3 88.646 108.97 18.32
2 88.682 49.00 64.14
0 88.700 79.00 32.60
1 88.700 46.53 20.70
4 88.700 19.84 27.10
3 88.750 109.06 18.19
2 88.784 48.99 64.16
1 88.800 46.56 20.74
4 88.800 19.82 26.96
0 88.800 79.02 32.57
3 88.854 109.14 18.05
2 88.885 48.99 64.18
0 88.900 79.03 32.55
1 88.900 46.59 20.78
4 88.900 19.80 26.82
3 88.958 109.22 17.92
2 88.986 48.99 64.19
0 89.000 79.04 32.53
1 89.000 46.62 20.81
4 89.000 19.77 26.67
3 89.062 109.31 17.79
2 89.088 48.99 64.21
1 89.100 46.66 20.85
4 89.100 19.75 26.53
0 89.100 79.06 32.51
3 89.167 109.39 17.66
2 89.189 48.99 64.23
0 89.200 79.07 32.48
1 89.200 46.69 20.89
4 89.200 19.73 26.39
3 89.271 109.48 17.53
2 89.291 48.99 64.24
1 89.300 46.72 20.93
4 89.300 19.70 26.24
0 89.300 79.09 32.46
3 89.375 109.56 17.40
2 89.392 48.98 64.26
0 89.400 79.10 32.44
1 89.400 46.75 20.96
4 89.400 19.68 26.10
3 89.479 109.65 17.27
2 89.493 48.98 64.28
1 89.500 46.78 21.00
4 89.500 19.66 25.96
0 89.500 79.11 32.42
3 89.583 109.73 17.14
2 89.595 48.98 64.30
1 89.600 46.81 21.04
4 89.600 19.63 25.82
0 89.600 79.13 32.39
3 89.688 109.82 17.00
2 89.696 48.98 64.31
1 89.700 46.85 21.07
4 89.700 19.61 25.67
0 89.700 79.14 32.37
3 89.792 109.90 16.87
2 89.797 48.98 64.33
1 89.800 46.88 21.11
4 89.800 19.59 25.53
0 89.800 79.16 32.35
3 89.896 109.99 16.74
2 89.899 48.98 64.35
0 89.900 79.17 32.33
1 89.900 46.91 21.15
4 89.900 19.57 25.39
0 90.000 79.18 32.30
1 90.000 46.94 21.18
1 90.000 46.94 21.18
2 90.000 48.98 64.36
2 90.000 48.98 64.36
3 90.000 110.07 16.61
3 90.000 110.07 16.61
4 90.000 19.54 25.24
4 90.000 19.54 25.24
0 90.000 79.18 32.30
1 90.100 46.98 21.20
2 90.100 48.98 64.38
3 90.100 110.13 16.54
4 90.100 19.52 25.10
0 90.104 79.21 32.26
1 90.200 47.01 21.22
2 90.200 48.99 64.40
3 90.200 110.19 16.48
4 90.200 19.50 24.95
0 90.208 79.24 32.22
1 90.300 47.04 21.24
2 90.300 49.00 64.42
3 90.300 110.24 16.41
4 90.300 19.48 24.80
0 90.312 79.26 32.17
1 90.400 47.08 21.26
2 90.400 49.00 64.44
3 90.400 110.30 16.34
4 90.400 19.45 24.65
0 90.417 79.29 32.13
1 90.500 47.11 21.28
2 90.500 49.01 64.46
3 90.500 110.36 16.28
4 90.500 19.43 24.50
0 90.521 79.32 32.09
1 90.600 47.15 21.30
2 90.600 49.02 64.48
3 90.600 110.42 16.21
4 90.600 19.41 24.35
0 90.625 79.34 32.04
1 90.700 47.18 21.32
2 90.700 49.03 64.49
3 90.700 110.47 16.14
4 90.700 19.39 24.21
0 90.729 79.37 32.00
1 90.800 47.21 21.34
2 90.800 49.03 64.51
3 90.800 110.53 16.07
4 90.800 19.36 24.06
0 90.833 79.40 31.95
1 90.900 47.25 21.36
2 90.900 49.04 64.53
3 90.900 110.59 16.01
4 90.900 19.34 23.91
0 90.938 79.43 31.91
1 91.000 47.28 21.38
2 91.000 49.05 64.55
3 91.000 110.65 15.94
4 91.000 19.32 23.76
0 91.042 79.45 31.87
1 91.100 47.31 21.39
2 91.100 49.05 64.57
3 91.100 110.70 15.87
4 91.100 19.30 23.61
0 91.146 79.48 31.82
1 91.200 47.35 21.41
2 91.200 49.06 64.59
3 91.200 110.76 15.81
4 91.200 19.27 23.46
0 91.250 79.51 31.78
1 91.300 47.38 21.43
2 91.300 49.07 64.61
3 91.300 110.82 15.74
4 91.300 19.25 23.32
0 91.354 79.53 31.74
1 91.400 47.42 21.45
2 91.400 49.07 64.62
3 91.400 110.88 15.67
4 91.400 19.23 23.17
0 91.458 79.56 31.69
1 91.500 47.45 21.47
2 91.500 49.08 64.64
3 91.500 110.93 15.60
4 91.500 19.21 23.02
0 91.562 79.59 31.65
1 91.600 47.48 21.49
2 91.600 49.09 64.66
4 91.600 19.18 22.87
3 91.600 110.99 15.54
0 91.667 79.61 31.61
1 91.700 47.52 21.51
2 91.700 49.10 64.68
3 91.700 111.05 15.47
4 91.700 19.16 22.72
0 91.771 79.64 31.56
1 91.800 47.55 21.53
2 91.800 49.10 64.70
3 91.800 111.11 15.40
4 91.800 19.14 22.57
0 91.875 79.67 31.52
1 91.900 47.59 21.55
2 91.900 49.11 64.72
3 91.900 111.16 15.34
4 91.900 19.12 22.43
0 91.979 79.69 31.47
1 92.000 47.62 21.57
2 92.000 49.12 64.74
3 92.000 111.22 15.27
4 92.000 19.10 22.28
0 92.083 79.72 31.43
1 92.100 47.65 21.59
2 92.100 49.12 64.75
4 92.100 19.07 22.13
3 92.100 111.28 15.20
0 92.188 79.75 31.39
1 92.200 47.69 21.61
2 92.200 49.13 64.77
3 92.200 111.34 15.13
4 92.200 19.05 21.98
0 92.292 79.78 31.34
1 92.300 47.72 21.62
2 92.300 49.14 64.79
3 92.300 111.39 15.07
4 92.300 19.03 21.83
0 92.396 79.80 31.30
1 92.400 47.76 21.64
2 92.400 49.15 64.81
3 92.400 111.45 15.00
4 92.400 19.01 21.68
0 92.500 79.83 31.26
0 92.500 79.83 31.26
1 92.500 47.79 21.66
1 92.500 47.79 21.66
2 92.500 49.15 64.83
2 92.500 49.15 64.83
3 92.500 111.51 14.93
3 92.500 111.51 14.93
4 92.500 18.98 21.54
4 92.500 18.98 21.54
0 92.600 79.85 31.26
1 92.600 47.81 21.71
4 92.600 18.91 21.49
2 92.600 49.15 64.85
3 92.604 111.54 14.89
0 92.700 79.87 31.27
1 92.700 47.84 21.75
2 92.700 49.16 64.86
4 92.700 18.83 21.44
3 92.708 111.56 14.85
0 92.800 79.89 31.27
1 92.800 47.86 21.79
4 92.800 18.75 21.40
2 92.800 49.16 64.88
3 92.812 111.59 14.80
0 92.900 79.92 31.28
1 92.900 47.89 21.83
2 92.900 49.16 64.90
4 92.900 18.67 21.35
3 92.917 111.62 14.76
0 93.000 79.94 31.28
1 93.000 47.91 21.88
4 93.000 18.60 21.31
2 93.000 49.16 64.91
3 93.021 111.65 14.72
0 93.100 79.96 31.29
1 93.100 47.93 21.92
4 93.100 18.52 21.26
2 93.100 49.16 64.93
3 93.125 111.67 14.68
0 93.200 79.98 31.29
1 93.200 47.96 21.96
4 93.200 18.44 21.22
2 93.200 49.16 64.95
3 93.229 111.70 14.63
0 93.300 80.00 31.30
1 93.300 47.98 22.01
4 93.300 18.36 21.17
2 93.300 49.17 64.97
3 93.333 111.73 14.59
0 93.400 80.03 31.30
1 93.400 48.01 22.05
4 93.400 18.29 21.13
2 93.400 49.17 64.98
3 93.438 111.76 14.55
0 93.500 80.05 31.31
1 93.500 48.03 22.09
4 93.500 18.21 21.08
2 93.500 49.17 65.00
3 93.542 111.79 14.51
0 93.600 80.07 31.31
1 93.600 48.05 22.14
4 93.600 18.13 21.04
2 93.600 49.17 65.02
3 93.646 111.81 14.46
0 93.700 80.09 31.32
1 93.700 48.08 22.18
4 93.700 18.05 20.99
2 93.700 49.17 65.03
3 93.750 111.84 14.42
0 93.800 80.11 31.32
1 93.800 48.10 22.22
4 93.800 17.98 20.95
2 93.800 49.18 65.05
3 93.854 111.87 14.38
0 93.900 80.13 31.33
1 93.900 48.13 22.26
4 93.900 17.90 20.90
2 93.900 49.18 65.07
3 93.958 111.90 14.34
0 94.000 80.16 31.33
1 94.000 48.15 22.31
4 94.000 17.82 20.86
2 94.000 49.18 65.09
3 94.062 111.93 14.29
0 94.100 80.18 31.34
1 94.100 48.17 22.35
4 94.100 17.74 20.81
2 94.100 49.18 65.10
3 94.167 111.95 14.25
0 94.200 80.20 31.34
1 94.200 48.20 22.39
4 94.200 17.67 20.76
2 94.200 49.18 65.12
3 94.271 111.98 14.21
0 94.300 80.22 31.35
1 94.300 48.22 22.44
4 94.300 17.59 20.72
2 94.300 49.18 65.14
3 94.375 112.01 14.16
0 94.400 80.24 31.35
1 94.400 48.25 22.48
4 94.400 17.51 20.67
2 94.400 49.19 65.16
3 94.479 112.04 14.12
0 94.500 80.27 31.36
1 94.500 48.27 22.52
4 94.500 17.43 20.63
2 94.500 49.19 65.17
3 94.583 112.06 14.08
0 94.600 80.29 31.36
1 94.600 48.29 22.56
4 94.600 17.36 20.58
2 94.600 49.19 65.19
3 94.688 112.09 14.04
0 94.700 80.31 31.37
1 94.700 48.32 22.61
4 94.700 17.28 20.54
2 94.700 49.19 65.21
3 94.792 112.12 13.99
0 94.800 80.33 31.37
1 94.800 48.34 22.65
4 94.800 17.20 20.49
2 94.800 49.19 65.22
3 94.896 112.15 13.95
0 94.900 80.35 31.38
1 94.900 48.37 22.69
4 94.900 17.12 20.45
2 94.900 49.19 65.24
0 95.000 80.38 31.38
1 95.000 48.39 22.74
2 95.000 49.20 65.26
3 95.000 112.18 13.91
3 95.000 112.18 13.91
4 95.000 17.05 20.40
4 95.000 17.05 20.40
2 95.000 49.20 65.26
0 95.100 80.40 31.39
1 95.100 48.41 22.78
3 95.100 112.18 13.83
4 95.100 16.97 20.32
2 95.104 49.18 65.30
0 95.200 80.42 31.39
1 95.200 48.44 22.82
3 95.200 112.18 13.76
4 95.200 16.89 20.24
2 95.208 49.16 65.34
0 95.300 80.44 31.40
1 95.300 48.46 22.87
3 95.300 112.19 13.68
4 95.300 16.81 20.16
2 95.312 49.14 65.38
0 95.400 80.46 31.40
1 95.400 48.49 22.91
3 95.400 112.19 13.61
4 95.400 16.73 20.09
2 95.417 49.12 65.42
0 95.500 80.48 31.41
1 95.500 48.51 22.95
3 95.500 112.20 13.53
4 95.500 16.65 20.01
2 95.521 49.11 65.46
0 95.600 80.51 31.41
1 95.600 48.53 22.99
3 95.600 112.20 13.46
4 95.600 16.57 19.93
2 95.625 49.09 65.51
0 95.700 80.53 31.42
1 95.700 48.56 23.04
3 95.700 112.20 13.38
4 95.700 16.49 19.85
2 95.729 49.07 65.55
0 95.800 80.55 31.42
1 95.800 48.58 23.08
3 95.800 112.21 13.31
4 95.800 16.41 19.77
2 95.833 49.05 65.59
0 95.900 80.57 31.43
1 95.900 48.61 23.12
3 95.900 112.21 13.23
4 95.900 16.33 19.69
2 95.938 49.03 65.63
0 96.000 80.59 31.43
1 96.000 48.63 23.17
3 96.000 112.21 13.16
4 96.000 16.25 19.61
2 96.042 49.02 65.67
0 96.100 80.62 31.44
1 96.100 48.65 23.21
3 96.100 112.22 13.09
4 96.100 16.17 19.53
2 96.146 49.00 65.71
0 96.200 80.64 31.44
1 96.200 48.68 23.25
3 96.200 112.22 13.01
4 96.200 16.09 19.45
2 96.250 48.98 65.75
0 96.300 80.66 31.45
1 96.300 48.70 23.30
3 96.300 112.23 12.94
4 96.300 16.01 19.37
2 96.354 48.96 65.80
0 96.400 80.68 31.45
1 96.400 48.73 23.34
3 96.400 112.23 12.86
4 96.400 15.93 19.29
2 96.458 48.94 65.84
0 96.500 80.70 31.46
1 96.500 48.75 23.38
3 96.500 112.23 12.79
4 96.500 15.85 19.22
2 96.562 48.93 65.88
0 96.600 80.72 31.46
1 96.600 48.77 23.42
3 96.600 112.24 12.71
4 96.600 15.77 19.14
2 96.667 48.91 65.92
0 96.700 80.75 31.47
1 96.700 48.80 23.47
3 96.700 112.24 12.64
4 96.700 15.70 19.06
2 96.771 48.89 65.96
0 96.800 80.77 31.47
1 96.800 48.82 23.51
3 96.800 112.25 12.56
4 96.800 15.62 18.98
2 96.875 48.87 66.00
0 96.900 80.79 31.48
1 96.900 48.85 23.55
3 96.900 112.25 12.49
4 96.900 15.54 18.90
2 96.979 48.85 66.04
0 97.000 80.81 31.49
1 97.000 48.87 23.60
3 97.000 112.25 12.41
4 97.000 15.46 18.82
2 97.083 48.84 66.08
0 97.100 80.83 31.49
1 97.100 48.89 23.64
3 97.100 112.26 12.34
4 97.100 15.38 18.74
2 97.187 48.82 66.13
0 97.200 80.86 31.50
1 97.200 48.92 23.68
3 97.200 112.26 12.26
4 97.200 15.30 18.66
2 97.292 48.80 66.17
0 97.300 80.88 31.50
1 97.300 48.94 23.72
3 97.300 112.26 12.19
4 97.300 15.22 18.58
2 97.396 48.78 66.21
0 97.400 80.90 31.51
1 97.400 48.97 23.77
3 97.400 112.27 12.11
4 97.400 15.14 18.50
2 97.500 48.76 66.25
0 97.500 80.92 31.51
0 97.500 80.92 31.51
1 97.500 48.99 23.81
1 97.500 48.99 23.81
2 97.500 48.76 66.25
3 97.500 112.27 12.04
3 97.500 112.27 12.04
4 97.500 15.06 18.42
4 97.500 15.06 18.42
0 97.600 80.98 31.54
1 97.600 49.00 23.83
3 97.600 112.27 12.09
2 97.602 48.76 66.26
4 97.604 14.99 18.36
0 97.700 81.03 31.56
1 97.700 49.01 23.84
3 97.700 112.27 12.14
2 97.704 48.75 66.27
4 97.708 14.92 18.29
0 97.800 81.09 31.59
1 97.800 49.02 23.86
3 97.800 112.26 12.19
2 97.806 48.75 66.28
4 97.812 14.86 18.22
0 97.900 81.14 31.62
1 97.900 49.03 23.87
3 97.900 112.26 12.24
2 97.908 48.75 66.29
4 97.917 14.79 18.16
0 98.000 81.20 31.65
1 98.000 49.04 23.89
3 98.000 112.26 12.28
2 98.010 48.74 66.30
4 98.021 14.72 18.09
0 98.100 81.26 31.67
1 98.100 49.06 23.91
3 98.100 112.25 12.33
2 98.112 48.74 66.31
4 98.125 14.65 18.02
0 98.200 81.31 31.70
1 98.200 49.07 23.92
3 98.200 112.25 12.38
2 98.214 48.73 66.32
4 98.229 14.58 17.96
0 98.300 81.37 31.73
1 98.300 49.08 23.94
3 98.300 112.24 12.43
2 98.316 48.73 66.33
4 98.333 14.52 17.89
0 98.400 81.42 31.75
1 98.400 49.09 23.95
3 98.400 112.24 12.48
2 98.418 48.72 66.34
4 98.438 14.45 17.82
0 98.500 81.48 31.78
1 98.500 49.10 23.97
3 98.500 112.24 12.53
2 98.520 48.72 66.35
4 98.542 14.38 17.76
0 98.600 81.54 31.81
1 98.600 49.11 23.98
3 98.600 112.23 12.58
2 98.622 48.71 66.36
4 98.646 14.31 17.69
0 98.700 81.59 31.84
1 98.700 49.12 24.00
3 98.700 112.23 12.63
2 98.724 48.71 66.37
4 98.750 14.24 17.62
0 98.800 81.65 31.86
1 98.800 49.13 24.02
3 98.800 112.23 12.68
2 98.827 48.70 66.38
4 98.854 14.18 17.56
0 98.900 81.70 31.89
1 98.900 49.14 24.03
3 98.900 112.22 12.73
2 98.929 48.70 66.39
4 98.958 14.11 17.49
0 99.000 81.76 31.92
1 99.000 49.15 24.05
3 99.000 112.22 12.78
2 99.031 48.69 66.40
4 99.062 14.04 17.42
0 99.100 81.81 31.94
1 99.100 49.16 24.06
3 99.100 112.22 12.83
2 99.133 48.69 66.41
4 99.167 13.97 17.36
0 99.200 81.87 31.97
1 99.200 49.18 24.08
3 99.200 112.21 12.88
2 99.235 48.68 66.42
4 99.271 13.90 17.29
0 99.300 81.93 32.00
1 99.300 49.19 24.10
3 99.300 112.21 12.93
2 99.337 48.68 66.43
4 99.375 13.84 17.22
0 99.400 81.98 32.03
1 99.400 49.20 24.11
3 99.400 112.21 12.98
2 99.439 48.67 66.44
4 99.479 13.77 17.16
0 99.500 82.04 32.05
1 99.500 49.21 24.13
3 99.500 112.20 13.03
2 99.541 48.67 66.45
4 99.583 13.70 17.09
0 99.600 82.09 32.08
1 99.600 49.22 24.14
3 99.600 112.20 13.08
2 99.643 48.67 66.46
4 99.688 13.63 17.02
0 99.700 82.15 32.11
1 99.700 49.23 24.16
3 99.700 112.20 13.13
2 99.745 48.66 66.47
4 99.792 13.56 16.96
0 99.800 82.21 32.13
1 99.800 49.24 24.17
3 99.800 112.19 13.18
2 99.847 48.66 66.48
4 99.896 13.50 16.89
0 99.900 82.26 32.16
1 99.900 49.25 24.19
3 99.900 112.19 13.23
2 99.949 48.65 66.49
0 100.000 82.32 32.19
0 100.000 82.32 32.19
1 100.000 49.26 24.21
1 100.000 49.26 24.21
3 100.000 112.19 13.28
3 100.000 112.19 13.28
4 100.000 13.43 16.82
4 100.000 13.43 16.82
2 100.051 48.65 66.50
1 100.100 49.30 24.22
3 100.100 112.19 13.28
4 100.100 13.42 16.81
0 100.104 82.38 32.22
2 100.153 48.64 66.51
1 100.200 49.33 24.23
3 100.200 112.19 13.28
4 100.200 13.41 16.81
0 100.208 82.45 32.26
2 100.255 48.64 66.52
1 100.300 49.37 24.24
3 100.300 112.19 13.28
4 100.300 13.40 16.80
0 100.312 82.52 32.29
2 100.357 48.63 66.53
1 100.400 49.40 24.25
3 100.400 112.19 13.29
4 100.400 13.39 16.79
0 100.417 82.58 32.33
2 100.459 48.63 66.54
1 100.500 49.43 24.27
3 100.500 112.19 13.29
4 100.500 13.38 16.78
0 100.521 82.65 32.36
2 100.561 48.62 66.55
1 100.600 49.47 24.28
3 100.600 112.19 13.29
4 100.600 13.36 16.77
0 100.625 82.72 32.39
2 100.663 48.62 66.56
1 100.700 49.50 24.29
3 100.700 112.19 13.29
4 100.700 13.35 16.76
0 100.729 82.78 32.43
2 100.765 48.61 66.57
1 100.800 49.54 24.30
3 100.800 112.19 13.30
4 100.800 13.34 16.75
0 100.833 82.85 32.46
2 100.867 48.61 66.58
1 100.900 49.57 24.31
3 100.900 112.19 13.30
4 100.900 13.33 16.74
0 100.938 82.91 32.50
2 100.969 48.60 66.59
1 101.000 49.61 24.33
3 101.000 112.19 13.30
4 101.000 13.32 16.73
0 101.042 82.98 32.53
2 101.071 48.60 66.60
1 101.100 49.64 24.34
3 101.100 112.19 13.30
4 101.100 13.31 16.73
0 101.146 83.05 32.57
2 101.173 48.59 66.61
1 101.200 49.67 24.35
3 101.200 112.19 13.31
4 101.200 13.30 16.72
0 101.250 83.11 32.60
2 101.276 48.59 66.62
1 101.300 49.71 24.36
3 101.300 112.19 13.31
4 101.300 13.29 16.71
0 101.354 83.18 32.64
2 101.378 48.59 66.63
1 101.400 49.74 24.37
3 101.400 112.19 13.31
4 101.400 13.28 16.70
0 101.458 83.25 32.67
2 101.480 48.58 66.64
1 101.500 49.78 24.39
3 101.500 112.19 13.31
4 101.500 13.27 16.69
0 101.562 83.31 32.71
2 101.582 48.58 66.66
1 101.600 49.81 24.40
3 101.600 112.19 13.32
4 101.600 13.26 16.68
0 101.667 83.38 32.74
2 101.684 48.57 66.67
1 101.700 49.84 24.41
3 101.700 112.19 13.32
4 101.700 13.25 16.67
0 101.771 83.45 32.77
2 101.786 48.57 66.68
1 101.800 49.88 24.42
3 101.800 112.19 13.32
4 101.800 13.24 16.66
0 101.875 83.51 32.81
2 101.888 48.56 66.69
1 101.900 49.91 24.43
3 101.900 112.19 13.32
4 101.900 13.23 16.65
0 101.979 83.58 32.84
2 101.990 48.56 66.70
1 102.000 49.95 24.45
3 102.000 112.19 13.33
4 102.000 13.22 16.65
0 102.083 83.64 32.88
2 102.092 48.55 66.71
1 102.100 49.98 24.46
3 102.100 112.19 13.33
4 102.100 13.21 16.64
0 102.188 83.71 32.91
2 102.194 48.55 66.72
1 102.200 50.02 24.47
3 102.200 112.19 13.33
4 102.200 13.19 16.63
0 102.292 83.78 32.95
2 102.296 48.54 66.73
1 102.300 50.05 24.48
3 102.300 112.19 13.33
4 102.300 13.18 16.62
0 102.396 83.84 32.98
2 102.398 48.54 66.74
1 102.400 50.08 24.49
3 102.400 112.19 13.34
4 102.400 13.17 16.61
2 102.500 48.53 66.75
0 102.500 83.91 33.02
0 102.500 83.91 33.02
1 102.500 50.12 24.51
1 102.500 50.12 24.51
2 102.500 48.53 66.75
3 102.500 112.19 13.34
4 102.500 13.16 16.60
4 102.500 13.16 16.60
1 102.600 50.15 24.53
2 102.600 48.50 66.79
3 102.600 112.19 13.34
4 102.600 13.17 16.60
0 102.604 84.06 32.96
1 102.700 50.19 24.56
2 102.700 48.47 66.84
3 102.700 112.19 13.34
4 102.700 13.18 16.60
0 102.708 84.20 32.91
1 102.800 50.23 24.59
2 102.800 48.44 66.89
3 102.800 112.19 13.35
4 102.800 13.19 16.60
0 102.812 84.35 32.85
1 102.900 50.26 24.62
2 102.900 48.41 66.94
3 102.900 112.19 13.35
4 102.900 13.19 16.61
0 102.917 84.50 32.80
1 103.000 50.30 24.64
2 103.000 48.38 66.99
3 103.000 112.19 13.35
4 103.000 13.20 16.61
0 103.021 84.64 32.75
1 103.100 50.34 24.67
3 103.100 112.19 13.35
2 103.100 48.34 67.03
4 103.100 13.21 16.61
0 103.125 84.79 32.69
1 103.200 50.37 24.70
2 103.200 48.31 67.08
3 103.200 112.19 13.36
4 103.200 13.22 16.61
0 103.229 84.94 32.64
1 103.300 50.41 24.73
2 103.300 48.28 67.13
3 103.300 112.19 13.36
4 103.300 13.22 16.61
0 103.333 85.08 32.58
1 103.400 50.44 24.75
2 103.400 48.25 67.18
3 103.400 112.19 13.36
4 103.400 13.23 16.61
0 103.438 85.23 32.53
1 103.500 50.48 24.78
2 103.500 48.22 67.22
3 103.500 112.19 13.37
4 103.500 13.24 16.61
0 103.542 85.38 32.48
1 103.600 50.52 24.81
3 103.600 112.19 13.37
2 103.600 48.19 67.27
4 103.600 13.25 16.61
0 103.646 85.52 32.42
1 103.700 50.55 24.84
2 103.700 48.15 67.32
3 103.700 112.19 13.37
4 103.700 13.25 16.61
0 103.750 85.67 32.37
1 103.800 50.59 24.86
3 103.800 112.19 13.37
2 103.800 48.12 67.37
4 103.800 13.26 16.62
0 103.854 85.82 32.31
1 103.900 50.62 24.89
2 103.900 48.09 67.42
3 103.900 112.19 13.38
4 103.900 13.27 16.62
0 103.958 85.96 32.26
1 104.000 50.66 24.92
2 104.000 48.06 67.46
3 104.000 112.19 13.38
4 104.000 13.28 16.62
0 104.062 86.11 32.21
1 104.100 50.70 24.95
3 104.100 112.19 13.38
2 104.100 48.03 67.51
4 104.100 13.28 16.62
0 104.167 86.26 32.15
1 104.200 50.73 24.97
2 104.200 48.00 67.56
3 104.200 112.20 13.38
4 104.200 13.29 16.62
0 104.271 86.40 32.10
1 104.300 50.77 25.00
3 104.300 112.20 13.39
2 104.300 47.96 67.61
4 104.300 13.30 16.62
0 104.375 86.55 32.04
1 104.400 50.80 25.03
2 104.400 47.93 67.66
3 104.400 112.20 13.39
4 104.400 13.31 16.62
0 104.479 86.70 31.99
1 104.500 50.84 25.06
3 104.500 112.20 13.39
2 104.500 47.90 67.70
4 104.500 13.31 16.62
0 104.583 86.84 31.94
1 104.600 50.88 25.09
3 104.600 112.20 13.39
2 104.600 47.87 67.75
4 104.600 13.32 16.62
0 104.688 86.99 31.88
1 104.700 50.91 25.11
2 104.700 47.84 67.80
3 104.700 112.20 13.40
4 104.700 13.33 16.63
0 104.792 87.14 31.83
1 104.800 50.95 25.14
3 104.800 112.20 13.40
2 104.800 47.81 67.85
4 104.800 13.34 16.63
0 104.896 87.28 31.77
1 104.900 50.98 25.17
2 104.900 47.77 67.89
3 104.900 112.20 13.40
4 104.900 13.34 16.63
0 105.000 87.43 31.72
0 105.000 87.43 31.72
1 105.000 51.02 25.20
1 105.000 51.02 25.20
2 105.000 47.74 67.94
3 105.000 112.20 13.40
4 105.000 13.35 16.63
2 105.000 47.74 67.94
4 105.000 13.35 16.63
0 105.100 87.57 31.66
1 105.100 51.02 25.20
2 105.100 47.71 67.96
3 105.100 112.20 13.41
4 105.101 13.36 16.63
0 105.200 87.70 31.60
1 105.200 51.03 25.20
2 105.200 47.69 67.98
3 105.200 112.20 13.41
4 105.202 13.37 16.63
0 105.300 87.84 31.54
1 105.300 51.03 25.21
2 105.300 47.66 68.01
3 105.300 112.20 13.41
4 105.302 13.38 16.63
0 105.400 87.98 31.48
1 105.400 51.03 25.21
2 105.400 47.63 68.03
3 105.400 112.20 13.41
4 105.403 13.38 16.63
0 105.500 88.12 31.42
1 105.500 51.04 25.21
2 105.500 47.60 68.05
3 105.500 112.20 13.42
4 105.504 13.39 16.63
0 105.600 88.26 31.36
1 105.600 51.04 25.22
2 105.600 47.57 68.07
3 105.600 112.20 13.42
4 105.605 13.40 16.62
0 105.700 88.39 31.31
1 105.700 51.05 25.22
2 105.700 47.54 68.09
3 105.700 112.20 13.42
4 105.706 13.41 16.62
0 105.800 88.53 31.25
1 105.800 51.05 25.22
2 105.800 47.51 68.11
3 105.800 112.20 13.42
4 105.806 13.42 16.62
0 105.900 88.67 31.19
1 105.900 51.05 25.23
2 105.900 47.48 68.13
3 105.900 112.20 13.43
4 105.907 13.43 16.62
0 106.000 88.81 31.13
1 106.000 51.06 25.23
2 106.000 47.45 68.15
3 106.000 112.20 13.43
4 106.008 13.43 16.62
0 106.100 88.94 31.07
1 106.100 51.06 25.23
2 106.100 47.42 68.17
3 106.100 112.20 13.43
4 106.109 13.44 16.62
0 106.200 89.08 31.01
1 106.200 51.06 25.24
2 106.200 47.40 68.20
3 106.200 112.20 13.43
4 106.210 13.45 16.62
0 106.300 89.22 30.95
1 106.300 51.07 25.24
2 106.300 47.37 68.22
3 106.300 112.20 13.44
4 106.310 13.46 16.62
0 106.400 89.36 30.89
1 106.400 51.07 25.24
2 106.400 47.34 68.24
3 106.400 112.20 13.44
4 106.411 13.47 16.62
0 106.500 89.50 30.83
1 106.500 51.07 25.25
2 106.500 47.31 68.26
3 106.500 112.20 13.44
4 106.512 13.48 16.62
0 106.600 89.63 30.77
1 106.600 51.08 25.25
2 106.600 47.28 68.28
3 106.600 112.20 13.44
4 106.613 13.48 16.62
0 106.700 89.77 30.71
1 106.700 51.08 25.25
2 106.700 47.25 68.30
3 106.700 112.20 13.45
4 106.714 13.49 16.62
0 106.800 89.91 30.65
1 106.800 51.08 25.26
2 106.800 47.22 68.32
3 106.800 112.20 13.45
4 106.815 13.50 16.62
0 106.900 90.05 30.59
1 106.900 51.09 25.26
2 106.900 47.19 68.34
3 106.900 112.20 13.45
4 106.915 13.51 16.62
0 107.000 90.18 30.53
1 107.000 51.09 25.26
2 107.000 47.16 68.36
3 107.000 112.20 13.46
4 107.016 13.52 16.61
0 107.100 90.32 30.48
1 107.100 51.09 25.27
2 107.100 47.14 68.39
3 107.100 112.20 13.46
4 107.117 13.52 16.61
0 107.200 90.46 30.42
1 107.200 51.10 25.27
2 107.200 47.11 68.41
3 107.200 112.20 13.46
4 107.218 13.53 16.61
0 107.300 90.60 30.36
1 107.300 51.10 25.27
2 107.300 47.08 68.43
3 107.300 112.20 13.46
4 107.319 13.54 16.61
0 107.400 90.74 30.30
1 107.400 51.11 25.28
2 107.400 47.05 68.45
3 107.400 112.20 13.47
4 107.419 13.55 16.61
0 107.500 90.87 30.24
0 107.500 90.87 30.24
1 107.500 51.11 25.28
1 107.500 51.11 25.28
2 107.500 47.02 68.47
2 107.500 47.02 68.47
3 107.500 112.20 13.47
4 107.520 13.56 16.61
0 107.600 91.00 30.16
1 107.600 51.12 25.28
3 107.600 112.20 13.47
2 107.604 46.99 68.55
4 107.621 13.57 16.61
0 107.700 91.13 30.08
1 107.700 51.13 25.29
3 107.700 112.20 13.47
2 107.708 46.96 68.63
4 107.722 13.57 16.61
0 107.800 91.26 30.00
1 107.800 51.14 25.29
3 107.800 112.20 13.48
2 107.812 46.93 68.72
4 107.823 13.58 16.61
0 107.900 91.38 29.92
1 107.900 51.14 25.30
3 107.900 112.20 13.48
2 107.917 46.90 68.80
4 107.923 13.59 16.61
0 108.000 91.51 29.85
1 108.000 51.15 25.30
3 108.000 112.20 13.48
2 108.021 46.87 68.88
4 108.024 13.60 16.61
0 108.100 91.64 29.77
1 108.100 51.16 25.31
3 108.100 112.20 13.48
2 108.125 46.84 68.96
4 108.125 13.61 16.61
0 108.200 91.77 29.69
1 108.200 51.17 25.31
3 108.200 112.20 13.49
4 108.226 13.62 16.61
2 108.229 46.82 69.05
0 108.300 91.90 29.61
1 108.300 51.18 25.31
3 108.300 112.20 13.49
4 108.327 13.62 16.61
2 108.333 46.79 69.13
0 108.400 92.02 29.53
1 108.400 51.19 25.32
3 108.400 112.20 13.49
4 108.427 13.63 16.60
2 108.438 46.76 69.21
0 108.500 92.15 29.45
1 108.500 51.20 25.32
3 108.500 112.20 13.49
4 108.528 13.64 16.60
2 108.542 46.73 69.29
0 108.600 92.28 29.37
1 108.600 51.21 25.33
3 108.600 112.20 13.50
4 108.629 13.65 16.60
2 108.646 46.70 69.38
0 108.700 92.41 29.30
1 108.700 51.22 25.33
3 108.700 112.20 13.50
4 108.730 13.66 16.60
2 108.750 46.67 69.46
0 108.800 92.53 29.22
1 108.800 51.23 25.33
3 108.800 112.20 13.50
4 108.831 13.66 16.60
2 108.854 46.64 69.54
0 108.900 92.66 29.14
1 108.900 51.23 25.34
3 108.900 112.21 13.50
4 108.931 13.67 16.60
2 108.958 46.61 69.62
0 109.000 92.79 29.06
1 109.000 51.24 25.34
3 109.000 112.21 13.51
4 109.032 13.68 16.60
2 109.062 46.58 69.71
0 109.100 92.92 28.98
1 109.100 51.25 25.35
3 109.100 112.21 13.51
4 109.133 13.69 16.60
2 109.167 46.55 69.79
0 109.200 93.05 28.90
1 109.200 51.26 25.35
3 109.200 112.21 13.51
4 109.234 13.70 16.60
2 109.271 46.52 69.87
0 109.300 93.17 28.82
1 109.300 51.27 25.36
3 109.300 112.21 13.51
4 109.335 13.71 16.60
2 109.375 46.50 69.95
0 109.400 93.30 28.75
1 109.400 51.28 25.36
3 109.400 112.21 13.52
4 109.435 13.71 16.60
2 109.479 46.47 70.03
0 109.500 93.43 28.67
1 109.500 51.29 25.36
3 109.500 112.21 13.52
4 109.536 13.72 16.60
2 109.583 46.44 70.12
0 109.600 93.56 28.59
1 109.600 51.30 25.37
3 109.600 112.21 13.52
4 109.637 13.73 16.60
2 109.688 46.41 70.20
0 109.700 93.68 28.51
1 109.700 51.31 25.37
3 109.700 112.21 13.52
4 109.738 13.74 16.60
2 109.792 46.38 70.28
0 109.800 93.81 28.43
1 109.800 51.32 25.38
3 109.800 112.21 13.53
4 109.839 13.75 16.59
2 109.896 46.35 70.36
0 109.900 93.94 28.35
1 109.900 51.33 25.38
3 109.900 112.21 13.53
4 109.940 13.76 16.59
2 110.000 46.32 70.45
0 110.000 94.07 28.27
0 110.000 94.07 28.27
1 110.000 51.33 25.39
2 110.000 46.32 70.45
3 110.000 112.21 13.53
4 110.040 13.76 16.59
0 110.100 94.21 28.21
1 110.100 51.34 25.39
2 110.100 46.31 70.46
3 110.100 112.21 13.53
4 110.141 13.77 16.59
0 110.200 94.34 28.15
1 110.200 51.35 25.39
2 110.200 46.30 70.48
3 110.200 112.21 13.54
4 110.242 13.78 16.59
0 110.300 94.48 28.09
1 110.300 51.36 25.40
2 110.300 46.28 70.50
3 110.300 112.21 13.54
4 110.343 13.79 16.59
0 110.400 94.62 28.03
1 110.400 51.37 25.40
2 110.400 46.27 70.52
3 110.400 112.21 13.54
4 110.444 13.80 16.59
0 110.500 94.75 27.97
1 110.500 51.38 25.41
2 110.500 46.26 70.54
3 110.500 112.21 13.55
4 110.544 13.81 16.59
0 110.600 94.89 27.90
1 110.600 51.39 25.41
3 110.600 112.21 13.55
2 110.600 46.25 70.56
4 110.645 13.81 16.59
0 110.700 95.03 27.84
1 110.700 51.40 25.42
2 110.700 46.23 70.57
3 110.700 112.21 13.55
4 110.746 13.82 16.59
0 110.800 95.16 27.78
1 110.800 51.41 25.42
3 110.800 112.21 13.55
2 110.800 46.22 70.59
4 110.847 13.83 16.59
0 110.900 95.30 27.72
1 110.900 51.42 25.42
2 110.900 46.21 70.61
3 110.900 112.21 13.56
4 110.948 13.84 16.59
0 111.000 95.44 27.66
1 111.000 51.42 25.43
2 111.000 46.20 70.63
3 111.000 112.21 13.56
4 111.048 13.85 16.59
0 111.100 95.57 27.60
1 111.100 51.43 25.43
3 111.100 112.21 13.56
2 111.100 46.19 70.65
4 111.149 13.85 16.59
0 111.200 95.71 27.54
1 111.200 51.44 25.44
2 111.200 46.17 70.66
3 111.200 112.21 13.56
4 111.250 13.86 16.58
0 111.300 95.85 27.47
1 111.300 51.45 25.44
3 111.300 112.21 13.57
2 111.300 46.16 70.68
4 111.351 13.87 16.58
0 111.400 95.98 27.41
1 111.400 51.46 25.45
2 111.400 46.15 70.70
3 111.400 112.21 13.57
4 111.452 13.88 16.58
0 111.500 96.12 27.35
1 111.500 51.47 25.45
3 111.500 112.21 13.57
2 111.500 46.14 70.72
4 111.552 13.89 16.58
0 111.600 96.26 27.29
1 111.600 51.48 25.45
3 111.600 112.21 13.57
2 111.600 46.12 70.74
4 111.653 13.90 16.58
0 111.700 96.39 27.23
1 111.700 51.49 25.46
2 111.700 46.11 70.75
3 111.700 112.21 13.58
4 111.754 13.90 16.58
0 111.800 96.53 27.17
1 111.800 51.50 25.46
3 111.800 112.21 13.58
2 111.800 46.10 70.77
4 111.855 13.91 16.58
0 111.900 96.67 27.10
1 111.900 51.51 25.47
2 111.900 46.09 70.79
3 111.900 112.21 13.58
4 111.956 13.92 16.58
0 112.000 96.80 27.04
1 112.000 51.51 25.47
3 112.000 112.21 13.58
2 112.000 46.07 70.81
4 112.056 13.93 16.58
0 112.100 96.94 26.98
1 112.100 51.52 25.47
3 112.100 112.21 13.59
2 112.100 46.06 70.83
4 112.157 13.94 16.58
0 112.200 97.08 26.92
1 112.200 51.53 25.48
3 112.200 112.21 13.59
2 112.200 46.05 70.84
4 112.258 13.95 16.58
0 112.300 97.21 26.86
1 112.300 51.54 25.48
3 112.300 112.21 13.59
2 112.300 46.04 70.86
4 112.359 13.95 16.58
0 112.400 97.35 26.80
1 112.400 51.55 25.49
3 112.400 112.21 13.59
2 112.400 46.03 70.88
4 112.460 13.96 16.58
0 112.500 97.49 26.73
0 112.500 97.49 26.73
1 112.500 51.56 25.49
3 112.500 112.21 13.60
2 112.500 46.01 70.90
4 112.560 13.97 16.57
0 112.600 97.59 26.63
1 112.600 51.57 25.50
3 112.600 112.21 13.60
2 112.600 46.00 70.92
4 112.661 13.98 16.57
0 112.700 97.70 26.52
1 112.700 51.58 25.50
3 112.700 112.21 13.60
2 112.700 45.99 70.94
4 112.762 13.99 16.57
0 112.800 97.80 26.41
1 112.800 51.59 25.50
3 112.800 112.21 13.60
2 112.800 45.98 70.95
4 112.863 13.99 16.57
0 112.900 97.91 26.31
1 112.900 51.60 25.51
3 112.900 112.21 13.61
2 112.900 45.96 70.97
4 112.964 14.00 16.57
0 113.000 98.01 26.20
1 113.000 51.60 25.51
3 113.000 112.21 13.61
2 113.000 45.95 70.99
4 113.065 14.01 16.57
0 113.100 98.12 26.09
1 113.100 51.61 25.52
3 113.100 112.21 13.61
2 113.100 45.94 71.01
4 113.165 14.02 16.57
0 113.200 98.22 25.98
1 113.200 51.62 25.52
3 113.200 112.21 13.61
2 113.200 45.93 71.03
4 113.266 14.03 16.57
0 113.300 98.33 25.88
1 113.300 51.63 25.53
3 113.300 112.21 13.62
2 113.300 45.92 71.04
4 113.367 14.04 16.57
0 113.400 98.43 25.77
1 113.400 51.64 25.53
3 113.400 112.21 13.62
2 113.400 45.90 71.06
4 113.468 14.04 16.57
0 113.500 98.53 25.66
1 113.500 51.65 25.53
3 113.500 112.21 13.62
2 113.500 45.89 71.08
4 113.569 14.05 16.57
0 113.600 98.64 25.55
1 113.600 51.66 25.54
3 113.600 112.22 13.62
2 113.600 45.88 71.10
4 113.669 14.06 16.57
0 113.700 98.74 25.45
1 113.700 51.67 25.54
3 113.700 112.22 13.63
2 113.700 45.87 71.12
4 113.770 14.07 16.57
0 113.800 98.85 25.34
1 113.800 51.68 25.55
3 113.800 112.22 13.63
2 113.800 45.85 71.13
4 113.871 14.08 16.57
0 113.900 98.95 25.23
1 113.900 51.69 25.55
3 113.900 112.22 13.63
2 113.900 45.84 71.15
4 113.972 14.09 16.56
0 114.000 99.06 25.12
1 114.000 51.69 25.56
3 114.000 112.22 13.64
2 114.000 45.83 71.17
4 114.073 14.09 16.56
0 114.100 99.16 25.02
1 114.100 51.70 25.56
3 114.100 112.22 13.64
2 114.100 45.82 71.19
4 114.173 14.10 16.56
0 114.200 99.27 24.91
1 114.200 51.71 25.56
3 114.200 112.22 13.64
2 114.200 45.80 71.21
4 114.274 14.11 16.56
0 114.300 99.37 24.80
1 114.300 51.72 25.57
3 114.300 112.22 13.64
2 114.300 45.79 71.23
4 114.375 14.12 16.56
0 114.400 99.48 24.69
1 114.400 51.73 25.57
3 114.400 112.22 13.65
2 114.400 45.78 71.24
4 114.476 14.13 16.56
0 114.500 99.58 24.59
1 114.500 51.74 25.58
3 114.500 112.22 13.65
2 114.500 45.77 71.26
4 114.577 14.14 16.56
0 114.600 99.69 24.48
1 114.600 51.75 25.58
3 114.600 112.22 13.65
2 114.600 45.76 71.28
4 114.677 14.14 16.56
0 114.700 99.79 24.37
1 114.700 51.76 25.58
3 114.700 112.22 13.65
2 114.700 45.74 71.30
4 114.778 14.15 16.56
0 114.800 99.90 24.26
1 114.800 51.77 25.59
3 114.800 112.22 13.66
2 114.800 45.73 71.32
4 114.879 14.16 16.56
0 114.900 100.00 24.16
1 114.900 51.78 25.59
3 114.900 112.22 13.66
2 114.900 45.72 71.33
4 114.980 14.17 16.56
0 115.000 100.10 24.05
0 115.000 100.10 24.05
1 115.000 51.79 25.60
2 115.000 45.71 71.35
3 115.000 112.22 13.66
2 115.000 45.71 71.35
4 115.081 14.18 16.56
0 115.100 100.18 23.98
1 115.100 51.79 25.60
2 115.100 45.66 71.39
3 115.100 112.22 13.66
4 115.181 14.18 16.56
0 115.200 100.26 23.90
1 115.200 51.80 25.61
2 115.200 45.60 71.42
3 115.200 112.22 13.67
4 115.282 14.19 16.56
0 115.300 100.33 23.83
1 115.300 51.81 25.61
2 115.300 45.55 71.45
3 115.300 112.22 13.67
4 115.383 14.20 16.55
0 115.400 100.41 23.76
1 115.400 51.82 25.61
2 115.400 45.50 71.49
3 115.400 112.22 13.67
4 115.484 14.21 16.55
0 115.500 100.48 23.69
1 115.500 51.83 25.62
2 115.500 45.45 71.52
3 115.500 112.22 13.67
4 115.585 14.22 16.55
0 115.600 100.56 23.61
1 115.600 51.84 25.62
2 115.600 45.40 71.55
3 115.600 112.22 13.68
4 115.685 14.23 16.55
0 115.700 100.63 23.54
1 115.700 51.85 25.63
2 115.700 45.35 71.59
3 115.700 112.22 13.68
4 115.786 14.23 16.55
0 115.800 100.71 23.47
1 115.800 51.86 25.63
2 115.800 45.30 71.62
3 115.800 112.22 13.68
4 115.887 14.24 16.55
0 115.900 100.78 23.40
1 115.900 51.87 25.64
2 115.900 45.25 71.66
3 115.900 112.22 13.68
4 115.988 14.25 16.55
0 116.000 100.86 23.33
1 116.000 51.88 25.64
2 116.000 45.20 71.69
3 116.000 112.22 13.69
4 116.089 14.26 16.55
0 116.100 100.93 23.25
1 116.100 51.88 25.64
3 116.100 112.22 13.69
2 116.100 45.14 71.72
4 116.190 14.27 16.55
0 116.200 101.01 23.18
1 116.200 51.89 25.65
2 116.200 45.09 71.76
3 116.200 112.22 13.69
4 116.290 14.28 16.55
0 116.300 101.08 23.11
1 116.300 51.90 25.65
2 116.300 45.04 71.79
3 116.300 112.22 13.69
4 116.391 14.28 16.55
0 116.400 101.16 23.04
1 116.400 51.91 25.66
2 116.400 44.99 71.82
3 116.400 112.22 13.70
4 116.492 14.29 16.55
0 116.500 101.23 22.96
1 116.500 51.92 25.66
2 116.500 44.94 71.86
3 116.500 112.22 13.70
4 116.593 14.30 16.55
0 116.600 101.31 22.89
1 116.600 51.93 25.67
3 116.600 112.22 13.70
2 116.600 44.89 71.89
4 116.694 14.31 16.55
0 116.700 101.38 22.82
1 116.700 51.94 25.67
2 116.700 44.84 71.93
3 116.700 112.22 13.70
4 116.794 14.32 16.54
0 116.800 101.46 22.75
1 116.800 51.95 25.67
3 116.800 112.22 13.71
2 116.800 44.79 71.96
4 116.895 14.33 16.54
0 116.900 101.54 22.67
1 116.900 51.96 25.68
2 116.900 44.74 71.99
3 116.900 112.22 13.71
4 116.996 14.33 16.54
0 117.000 101.61 22.60
1 117.000 51.97 25.68
2 117.000 44.68 72.03
3 117.000 112.22 13.71
4 117.097 14.34 16.54
0 117.100 101.69 22.53
1 117.100 51.97 25.69
3 117.100 112.22 13.71
2 117.100 44.63 72.06
4 117.198 14.35 16.54
0 117.200 101.76 22.46
1 117.200 51.98 25.69
2 117.200 44.58 72.09
3 117.200 112.22 13.72
4 117.298 14.36 16.54
0 117.300 101.84 22.39
1 117.300 51.99 25.69
3 117.300 112.22 13.72
2 117.300 44.53 72.13
4 117.399 14.37 16.54
0 117.400 101.91 22.31
1 117.400 52.00 25.70
2 117.400 44.48 72.16
3 117.400 112.22 13.72
4 117.500 14.37 16.54
0 117.500 101.99 22.24
0 117.500 101.99 22.24
1 117.500 52.01 25.70
1 117.500 52.01 25.70
2 117.500 44.43 72.20
2 117.500 44.43 72.20
3 117.500 112.22 13.73
3 117.500 112.22 13.73
4 117.500 14.37 16.54
1 117.600 52.01 25.72
2 117.600 44.36 72.19
4 117.600 14.42 16.54
3 117.601 112.22 13.73
0 117.604 102.10 22.14
1 117.700 52.02 25.73
2 117.700 44.30 72.19
4 117.700 14.47 16.55
3 117.701 112.23 13.73
0 117.708 102.22 22.03
1 117.800 52.02 25.74
2 117.800 44.24 72.19
4 117.800 14.52 16.55
3 117.802 112.23 13.73
0 117.812 102.34 21.93
1 117.900 52.03 25.75
2 117.900 44.17 72.19
4 117.900 14.57 16.56
3 117.903 112.23 13.73
0 117.917 102.45 21.82
1 118.000 52.03 25.77
2 118.000 44.11 72.19
4 118.000 14.61 16.56
3 118.003 112.23 13.73
0 118.021 102.57 21.72
1 118.100 52.04 25.78
2 118.100 44.05 72.18
4 118.100 14.66 16.57
3 118.104 112.23 13.73
0 118.125 102.68 21.61
1 118.200 52.04 25.79
2 118.200 43.98 72.18
4 118.200 14.71 16.57
3 118.205 112.23 13.73
0 118.229 102.80 21.51
1 118.300 52.04 25.80
2 118.300 43.92 72.18
4 118.300 14.76 16.58
3 118.305 112.24 13.73
0 118.333 102.92 21.41
1 118.400 52.05 25.82
2 118.400 43.86 72.18
4 118.400 14.80 16.58
3 118.406 112.24 13.74
0 118.438 103.03 21.30
1 118.500 52.05 25.83
2 118.500 43.79 72.18
4 118.500 14.85 16.59
3 118.507 112.24 13.74
0 118.542 103.15 21.20
1 118.600 52.06 25.84
2 118.600 43.73 72.17
4 118.600 14.90 16.59
3 118.607 112.24 13.74
0 118.646 103.27 21.09
1 118.700 52.06 25.85
2 118.700 43.67 72.17
4 118.700 14.95 16.60
3 118.708 112.24 13.74
0 118.750 103.38 20.99
1 118.800 52.07 25.87
2 118.800 43.60 72.17
4 118.800 15.00 16.60
3 118.809 112.24 13.74
0 118.854 103.50 20.88
1 118.900 52.07 25.88
2 118.900 43.54 72.17
4 118.900 15.04 16.61
3 118.909 112.24 13.74
0 118.958 103.62 20.78
1 119.000 52.07 25.89
2 119.000 43.47 72.17
4 119.000 15.09 16.61
3 119.010 112.25 13.74
0 119.062 103.73 20.68
1 119.100 52.08 25.90
2 119.100 43.41 72.17
4 119.100 15.14 16.62
3 119.111 112.25 13.74
0 119.167 103.85 20.57
1 119.200 52.08 25.92
2 119.200 43.35 72.16
4 119.200 15.19 16.62
3 119.211 112.25 13.74
0 119.271 103.96 20.47
1 119.300 52.09 25.93
2 119.300 43.28 72.16
4 119.300 15.23 16.63
3 119.312 112.25 13.75
0 119.375 104.08 20.36
1 119.400 52.09 25.94
2 119.400 43.22 72.16
4 119.400 15.28 16.63
3 119.413 112.25 13.75
0 119.479 104.20 20.26
1 119.500 52.10 25.95
2 119.500 43.16 72.16
4 119.500 15.33 16.64
3 119.513 112.25 13.75
0 119.583 104.31 20.15
1 119.600 52.10 25.97
2 119.600 43.09 72.16
4 119.600 15.38 16.64
3 119.614 112.25 13.75
0 119.688 104.43 20.05
1 119.700 52.10 25.98
2 119.700 43.03 72.15
4 119.700 15.42 16.65
3 119.715 112.26 13.75
0 119.792 104.55 19.95
1 119.800 52.11 25.99
2 119.800 42.97 72.15
4 119.800 15.47 16.65
3 119.815 112.26 13.75
0 119.896 104.66 19.84
1 119.900 52.11 26.00
2 119.900 42.90 72.15
4 119.900 15.52 16.66
3 119.916 112.26 13.75
0 120.000 104.78 19.74
0 120.000 104.78 19.74
1 120.000 52.12 26.02
2 120.000 42.84 72.15
2 120.000 42.84 72.15
4 120.000 15.57 16.66
4 120.000 15.57 16.66
3 120.017 112.26 13.75
0 120.100 104.78 19.73
1 120.100 52.12 26.03
2 120.100 42.72 72.16
4 120.104 15.58 16.66
3 120.117 112.26 13.76
0 120.200 104.79 19.73
1 120.200 52.12 26.04
2 120.200 42.60 72.16
4 120.208 15.58 16.67
3 120.218 112.26 13.76
0 120.300 104.80 19.73
1 120.300 52.13 26.05
2 120.300 42.49 72.17
4 120.312 15.59 16.67
3 120.319 112.26 13.76
0 120.400 104.80 19.73
1 120.400 52.13 26.07
2 120.400 42.37 72.18
4 120.417 15.60 16.67
3 120.419 112.27 13.76
0 120.500 104.81 19.73
1 120.500 52.14 26.08
2 120.500 42.25 72.19
3 120.520 112.27 13.76
4 120.521 15.61 16.67
1 120.600 52.14 26.09
2 120.600 42.13 72.20
0 120.600 104.81 19.73
3 120.621 112.27 13.76
4 120.625 15.61 16.68
0 120.700 104.82 19.72
1 120.700 52.15 26.10
2 120.700 42.01 72.20
3 120.721 112.27 13.76
4 120.729 15.62 16.68
0 120.800 104.82 19.72
1 120.800 52.15 26.12
2 120.800 41.90 72.21
3 120.822 112.27 13.76
4 120.833 15.63 16.68
0 120.900 104.83 19.72
1 120.900 52.15 26.13
2 120.900 41.78 72.22
3 120.923 112.27 13.76
4 120.938 15.64 16.68
0 121.000 104.84 19.72
1 121.000 52.16 26.14
2 121.000 41.66 72.23
3 121.023 112.27 13.77
4 121.042 15.64 16.69
1 121.100 52.16 26.15
2 121.100 41.54 72.24
0 121.100 104.84 19.72
3 121.124 112.28 13.77
4 121.146 15.65 16.69
0 121.200 104.85 19.72
1 121.200 52.17 26.17
2 121.200 41.42 72.24
3 121.225 112.28 13.77
4 121.250 15.66 16.69
1 121.300 52.17 26.18
2 121.300 41.31 72.25
0 121.300 104.85 19.71
3 121.326 112.28 13.77
4 121.354 15.67 16.69
0 121.400 104.86 19.71
1 121.400 52.18 26.19
2 121.400 41.19 72.26
3 121.426 112.28 13.77
4 121.458 15.68 16.70
0 121.500 104.87 19.71
1 121.500 52.18 26.20
2 121.500 41.07 72.27
3 121.527 112.28 13.77
4 121.562 15.68 16.70
1 121.600 52.18 26.22
2 121.600 40.95 72.28
0 121.600 104.87 19.71
3 121.628 112.28 13.77
4 121.667 15.69 16.70
0 121.700 104.88 19.71
1 121.700 52.19 26.23
2 121.700 40.83 72.29
3 121.728 112.29 13.77
4 121.771 15.70 16.70
1 121.800 52.19 26.24
2 121.800 40.72 72.29
0 121.800 104.88 19.71
3 121.829 112.29 13.77
4 121.875 15.71 16.71
0 121.900 104.89 19.70
1 121.900 52.20 26.25
2 121.900 40.60 72.30
3 121.930 112.29 13.78
4 121.979 15.71 16.71
0 122.000 104.89 19.70
1 122.000 52.20 26.27
2 122.000 40.48 72.31
3 122.030 112.29 13.78
4 122.083 15.72 16.71
1 122.100 52.20 26.28
2 122.100 40.36 72.32
0 122.100 104.90 19.70
3 122.131 112.29 13.78
4 122.187 15.73 16.71
0 122.200 104.91 19.70
1 122.200 52.21 26.29
2 122.200 40.24 72.33
3 122.232 112.29 13.78
4 122.292 15.74 16.72
1 122.300 52.21 26.30
2 122.300 40.13 72.33
0 122.300 104.91 19.70
3 122.332 112.29 13.78
4 122.396 15.74 16.72
0 122.400 104.92 19.69
1 122.400 52.22 26.32
2 122.400 40.01 72.34
3 122.433 112.30 13.78
4 122.500 15.75 16.72
0 122.500 104.92 19.69
1 122.500 52.22 26.33
2 122.500 39.89 72.35
2 122.500 39.89 72.35
4 122.500 15.75 16.72
0 122.500 104.92 19.69
3 122.534 112.30 13.78
0 122.600 104.95 19.67
1 122.600 52.23 26.34
2 122.600 39.83 72.35
4 122.604 15.78 16.73
3 122.634 112.30 13.78
0 122.700 104.97 19.66
1 122.700 52.23 26.35
2 122.700 39.76 72.35
4 122.708 15.80 16.74
3 122.735 112.30 13.79
0 122.800 104.99 19.64
1 122.800 52.23 26.37
2 122.800 39.70 72.35
4 122.812 15.82 16.76
3 122.836 112.30 13.79
0 122.900 105.02 19.62
1 122.900 52.24 26.38
2 122.900 39.63 72.35
4 122.917 15.85 16.77
3 122.936 112.30 13.79
0 123.000 105.04 19.60
1 123.000 52.24 26.39
2 123.000 39.57 72.35
4 123.021 15.87 16.78
3 123.037 112.30 13.79
0 123.100 105.07 19.58
1 123.100 52.25 26.41
2 123.100 39.51 72.35
4 123.125 15.90 16.79
3 123.138 112.31 13.79
0 123.200 105.09 19.57
1 123.200 52.25 26.42
2 123.200 39.44 72.35
4 123.229 15.92 16.80
3 123.238 112.31 13.79
0 123.300 105.11 19.55
1 123.300 52.26 26.43
2 123.300 39.38 72.34
4 123.333 15.94 16.81
3 123.339 112.31 13.79
0 123.400 105.14 19.53
1 123.400 52.26 26.44
2 123.400 39.31 72.34
4 123.438 15.97 16.82
3 123.440 112.31 13.79
0 123.500 105.16 19.51
1 123.500 52.26 26.46
2 123.500 39.25 72.34
3 123.540 112.31 13.79
4 123.542 15.99 16.83
0 123.600 105.18 19.49
1 123.600 52.27 26.47
2 123.600 39.19 72.34
3 123.641 112.31 13.80
4 123.646 16.02 16.84
0 123.700 105.21 19.47
1 123.700 52.27 26.48
2 123.700 39.12 72.34
3 123.742 112.31 13.80
4 123.750 16.04 16.86
0 123.800 105.23 19.46
1 123.800 52.28 26.49
2 123.800 39.06 72.34
3 123.842 112.32 13.80
4 123.854 16.06 16.87
0 123.900 105.26 19.44
1 123.900 52.28 26.51
2 123.900 38.99 72.34
3 123.943 112.32 13.80
4 123.958 16.09 16.88
0 124.000 105.28 19.42
1 124.000 52.28 26.52
2 124.000 38.93 72.34
3 124.044 112.32 13.80
4 124.062 16.11 16.89
0 124.100 105.30 19.40
1 124.100 52.29 26.53
2 124.100 38.86 72.34
3 124.144 112.32 13.80
4 124.167 16.14 16.90
0 124.200 105.33 19.38
1 124.200 52.29 26.54
2 124.200 38.80 72.34
3 124.245 112.32 13.80
4 124.271 16.16 16.91
0 124.300 105.35 19.37
1 124.300 52.30 26.56
2 124.300 38.74 72.34
3 124.346 112.32 13.80
4 124.375 16.18 16.92
0 124.400 105.38 19.35
1 124.400 52.30 26.57
2 124.400 38.67 72.34
3 124.446 112.32 13.80
4 124.479 16.21 16.93
0 124.500 105.40 19.33
1 124.500 52.31 26.58
2 124.500 38.61 72.34
3 124.547 112.33 13.81
4 124.583 16.23 16.94
0 124.600 105.42 19.31
1 124.600 52.31 26.59
2 124.600 38.54 72.34
3 124.648 112.33 13.81
4 124.688 16.26 16.95
0 124.700 105.45 19.29
1 124.700 52.31 26.61
2 124.700 38.48 72.34
3 124.748 112.33 13.81
4 124.792 16.28 16.97
0 124.800 105.47 19.27
1 124.800 52.32 26.62
2 124.800 38.42 72.33
3 124.849 112.33 13.81
4 124.896 16.30 16.98
0 124.900 105.49 19.26
1 124.900 52.32 26.63
2 124.900 38.35 72.33
3 124.950 112.33 13.81
0 125.000 105.52 19.24
0 125.000 105.52 19.24
1 125.000 52.33 26.64
1 125.000 52.33 26.64
2 125.000 38.29 72.33
2 125.000 38.29 72.33
4 125.000 16.33 16.99
4 125.000 16.33 16.99
3 125.050 112.33 13.81
0 125.100 105.52 19.24
1 125.100 52.33 26.72
4 125.100 16.35 16.99
2 125.104 38.24 72.37
3 125.151 112.34 13.81
0 125.200 105.53 19.23
1 125.200 52.33 26.80
4 125.200 16.38 17.00
2 125.208 38.19 72.40
3 125.252 112.34 13.81
0 125.300 105.53 19.23
1 125.300 52.33 26.88
4 125.300 16.41 17.00
2 125.312 38.13 72.43
3 125.352 112.34 13.82
0 125.400 105.53 19.23
1 125.400 52.33 26.96
4 125.400 16.43 17.01
2 125.417 38.08 72.46
3 125.453 112.34 13.82
0 125.500 105.54 19.23
1 125.500 52.34 27.04
4 125.500 16.46 17.01
2 125.521 38.03 72.50
3 125.554 112.34 13.82
0 125.600 105.54 19.22
1 125.600 52.34 27.12
4 125.600 16.49 17.02
2 125.625 37.98 72.53
3 125.654 112.34 13.82
0 125.700 105.54 19.22
1 125.700 52.34 27.20
4 125.700 16.51 17.02
2 125.729 37.93 72.56
3 125.755 112.34 13.82
0 125.800 105.55 19.22
1 125.800 52.34 27.28
4 125.800 16.54 17.03
2 125.833 37.88 72.59
3 125.856 112.35 13.82
0 125.900 105.55 19.21
1 125.900 52.34 27.36
4 125.900 16.56 17.03
2 125.938 37.83 72.63
3 125.956 112.35 13.82
0 126.000 105.56 19.21
1 126.000 52.34 27.44
4 126.000 16.59 17.04
2 126.042 37.78 72.66
3 126.057 112.35 13.82
0 126.100 105.56 19.21
1 126.100 52.35 27.52
4 126.100 16.62 17.04
2 126.146 37.73 72.69
3 126.158 112.35 13.82
0 126.200 105.56 19.21
1 126.200 52.35 27.60
4 126.200 16.64 17.05
2 126.250 37.68 72.73
3 126.258 112.35 13.83
0 126.300 105.57 19.20
1 126.300 52.35 27.68
4 126.300 16.67 17.05
2 126.354 37.62 72.76
3 126.359 112.35 13.83
0 126.400 105.57 19.20
1 126.400 52.35 27.76
4 126.400 16.70 17.06
2 126.458 37.57 72.79
3 126.460 112.35 13.83
0 126.500 105.57 19.20
1 126.500 52.35 27.84
4 126.500 16.72 17.06
3 126.560 112.36 13.83
2 126.562 37.52 72.82
0 126.600 105.58 19.20
1 126.600 52.36 27.92
4 126.600 16.75 17.07
3 126.661 112.36 13.83
2 126.667 37.47 72.86
0 126.700 105.58 19.19
1 126.700 52.36 28.00
4 126.700 16.78 17.07
3 126.762 112.36 13.83
2 126.771 37.42 72.89
0 126.800 105.58 19.19
1 126.800 52.36 28.08
4 126.800 16.80 17.08
3 126.862 112.36 13.83
2 126.875 37.37 72.92
0 126.900 105.59 19.19
1 126.900 52.36 28.16
4 126.900 16.83 17.08
3 126.963 112.36 13.83
2 126.979 37.32 72.95
0 127.000 105.59 19.19
1 127.000 52.36 28.24
4 127.000 16.85 17.09
3 127.064 112.36 13.84
2 127.083 37.27 72.99
0 127.100 105.60 19.18
1 127.100 52.36 28.32
4 127.100 16.88 17.09
3 127.164 112.36 13.84
2 127.188 37.22 73.02
0 127.200 105.60 19.18
1 127.200 52.37 28.40
4 127.200 16.91 17.09
3 127.265 112.37 13.84
2 127.292 37.17 73.05
0 127.300 105.60 19.18
1 127.300 52.37 28.48
4 127.300 16.93 17.10
3 127.366 112.37 13.84
2 127.396 37.11 73.08
0 127.400 105.61 19.18
1 127.400 52.37 28.56
4 127.400 16.96 17.10
3 127.466 112.37 13.84
0 127.500 105.61 19.17
1 127.500 52.37 28.64
1 127.500 52.37 28.64
2 127.500 37.06 73.12
2 127.500 37.06 73.12
4 127.500 16.99 17.11
4 127.500 16.99 17.11
3 127.567 112.37 13.84
0 127.600 105.61 19.17
1 127.600 52.33 28.70
4 127.600 17.04 17.13
2 127.601 37.06 73.13
3 127.668 112.37 13.84
0 127.700 105.62 19.17
1 127.700 52.29 28.75
4 127.700 17.10 17.14
2 127.701 37.06 73.14
3 127.768 112.37 13.84
0 127.800 105.62 19.17
1 127.800 52.25 28.81
4 127.800 17.16 17.16
2 127.802 37.06 73.15
3 127.869 112.37 13.84
0 127.900 105.63 19.16
1 127.900 52.20 28.87
4 127.900 17.22 17.17
2 127.903 37.06 73.16
3 127.970 112.38 13.85
0 128.000 105.63 19.16
1 128.000 52.16 28.92
4 128.000 17.27 17.19
2 128.003 37.06 73.17
3 128.070 112.38 13.85
0 128.100 105.63 19.16
1 128.100 52.12 28.98
4 128.100 17.33 17.20
2 128.104 37.06 73.18
3 128.171 112.38 13.85
0 128.200 105.64 19.15
1 128.200 52.08 29.04
4 128.200 17.39 17.22
2 128.205 37.06 73.18
3 128.272 112.38 13.85
0 128.300 105.64 19.15
1 128.300 52.04 29.10
4 128.300 17.44 17.24
2 128.305 37.05 73.19
3 128.372 112.38 13.85
0 128.400 105.64 19.15
1 128.400 52.00 29.15
4 128.400 17.50 17.25
2 128.406 37.05 73.20
3 128.473 112.38 13.85
0 128.500 105.65 19.15
1 128.500 51.96 29.21
4 128.500 17.56 17.27
2 128.507 37.05 73.21
3 128.574 112.39 13.85
0 128.600 105.65 19.14
1 128.600 51.91 29.27
4 128.600 17.62 17.28
2 128.607 37.05 73.22
3 128.674 112.39 13.85
0 128.700 105.65 19.14
1 128.700 51.87 29.33
4 128.700 17.67 17.30
2 128.708 37.05 73.23
3 128.775 112.39 13.85
0 128.800 105.66 19.14
1 128.800 51.83 29.38
4 128.800 17.73 17.32
2 128.809 37.05 73.24
3 128.876 112.39 13.86
0 128.900 105.66 19.14
1 128.900 51.79 29.44
4 128.900 17.79 17.33
2 128.909 37.05 73.25
3 128.977 112.39 13.86
0 129.000 105.67 19.13
1 129.000 51.75 29.50
4 129.000 17.85 17.35
2 129.010 37.05 73.26
3 129.077 112.39 13.86
0 129.100 105.67 19.13
1 129.100 51.71 29.55
4 129.100 17.90 17.36
2 129.111 37.04 73.27
3 129.178 112.39 13.86
0 129.200 105.67 19.13
1 129.200 51.67 29.61
4 129.200 17.96 17.38
2 129.211 37.04 73.28
3 129.279 112.40 13.86
0 129.300 105.68 19.13
1 129.300 51.62 29.67
4 129.300 18.02 17.40
2 129.312 37.04 73.29
3 129.379 112.40 13.86
0 129.400 105.68 19.12
1 129.400 51.58 29.73
4 129.400 18.08 17.41
2 129.413 37.04 73.30
3 129.480 112.40 13.86
0 129.500 105.68 19.12
1 129.500 51.54 29.78
4 129.500 18.13 17.43
2 129.513 37.04 73.31
3 129.581 112.40 13.86
0 129.600 105.69 19.12
1 129.600 51.50 29.84
4 129.600 18.19 17.44
2 129.614 37.04 73.32
3 129.681 112.40 13.87
0 129.700 105.69 19.12
1 129.700 51.46 29.90
4 129.700 18.25 17.46
2 129.715 37.04 73.33
3 129.782 112.40 13.87
0 129.800 105.70 19.11
1 129.800 51.42 29.95
4 129.800 18.30 17.48
2 129.815 37.04 73.34
3 129.883 112.40 13.87
0 129.900 105.70 19.11
1 129.900 51.37 30.01
4 129.900 18.36 17.49
2 129.916 37.04 73.35
3 129.983 112.41 13.87
0 130.000 105.70 19.11
0 130.000 105.70 19.11
1 130.000 51.33 30.07
1 130.000 51.33 30.07
4 130.000 18.42 17.51
4 130.000 18.42 17.51
2 130.017 37.03 73.36
3 130.084 112.41 13.87
0 130.100 105.77 19.05
1 130.100 51.22 30.14
4 130.102 18.43 17.53
2 130.117 37.03 73.37
3 130.185 112.41 13.87
0 130.200 105.84 18.99
1 130.200 51.10 30.21
4 130.204 18.45 17.54
2 130.218 37.03 73.38
3 130.285 112.41 13.87
0 130.300 105.91 18.93
1 130.300 50.98 30.28
4 130.306 18.46 17.56
2 130.319 37.03 73.39
3 130.386 112.41 13.87
0 130.400 105.98 18.87
1 130.400 50.86 30.35
4 130.408 18.48 17.58
2 130.419 37.03 73.40
3 130.487 112.41 13.87
0 130.500 106.05 18.81
1 130.500 50.75 30.42
4 130.510 18.49 17.60
2 130.520 37.03 73.41
3 130.587 112.41 13.88
0 130.600 106.12 18.75
1 130.600 50.63 30.49
4 130.612 18.50 17.62
2 130.621 37.03 73.42
3 130.688 112.42 13.88
0 130.700 106.19 18.69
1 130.700 50.51 30.57
4 130.714 18.52 17.64
2 130.721 37.03 73.43
3 130.789 112.42 13.88
0 130.800 106.25 18.63
1 130.800 50.39 30.64
4 130.816 18.53 17.66
2 130.822 37.03 73.44
3 130.889 112.42 13.88
0 130.900 106.32 18.57
1 130.900 50.28 30.71
4 130.918 18.55 17.67
2 130.923 37.02 73.45
3 130.990 112.42 13.88
0 131.000 106.39 18.51
1 131.000 50.16 30.78
4 131.020 18.56 17.69
2 131.023 37.02 73.46
3 131.091 112.42 13.88
0 131.100 106.46 18.45
1 131.100 50.04 30.85
4 131.122 18.57 17.71
2 131.124 37.02 73.47
3 131.191 112.42 13.88
0 131.200 106.53 18.39
1 131.200 49.92 30.92
4 131.224 18.59 17.73
2 131.225 37.02 73.48
3 131.292 112.42 13.88
0 131.300 106.60 18.33
1 131.300 49.81 30.99
2 131.326 37.02 73.49
4 131.327 18.60 17.75
3 131.393 112.43 13.88
0 131.400 106.67 18.27
1 131.400 49.69 31.06
2 131.426 37.02 73.50
4 131.429 18.62 17.77
3 131.493 112.43 13.89
0 131.500 106.74 18.22
1 131.500 49.57 31.13
2 131.527 37.02 73.51
4 131.531 18.63 17.79
3 131.594 112.43 13.89
0 131.600 106.80 18.16
1 131.600 49.45 31.20
2 131.628 37.02 73.52
4 131.633 18.64 17.80
3 131.695 112.43 13.89
0 131.700 106.87 18.10
1 131.700 49.34 31.28
2 131.728 37.02 73.53
4 131.735 18.66 17.82
3 131.795 112.43 13.89
0 131.800 106.94 18.04
1 131.800 49.22 31.35
2 131.829 37.01 73.54
4 131.837 18.67 17.84
3 131.896 112.43 13.89
0 131.900 107.01 17.98
1 131.900 49.10 31.42
2 131.930 37.01 73.55
4 131.939 18.69 17.86
3 131.997 112.44 13.89
0 132.000 107.08 17.92
1 132.000 48.98 31.49
2 132.030 37.01 73.56
4 132.041 18.70 17.88
3 132.097 112.44 13.89
0 132.100 107.15 17.86
1 132.100 48.87 31.56
2 132.131 37.01 73.56
4 132.143 18.71 17.90
3 132.198 112.44 13.89
0 132.200 107.22 17.80
1 132.200 48.75 31.63
2 132.232 37.01 73.57
4 132.245 18.73 17.92
3 132.299 112.44 13.90
0 132.300 107.29 17.74
1 132.300 48.63 31.70
2 132.332 37.01 73.58
4 132.347 18.74 17.93
3 132.399 112.44 13.90
0 132.400 107.36 17.68
1 132.400 48.51 31.77
2 132.433 37.01 73.59
4 132.449 18.76 17.95
3 132.500 112.44 13.90
0 132.500 107.42 17.62
0 132.500 107.42 17.62
1 132.500 48.40 31.84
1 132.500 48.40 31.84
3 132.500 112.44 13.90
2 132.534 37.01 73.60
4 132.551 18.77 17.97
1 132.600 48.31 31.95
3 132.600 112.53 14.00
0 132.604 107.44 17.58
2 132.634 37.00 73.61
4 132.653 18.78 17.99
1 132.700 48.22 32.06
3 132.700 112.61 14.10
0 132.708 107.45 17.54
2 132.735 37.00 73.62
4 132.755 18.80 18.01
1 132.800 48.13 32.16
3 132.800 112.70 14.20
0 132.812 107.47 17.50
2 132.836 37.00 73.63
4 132.857 18.81 18.03
1 132.900 48.03 32.27
3 132.900 112.78 14.30
0 132.917 107.48 17.46
2 132.936 37.00 73.64
4 132.959 18.83 18.05
1 133.000 47.94 32.38
3 133.000 112.87 14.40
0 133.021 107.50 17.41
2 133.037 37.00 73.65
4 133.061 18.84 18.06
1 133.100 47.85 32.48
3 133.100 112.95 14.50
0 133.125 107.51 17.37
2 133.138 37.00 73.66
4 133.163 18.86 18.08
1 133.200 47.76 32.59
3 133.200 113.04 14.60
0 133.229 107.53 17.33
2 133.238 37.00 73.67
4 133.265 18.87 18.10
1 133.300 47.67 32.70
3 133.300 113.13 14.70
0 133.333 107.54 17.29
2 133.339 37.00 73.68
4 133.367 18.88 18.12
1 133.400 47.58 32.80
3 133.400 113.21 14.80
0 133.438 107.55 17.25
2 133.440 37.00 73.69
4 133.469 18.90 18.14
1 133.500 47.49 32.91
3 133.500 113.30 14.90
2 133.540 36.99 73.70
0 133.542 107.57 17.21
4 133.571 18.91 18.16
1 133.600 47.40 33.02
3 133.600 113.38 15.00
2 133.641 36.99 73.71
0 133.646 107.58 17.17
4 133.673 18.93 18.18
1 133.700 47.31 33.12
3 133.700 113.47 15.10
2 133.742 36.99 73.72
0 133.750 107.60 17.12
4 133.776 18.94 18.19
1 133.800 47.22 33.23
3 133.800 113.55 15.20
2 133.842 36.99 73.73
0 133.854 107.61 17.08
4 133.878 18.95 18.21
1 133.900 47.13 33.33
3 133.900 113.64 15.30
2 133.943 36.99 73.74
0 133.958 107.63 17.04
4 133.980 18.97 18.23
1 134.000 47.04 33.44
3 134.000 113.72 15.40
2 134.044 36.99 73.75
0 134.062 107.64 17.00
4 134.082 18.98 18.25
1 134.100 46.94 33.55
3 134.100 113.81 15.51
2 134.144 36.99 73.76
0 134.167 107.65 16.96
4 134.184 19.00 18.27
1 134.200 46.85 33.65
3 134.200 113.89 15.61
2 134.245 36.99 73.77
0 134.271 107.67 16.92
4 134.286 19.01 18.29
1 134.300 46.76 33.76
3 134.300 113.98 15.71
2 134.346 36.99 73.78
0 134.375 107.68 16.88
4 134.388 19.02 18.31
1 134.400 46.67 33.87
3 134.400 114.06 15.81
2 134.446 36.98 73.79
0 134.479 107.70 16.84
4 134.490 19.04 18.32
1 134.500 46.58 33.97
3 134.500 114.15 15.91
2 134.547 36.98 73.80
0 134.583 107.71 16.79
4 134.592 19.05 18.34
1 134.600 46.49 34.08
3 134.600 114.23 16.01
2 134.648 36.98 73.81
0 134.688 107.73 16.75
4 134.694 19.07 18.36
1 134.700 46.40 34.19
3 134.700 114.32 16.11
2 134.748 36.98 73.82
0 134.792 107.74 16.71
4 134.796 19.08 18.38
1 134.800 46.31 34.29
3 134.800 114.41 16.21
2 134.849 36.98 73.83
0 134.896 107.75 16.67
4 134.898 19.09 18.40
1 134.900 46.22 34.40
3 134.900 114.49 16.31
2 134.950 36.98 73.84
0 135.000 107.77 16.63
0 135.000 107.77 16.63
1 135.000 46.13 34.51
1 135.000 46.13 34.51
3 135.000 114.58 16.41
3 135.000 114.58 16.41
4 135.000 19.11 18.42
4 135.000 19.11 18.42
2 135.050 36.98 73.85
0 135.100 107.78 16.61
1 135.100 46.01 34.59
3 135.100 114.44 16.47
4 135.100 19.12 18.43
2 135.151 36.98 73.86
0 135.200 107.79 16.59
1 135.200 45.88 34.68
3 135.200 114.30 16.53
4 135.200 19.14 18.44
2 135.252 36.97 73.87
0 135.300 107.80 16.57
1 135.300 45.76 34.77
3 135.300 114.16 16.59
4 135.300 19.16 18.46
2 135.352 36.97 73.88
0 135.400 107.81 16.55
1 135.400 45.64 34.86
3 135.400 114.02 16.65
4 135.400 19.17 18.47
2 135.453 36.97 73.89
0 135.500 107.82 16.53
1 135.500 45.52 34.94
3 135.500 113.89 16.71
4 135.500 19.19 18.49
2 135.554 36.97 73.90
0 135.600 107.83 16.50
1 135.600 45.40 35.03
3 135.600 113.75 16.77
4 135.600 19.20 18.50
2 135.654 36.97 73.91
0 135.700 107.83 16.48
1 135.700 45.28 35.12
3 135.700 113.61 16.83
4 135.700 19.22 18.51
2 135.755 36.97 73.92
0 135.800 107.84 16.46
1 135.800 45.15 35.21
3 135.800 113.47 16.89
4 135.800 19.23 18.53
2 135.856 36.97 73.93
0 135.900 107.85 16.44
1 135.900 45.03 35.29
3 135.900 113.34 16.95
4 135.900 19.25 18.54
2 135.956 36.97 73.94
0 136.000 107.86 16.42
1 136.000 44.91 35.38
3 136.000 113.20 17.00
4 136.000 19.26 18.55
2 136.057 36.97 73.95
0 136.100 107.87 16.40
1 136.100 44.79 35.47
3 136.100 113.06 17.06
4 136.100 19.28 18.57
2 136.158 36.96 73.95
0 136.200 107.88 16.38
1 136.200 44.67 35.56
3 136.200 112.92 17.12
4 136.200 19.30 18.58
2 136.258 36.96 73.96
0 136.300 107.89 16.36
1 136.300 44.54 35.64
3 136.300 112.79 17.18
4 136.300 19.31 18.59
2 136.359 36.96 73.97
0 136.400 107.90 16.34
1 136.400 44.42 35.73
3 136.400 112.65 17.24
4 136.400 19.33 18.61
2 136.460 36.96 73.98
0 136.500 107.91 16.32
1 136.500 44.30 35.82
3 136.500 112.51 17.30
4 136.500 19.34 18.62
2 136.560 36.96 73.99
0 136.600 107.92 16.30
1 136.600 44.18 35.91
3 136.600 112.37 17.36
4 136.600 19.36 18.63
2 136.661 36.96 74.00
0 136.700 107.93 16.28
1 136.700 44.06 35.99
3 136.700 112.24 17.42
4 136.700 19.37 18.65
2 136.762 36.96 74.01
0 136.800 107.94 16.25
1 136.800 43.94 36.08
3 136.800 112.10 17.48
4 136.800 19.39 18.66
2 136.862 36.96 74.02
0 136.900 107.95 16.23
1 136.900 43.81 36.17
3 136.900 111.96 17.54
4 136.900 19.40 18.68
2 136.963 36.96 74.03
0 137.000 107.96 16.21
1 137.000 43.69 36.26
3 137.000 111.82 17.60
4 137.000 19.42 18.69
2 137.064 36.95 74.04
0 137.100 107.97 16.19
1 137.100 43.57 36.34
3 137.100 111.68 17.66
4 137.100 19.44 18.70
2 137.164 36.95 74.05
0 137.200 107.97 16.17
1 137.200 43.45 36.43
3 137.200 111.55 17.72
4 137.200 19.45 18.72
2 137.265 36.95 74.06
0 137.300 107.98 16.15
1 137.300 43.33 36.52
3 137.300 111.41 17.78
4 137.300 19.47 18.73
2 137.366 36.95 74.07
0 137.400 107.99 16.13
1 137.400 43.20 36.61
3 137.400 111.27 17.84
4 137.400 19.48 18.74
2 137.466 36.95 74.08
0 137.500 108.00 16.11
1 137.500 43.08 36.69
1 137.500 43.08 36.69
3 137.500 111.13 17.90
3 137.500 111.13 17.90
4 137.500 19.50 18.76
4 137.500 19.50 18.76
2 137.567 36.95 74.09
0 137.600 108.01 16.09
3 137.600 110.99 17.93
1 137.604 42.97 36.81
4 137.604 19.53 18.78
2 137.668 36.95 74.10
0 137.700 108.02 16.07
3 137.700 110.84 17.97
1 137.708 42.86 36.92
4 137.708 19.57 18.80
2 137.768 36.95 74.11
0 137.800 108.03 16.05
3 137.800 110.70 18.01
1 137.812 42.75 37.03
4 137.812 19.61 18.83
2 137.869 36.94 74.12
0 137.900 108.04 16.03
3 137.900 110.55 18.04
1 137.917 42.65 37.14
4 137.917 19.64 18.85
2 137.970 36.94 74.13
0 138.000 108.05 16.00
3 138.000 110.41 18.08
1 138.021 42.54 37.25
4 138.021 19.68 18.87
2 138.070 36.94 74.14
0 138.100 108.06 15.98
3 138.100 110.26 18.12
1 138.125 42.43 37.36
4 138.125 19.72 18.89
2 138.171 36.94 74.15
0 138.200 108.07 15.96
3 138.200 110.12 18.15
1 138.229 42.32 37.48
4 138.229 19.75 18.92
2 138.272 36.94 74.16
0 138.300 108.08 15.94
3 138.300 109.97 18.19
1 138.333 42.21 37.59
4 138.333 19.79 18.94
2 138.372 36.94 74.17
0 138.400 108.09 15.92
3 138.400 109.82 18.23
1 138.438 42.10 37.70
4 138.438 19.83 18.96
2 138.473 36.94 74.18
0 138.500 108.10 15.90
3 138.500 109.68 18.26
1 138.542 41.99 37.81
4 138.542 19.86 18.98
2 138.574 36.94 74.19
0 138.600 108.11 15.88
3 138.600 109.53 18.30
1 138.646 41.88 37.92
4 138.646 19.90 19.01
2 138.674 36.94 74.20
0 138.700 108.11 15.86
3 138.700 109.39 18.34
1 138.750 41.77 38.03
4 138.750 19.94 19.03
2 138.775 36.93 74.21
0 138.800 108.12 15.84
3 138.800 109.24 18.37
1 138.854 41.66 38.14
4 138.854 19.97 19.05
2 138.876 36.93 74.22
0 138.900 108.13 15.82
3 138.900 109.10 18.41
1 138.958 41.55 38.26
4 138.958 20.01 19.08
2 138.977 36.93 74.23
0 139.000 108.14 15.80
3 139.000 108.95 18.45
1 139.062 41.44 38.37
4 139.062 20.04 19.10
2 139.077 36.93 74.24
0 139.100 108.15 15.78
3 139.100 108.81 18.48
1 139.167 41.33 38.48
4 139.167 20.08 19.12
2 139.178 36.93 74.25
0 139.200 108.16 15.75
3 139.200 108.66 18.52
1 139.271 41.22 38.59
4 139.271 20.12 19.14
2 139.279 36.93 74.26
0 139.300 108.17 15.73
3 139.300 108.52 18.56
1 139.375 41.11 38.70
4 139.375 20.15 19.17
2 139.379 36.93 74.27
0 139.400 108.18 15.71
3 139.400 108.37 18.59
1 139.479 41.00 38.81
4 139.479 20.19 19.19
2 139.480 36.93 74.28
0 139.500 108.19 15.69
3 139.500 108.22 18.63
2 139.581 36.93 74.29
1 139.583 40.89 38.93
4 139.583 20.23 19.21
0 139.600 108.20 15.67
3 139.600 108.08 18.67
2 139.681 36.92 74.30
1 139.688 40.79 39.04
4 139.688 20.26 19.24
0 139.700 108.21 15.65
3 139.700 107.93 18.70
2 139.782 36.92 74.31
1 139.792 40.68 39.15
4 139.792 20.30 19.26
0 139.800 108.22 15.63
3 139.800 107.79 18.74
2 139.883 36.92 74.32
1 139.896 40.57 39.26
4 139.896 20.34 19.28
0 139.900 108.23 15.61
3 139.900 107.64 18.78
2 139.983 36.92 74.33
0 140.000 108.24 15.59
1 140.000 40.46 39.37
1 140.000 40.46 39.37
3 140.000 107.50 18.81
3 140.000 107.50 18.81
4 140.000 20.37 19.30
4 140.000 20.37 19.30
2 140.084 36.92 74.33
0 140.100 108.25 15.57
1 140.100 40.33 39.45
3 140.100 107.39 18.80
4 140.100 20.52 19.32
2 140.185 36.92 74.34
0 140.200 108.25 15.55
1 140.200 40.20 39.53
3 140.200 107.28 18.78
4 140.200 20.67 19.34
2 140.285 36.92 74.35
0 140.300 108.26 15.53
1 140.300 40.07 39.61
3 140.300 107.17 18.76
4 140.300 20.82 19.36
2 140.386 36.92 74.36
0 140.400 108.27 15.50
1 140.400 39.94 39.68
3 140.400 107.06 18.75
4 140.400 20.97 19.38
2 140.487 36.91 74.37
0 140.500 108.28 15.48
1 140.500 39.82 39.76
3 140.500 106.96 18.73
4 140.500 21.12 19.40
2 140.587 36.91 74.38
0 140.600 108.29 15.46
1 140.600 39.69 39.84
3 140.600 106.85 18.72
4 140.600 21.26 19.42
2 140.688 36.91 74.39
0 140.700 108.30 15.44
1 140.700 39.56 39.92
3 140.700 106.74 18.70
4 140.700 21.41 19.44
2 140.789 36.91 74.40
0 140.800 108.31 15.42
1 140.800 39.43 40.00
3 140.800 106.63 18.68
4 140.800 21.56 19.46
2 140.889 36.91 74.41
0 140.900 108.32 15.40
1 140.900 39.30 40.07
3 140.900 106.52 18.67
4 140.900 21.71 19.48
2 140.990 36.91 74.42
0 141.000 108.33 15.38
1 141.000 39.18 40.15
3 141.000 106.42 18.65
4 141.000 21.86 19.50
2 141.091 36.91 74.43
0 141.100 108.34 15.36
1 141.100 39.05 40.23
3 141.100 106.31 18.64
4 141.100 22.01 19.52
2 141.191 36.91 74.44
0 141.200 108.35 15.34
1 141.200 38.92 40.31
3 141.200 106.20 18.62
4 141.200 22.16 19.54
2 141.292 36.91 74.45
0 141.300 108.36 15.32
1 141.300 38.79 40.39
3 141.300 106.09 18.60
4 141.300 22.31 19.56
2 141.393 36.90 74.46
0 141.400 108.37 15.30
1 141.400 38.66 40.46
3 141.400 105.98 18.59
4 141.400 22.45 19.58
2 141.493 36.90 74.47
0 141.500 108.38 15.28
1 141.500 38.54 40.54
3 141.500 105.88 18.57
4 141.500 22.60 19.60
2 141.594 36.90 74.48
0 141.600 108.39 15.25
1 141.600 38.41 40.62
3 141.600 105.77 18.56
4 141.600 22.75 19.62
2 141.695 36.90 74.49
0 141.700 108.40 15.23
1 141.700 38.28 40.70
3 141.700 105.66 18.54
4 141.700 22.90 19.64
2 141.795 36.90 74.50
0 141.800 108.40 15.21
1 141.800 38.15 40.78
3 141.800 105.55 18.52
4 141.800 23.05 19.66
2 141.896 36.90 74.51
0 141.900 108.41 15.19
1 141.900 38.02 40.85
3 141.900 105.44 18.51
4 141.900 23.20 19.68
2 141.997 36.90 74.52
0 142.000 108.42 15.17
1 142.000 37.90 40.93
3 142.000 105.33 18.49
4 142.000 23.35 19.70
2 142.097 36.90 74.53
0 142.100 108.43 15.15
1 142.100 37.77 41.01
3 142.100 105.23 18.48
4 142.100 23.49 19.72
2 142.198 36.90 74.54
0 142.200 108.44 15.13
1 142.200 37.64 41.09
3 142.200 105.12 18.46
4 142.200 23.64 19.74
2 142.299 36.89 74.55
0 142.300 108.45 15.11
1 142.300 37.51 41.17
3 142.300 105.01 18.44
4 142.300 23.79 19.76
2 142.399 36.89 74.56
0 142.400 108.46 15.09
1 142.400 37.38 41.25
3 142.400 104.90 18.43
4 142.400 23.94 19.78
0 142.500 108.47 15.07
0 142.500 108.47 15.07
1 142.500 37.25 41.32
1 142.500 37.25 41.32
2 142.500 36.89 74.57
2 142.500 36.89 74.57
3 142.500 104.79 18.41
3 142.500 104.79 18.41
4 142.500 24.09 19.80
4 142.500 24.09 19.80
0 142.600 108.46 15.02
1 142.600 37.13 41.40
2 142.600 36.87 74.69
3 142.600 104.70 18.42
4 142.600 24.21 19.89
0 142.700 108.45 14.97
1 142.700 37.00 41.49
2 142.700 36.86 74.81
3 142.700 104.60 18.42
4 142.700 24.34 19.98
0 142.800 108.45 14.93
1 142.800 36.88 41.57
2 142.800 36.84 74.92
3 142.800 104.51 18.42
4 142.800 24.46 20.06
0 142.900 108.44 14.88
1 142.900 36.75 41.65
2 142.900 36.82 75.04
3 142.900 104.41 18.43
4 142.900 24.58 20.15
0 143.000 108.43 14.83
1 143.000 36.62 41.73
2 143.000 36.81 75.16
3 143.000 104.32 18.43
4 143.000 24.70 20.23
0 143.100 108.42 14.78
1 143.100 36.50 41.81
2 143.100 36.79 75.28
3 143.100 104.22 18.43
4 143.100 24.83 20.32
0 143.200 108.41 14.74
1 143.200 36.37 41.89
2 143.200 36.77 75.40
3 143.200 104.13 18.44
4 143.200 24.95 20.40
0 143.300 108.41 14.69
1 143.300 36.25 41.97
2 143.300 36.76 75.52
3 143.300 104.03 18.44
4 143.300 25.07 20.49
0 143.400 108.40 14.64
1 143.400 36.12 42.05
2 143.400 36.74 75.63
3 143.400 103.94 18.44
4 143.400 25.20 20.57
0 143.500 108.39 14.59
1 143.500 35.99 42.14
2 143.500 36.72 75.75
3 143.500 103.84 18.45
4 143.500 25.32 20.66
0 143.600 108.38 14.55
1 143.600 35.87 42.22
2 143.600 36.70 75.87
3 143.600 103.75 18.45
4 143.600 25.44 20.75
0 143.700 108.37 14.50
1 143.700 35.74 42.30
2 143.700 36.69 75.99
3 143.700 103.65 18.45
4 143.700 25.57 20.83
0 143.800 108.37 14.45
1 143.800 35.62 42.38
2 143.800 36.67 76.11
3 143.800 103.55 18.46
4 143.800 25.69 20.92
0 143.900 108.36 14.41
1 143.900 35.49 42.46
2 143.900 36.65 76.22
3 143.900 103.46 18.46
4 143.900 25.81 21.00
0 144.000 108.35 14.36
1 144.000 35.36 42.54
2 144.000 36.64 76.34
3 144.000 103.36 18.46
4 144.000 25.94 21.09
0 144.100 108.34 14.31
1 144.100 35.24 42.62
2 144.100 36.62 76.46
3 144.100 103.27 18.47
4 144.100 26.06 21.17
0 144.200 108.33 14.26
1 144.200 35.11 42.70
2 144.200 36.60 76.58
3 144.200 103.17 18.47
4 144.200 26.18 21.26
0 144.300 108.32 14.22
1 144.300 34.98 42.79
2 144.300 36.58 76.70
3 144.300 103.08 18.47
4 144.300 26.31 21.35
0 144.400 108.32 14.17
1 144.400 34.86 42.87
2 144.400 36.57 76.82
3 144.400 102.98 18.48
4 144.400 26.43 21.43
0 144.500 108.31 14.12
1 144.500 34.73 42.95
2 144.500 36.55 76.93
3 144.500 102.89 18.48
4 144.500 26.55 21.52
0 144.600 108.30 14.08
1 144.600 34.61 43.03
2 144.600 36.53 77.05
3 144.600 102.79 18.48
4 144.600 26.68 21.60
0 144.700 108.29 14.03
1 144.700 34.48 43.11
2 144.700 36.52 77.17
3 144.700 102.70 18.49
4 144.700 26.80 21.69
0 144.800 108.28 13.98
1 144.800 34.35 43.19
2 144.800 36.50 77.29
3 144.800 102.60 18.49
4 144.800 26.92 21.77
0 144.900 108.28 13.93
1 144.900 34.23 43.27
2 144.900 36.48 77.41
3 144.900 102.51 18.49
4 144.900 27.05 21.86
0 145.000 108.27 13.89
0 145.000 108.27 13.89
1 145.000 34.10 43.35
1 145.000 34.10 43.35
2 145.000 36.47 77.53
2 145.000 36.47 77.53
3 145.000 102.41 18.50
3 145.000 102.41 18.50
4 145.000 27.17 21.94
4 145.000 27.17 21.94
0 145.100 108.28 13.82
1 145.100 33.97 43.43
2 145.100 36.44 77.62
4 145.100 27.30 22.02
3 145.104 102.27 18.55
0 145.200 108.29 13.74
1 145.200 33.84 43.50
2 145.200 36.41 77.71
4 145.200 27.43 22.09
3 145.208 102.12 18.61
0 145.300 108.30 13.67
1 145.300 33.71 43.57
2 145.300 36.39 77.80
4 145.300 27.56 22.16
3 145.312 101.98 18.66
0 145.400 108.31 13.60
1 145.400 33.58 43.65
2 145.400 36.36 77.89
4 145.400 27.69 22.23
3 145.417 101.83 18.72
0 145.500 108.32 13.53
1 145.500 33.45 43.72
2 145.500 36.34 77.98
4 145.500 27.83 22.31
3 145.521 101.69 18.77
0 145.600 108.33 13.46
1 145.600 33.32 43.80
2 145.600 36.31 78.07
4 145.600 27.96 22.38
3 145.625 101.54 18.83
0 145.700 108.34 13.39
1 145.700 33.19 43.87
2 145.700 36.29 78.16
4 145.700 28.09 22.45
3 145.729 101.40 18.88
0 145.800 108.35 13.32
1 145.800 33.06 43.94
2 145.800 36.26 78.25
4 145.800 28.22 22.52
3 145.833 101.25 18.94
0 145.900 108.36 13.24
1 145.900 32.93 44.02
2 145.900 36.24 78.34
4 145.900 28.35 22.60
3 145.938 101.11 19.00
0 146.000 108.37 13.17
1 146.000 32.80 44.09
2 146.000 36.21 78.43
4 146.000 28.48 22.67
3 146.042 100.96 19.05
0 146.100 108.38 13.10
1 146.100 32.66 44.16
2 146.100 36.19 78.52
4 146.100 28.61 22.74
3 146.146 100.82 19.11
0 146.200 108.39 13.03
1 146.200 32.53 44.24
2 146.200 36.16 78.61
4 146.200 28.74 22.81
3 146.250 100.67 19.16
0 146.300 108.40 12.96
1 146.300 32.40 44.31
2 146.300 36.14 78.70
4 146.300 28.88 22.89
3 146.354 100.53 19.22
0 146.400 108.41 12.89
1 146.400 32.27 44.39
2 146.400 36.11 78.79
4 146.400 29.01 22.96
3 146.458 100.38 19.27
0 146.500 108.42 12.82
1 146.500 32.14 44.46
2 146.500 36.08 78.88
4 146.500 29.14 23.03
3 146.562 100.24 19.33
0 146.600 108.43 12.75
1 146.600 32.01 44.53
2 146.600 36.06 78.97
4 146.600 29.27 23.10
3 146.667 100.09 19.38
0 146.700 108.45 12.67
1 146.700 31.88 44.61
2 146.700 36.03 79.06
4 146.700 29.40 23.18
3 146.771 99.95 19.44
0 146.800 108.46 12.60
1 146.800 31.75 44.68
2 146.800 36.01 79.15
4 146.800 29.53 23.25
3 146.875 99.80 19.49
0 146.900 108.47 12.53
1 146.900 31.62 44.75
2 146.900 35.98 79.24
4 146.900 29.66 23.32
3 146.979 99.66 19.55
0 147.000 108.48 12.46
1 147.000 31.49 44.83
2 147.000 35.96 79.33
4 147.000 29.79 23.39
3 147.083 99.51 19.60
0 147.100 108.49 12.39
1 147.100 31.36 44.90
2 147.100 35.93 79.42
4 147.100 29.93 23.47
3 147.188 99.37 19.66
0 147.200 108.50 12.32
1 147.200 31.23 44.97
2 147.200 35.91 79.51
4 147.200 30.06 23.54
3 147.292 99.23 19.72
0 147.300 108.51 12.25
1 147.300 31.10 45.05
2 147.300 35.88 79.60
4 147.300 30.19 23.61
3 147.396 99.08 19.77
0 147.400 108.52 12.18
1 147.400 30.97 45.12
2 147.400 35.86 79.69
4 147.400 30.32 23.68
0 147.500 108.53 12.10
0 147.500 108.53 12.10
1 147.500 30.84 45.20
1 147.500 30.84 45.20
2 147.500 35.83 79.78
2 147.500 35.83 79.78
3 147.500 98.94 19.83
3 147.500 98.94 19.83
4 147.500 30.45 23.76
4 147.500 30.45 23.76
0 147.600 108.55 12.20
1 147.600 30.84 45.27
3 147.600 98.80 19.90
2 147.604 35.83 79.80
4 147.604 30.53 23.88
0 147.700 108.58 12.29
1 147.700 30.84 45.35
3 147.700 98.67 19.96
2 147.708 35.83 79.82
4 147.708 30.60 24.01
0 147.800 108.61 12.39
1 147.800 30.85 45.43
3 147.800 98.54 20.03
2 147.812 35.83 79.84
4 147.812 30.68 24.14
0 147.900 108.63 12.48
1 147.900 30.85 45.51
3 147.900 98.40 20.10
2 147.917 35.83 79.86
4 147.917 30.76 24.27
0 148.000 108.66 12.57
1 148.000 30.85 45.59
3 148.000 98.27 20.17
2 148.021 35.83 79.88
4 148.021 30.84 24.39
0 148.100 108.68 12.67
1 148.100 30.86 45.67
3 148.100 98.14 20.24
2 148.125 35.83 79.90
4 148.125 30.91 24.52
0 148.200 108.71 12.76
1 148.200 30.86 45.75
3 148.200 98.00 20.31
2 148.229 35.83 79.92
4 148.229 30.99 24.65
0 148.300 108.74 12.86
1 148.300 30.86 45.82
3 148.300 97.87 20.38
2 148.333 35.83 79.93
4 148.333 31.07 24.78
0 148.400 108.76 12.95
1 148.400 30.87 45.90
3 148.400 97.74 20.45
2 148.438 35.83 79.95
4 148.438 31.14 24.90
0 148.500 108.79 13.04
1 148.500 30.87 45.98
3 148.500 97.61 20.52
2 148.542 35.83 79.97
4 148.542 31.22 25.03
0 148.600 108.81 13.14
1 148.600 30.87 46.06
3 148.600 97.47 20.59
2 148.646 35.83 79.99
4 148.646 31.30 25.16
0 148.700 108.84 13.23
1 148.700 30.88 46.14
3 148.700 97.34 20.66
2 148.750 35.83 80.01
4 148.750 31.37 25.28
0 148.800 108.87 13.33
1 148.800 30.88 46.22
3 148.800 97.21 20.73
2 148.854 35.83 80.03
4 148.854 31.45 25.41
0 148.900 108.89 13.42
1 148.900 30.88 46.29
3 148.900 97.07 20.80
2 148.958 35.83 80.05
4 148.958 31.53 25.54
0 149.000 108.92 13.51
1 149.000 30.89 46.37
3 149.000 96.94 20.87
2 149.062 35.83 80.07
4 149.062 31.60 25.67
0 149.100 108.94 13.61
1 149.100 30.89 46.45
3 149.100 96.81 20.94
2 149.167 35.82 80.09
4 149.167 31.68 25.79
0 149.200 108.97 13.70
1 149.200 30.89 46.53
3 149.200 96.68 21.01
2 149.271 35.82 80.11
4 149.271 31.76 25.92
0 149.300 109.00 13.80
1 149.300 30.90 46.61
3 149.300 96.54 21.08
2 149.375 35.82 80.12
4 149.375 31.83 26.05
0 149.400 109.02 13.89
1 149.400 30.90 46.69
3 149.400 96.41 21.14
2 149.479 35.82 80.14
4 149.479 31.91 26.18
0 149.500 109.05 13.98
1 149.500 30.91 46.77
3 149.500 96.28 21.21
2 149.583 35.82 80.16
4 149.583 31.99 26.30
0 149.600 109.07 14.08
1 149.600 30.91 46.84
3 149.600 96.14 21.28
2 149.688 35.82 80.18
4 149.688 32.07 26.43
0 149.700 109.10 14.17
1 149.700 30.91 46.92
3 149.700 96.01 21.35
2 149.792 35.82 80.20
4 149.792 32.14 26.56
0 149.800 109.12 14.27
1 149.800 30.92 47.00
3 149.800 95.88 21.42
2 149.896 35.82 80.22
4 149.896 32.22 26.68
0 149.900 109.15 14.36
1 149.900 30.92 47.08
3 149.900 95.74 21.49
0 150.000 109.18 14.45
0 150.000 109.18 14.45
1 150.000 30.92 47.16
1 150.000 30.92 47.16
2 150.000 35.82 80.24
2 150.000 35.82 80.24
3 150.000 95.61 21.56
3 150.000 95.61 21.56
4 150.000 32.30 26.81
4 150.000 32.30 26.81
0 150.100 109.23 14.50
1 150.100 30.93 47.19
2 150.100 35.84 80.31
3 150.100 95.47 21.62
4 150.100 32.31 26.95
0 150.200 109.28 14.54
1 150.200 30.94 47.22
2 150.200 35.85 80.38
3 150.200 95.33 21.67
4 150.200 32.33 27.10
0 150.300 109.34 14.58
1 150.300 30.96 47.25
2 150.300 35.86 80.45
3 150.300 95.19 21.73
4 150.300 32.35 27.24
0 150.400 109.39 14.63
1 150.400 30.97 47.28
2 150.400 35.88 80.52
3 150.400 95.05 21.79
4 150.400 32.37 27.38
0 150.500 109.44 14.67
1 150.500 30.98 47.31
2 150.500 35.89 80.59
3 150.500 94.92 21.84
4 150.500 32.38 27.52
0 150.600 109.50 14.71
1 150.600 30.99 47.34
2 150.600 35.91 80.66
3 150.600 94.78 21.90
4 150.600 32.40 27.66
0 150.700 109.55 14.76
1 150.700 31.00 47.37
2 150.700 35.92 80.73
3 150.700 94.64 21.95
4 150.700 32.42 27.81
0 150.800 109.61 14.80
1 150.800 31.01 47.40
2 150.800 35.94 80.79
3 150.800 94.50 22.01
4 150.800 32.44 27.95
0 150.900 109.66 14.84
1 150.900 31.02 47.43
2 150.900 35.95 80.86
3 150.900 94.36 22.07
4 150.900 32.45 28.09
0 151.000 109.71 14.89
1 151.000 31.03 47.47
2 151.000 35.96 80.93
3 151.000 94.22 22.12
4 151.000 32.47 28.23
0 151.100 109.77 14.93
1 151.100 31.04 47.50
2 151.100 35.98 81.00
3 151.100 94.08 22.18
4 151.100 32.49 28.37
0 151.200 109.82 14.97
1 151.200 31.05 47.53
2 151.200 35.99 81.07
3 151.200 93.94 22.23
4 151.200 32.51 28.52
0 151.300 109.87 15.02
1 151.300 31.06 47.56
2 151.300 36.01 81.14
3 151.300 93.80 22.29
4 151.300 32.52 28.66
0 151.400 109.93 15.06
1 151.400 31.08 47.59
2 151.400 36.02 81.21
3 151.400 93.66 22.35
4 151.400 32.54 28.80
0 151.500 109.98 15.10
1 151.500 31.09 47.62
2 151.500 36.04 81.28
3 151.500 93.52 22.40
4 151.500 32.56 28.94
0 151.600 110.03 15.15
1 151.600 31.10 47.65
2 151.600 36.05 81.35
3 151.600 93.38 22.46
4 151.600 32.58 29.08
0 151.700 110.09 15.19
1 151.700 31.11 47.68
2 151.700 36.07 81.42
3 151.700 93.25 22.51
4 151.700 32.59 29.23
0 151.800 110.14 15.23
1 151.800 31.12 47.71
2 151.800 36.08 81.49
3 151.800 93.11 22.57
4 151.800 32.61 29.37
0 151.900 110.20 15.28
1 151.900 31.13 47.74
2 151.900 36.09 81.56
3 151.900 92.97 22.63
4 151.900 32.63 29.51
0 152.000 110.25 15.32
1 152.000 31.14 47.77
2 152.000 36.11 81.63
3 152.000 92.83 22.68
4 152.000 32.65 29.65
0 152.100 110.30 15.36
1 152.100 31.15 47.80
2 152.100 36.12 81.70
3 152.100 92.69 22.74
4 152.100 32.66 29.79
0 152.200 110.36 15.41
1 152.200 31.16 47.83
2 152.200 36.14 81.77
3 152.200 92.55 22.79
4 152.200 32.68 29.94
0 152.300 110.41 15.45
1 152.300 31.17 47.86
2 152.300 36.15 81.84
3 152.300 92.41 22.85
4 152.300 32.70 30.08
0 152.400 110.46 15.49
1 152.400 31.18 47.90
2 152.400 36.17 81.91
3 152.400 92.27 22.91
4 152.400 32.72 30.22
0 152.500 110.52 15.54
0 152.500 110.52 15.54
1 152.500 31.20 47.93
1 152.500 31.20 47.93
2 152.500 36.18 81.98
2 152.500 36.18 81.98
3 152.500 92.13 22.96
3 152.500 92.13 22.96
4 152.500 32.73 30.36
4 152.500 32.73 30.36
0 152.600 110.59 15.59
1 152.600 31.20 47.95
3 152.600 92.03 23.02
2 152.604 36.22 82.05
4 152.604 32.77 30.47
0 152.700 110.66 15.64
1 152.700 31.21 47.97
3 152.700 91.94 23.09
2 152.708 36.26 82.12
4 152.708 32.80 30.57
0 152.800 110.73 15.69
1 152.800 31.22 48.00
3 152.800 91.84 23.15
2 152.812 36.30 82.19
4 152.812 32.83 30.68
0 152.900 110.80 15.74
1 152.900 31.23 48.02
3 152.900 91.74 23.21
2 152.917 36.34 82.26
4 152.917 32.87 30.78
0 153.000 110.87 15.80
1 153.000 31.24 48.04
3 153.000 91.64 23.27
2 153.021 36.38 82.33
4 153.021 32.90 30.89
0 153.100 110.94 15.85
1 153.100 31.25 48.07
3 153.100 91.54 23.34
2 153.125 36.42 82.40
4 153.125 32.93 30.99
0 153.200 111.01 15.90
1 153.200 31.26 48.09
3 153.200 91.44 23.40
2 153.229 36.46 82.47
4 153.229 32.97 31.09
0 153.300 111.08 15.95
1 153.300 31.27 48.12
3 153.300 91.34 23.46
2 153.333 36.49 82.54
4 153.333 33.00 31.20
0 153.400 111.15 16.00
1 153.400 31.28 48.14
3 153.400 91.24 23.52
2 153.438 36.53 82.61
4 153.438 33.03 31.30
0 153.500 111.22 16.05
1 153.500 31.29 48.16
3 153.500 91.15 23.58
2 153.542 36.57 82.68
4 153.542 33.07 31.41
0 153.600 111.29 16.11
1 153.600 31.30 48.19
3 153.600 91.05 23.65
2 153.646 36.61 82.75
4 153.646 33.10 31.51
0 153.700 111.36 16.16
1 153.700 31.30 48.21
3 153.700 90.95 23.71
2 153.750 36.65 82.82
4 153.750 33.14 31.62
0 153.800 111.43 16.21
1 153.800 31.31 48.23
3 153.800 90.85 23.77
2 153.854 36.69 82.89
4 153.854 33.17 31.72
0 153.900 111.50 16.26
1 153.900 31.32 48.26
3 153.900 90.75 23.83
2 153.958 36.73 82.97
4 153.958 33.20 31.83
0 154.000 111.57 16.31
1 154.000 31.33 48.28
3 154.000 90.65 23.90
2 154.062 36.77 83.04
4 154.062 33.24 31.93
0 154.100 111.64 16.37
1 154.100 31.34 48.31
3 154.100 90.55 23.96
2 154.167 36.81 83.11
4 154.167 33.27 32.04
0 154.200 111.71 16.42
1 154.200 31.35 48.33
3 154.200 90.45 24.02
2 154.271 36.85 83.18
4 154.271 33.30 32.14
0 154.300 111.78 16.47
1 154.300 31.36 48.35
3 154.300 90.36 24.08
2 154.375 36.89 83.25
4 154.375 33.34 32.25
0 154.400 111.85 16.52
1 154.400 31.37 48.38
3 154.400 90.26 24.15
2 154.479 36.93 83.32
4 154.479 33.37 32.35
0 154.500 111.92 16.57
1 154.500 31.38 48.40
3 154.500 90.16 24.21
4 154.583 33.40 32.46
2 154.583 36.97 83.39
0 154.600 111.99 16.63
1 154.600 31.39 48.42
3 154.600 90.06 24.27
2 154.688 37.01 83.46
4 154.688 33.44 32.56
0 154.700 112.06 16.68
1 154.700 31.39 48.45
3 154.700 89.96 24.33
2 154.792 37.05 83.53
4 154.792 33.47 32.66
0 154.800 112.13 16.73
1 154.800 31.40 48.47
3 154.800 89.86 24.39
4 154.896 33.50 32.77
2 154.896 37.09 83.60
0 154.900 112.20 16.78
1 154.900 31.41 48.50
3 154.900 89.76 24.46
0 155.000 112.27 16.83
0 155.000 112.27 16.83
1 155.000 31.42 48.52
1 155.000 31.42 48.52
2 155.000 37.12 83.67
2 155.000 37.12 83.67
3 155.000 89.66 24.52
3 155.000 89.66 24.52
4 155.000 33.54 32.87
4 155.000 33.54 32.87
0 155.100 112.32 16.88
1 155.100 31.42 48.53
2 155.100 37.13 83.71
3 155.100 89.55 24.58
4 155.100 33.60 33.01
0 155.200 112.38 16.93
1 155.200 31.42 48.54
2 155.200 37.13 83.75
3 155.200 89.43 24.63
4 155.200 33.67 33.14
0 155.300 112.44 16.98
1 155.300 31.42 48.55
2 155.300 37.13 83.79
3 155.300 89.31 24.69
4 155.300 33.74 33.28
0 155.400 112.49 17.02
1 155.400 31.42 48.56
2 155.400 37.13 83.83
3 155.400 89.19 24.75
4 155.400 33.80 33.41
0 155.500 112.55 17.07
1 155.500 31.42 48.57
2 155.500 37.13 83.87
3 155.500 89.07 24.81
4 155.500 33.87 33.55
0 155.600 112.61 17.12
1 155.600 31.42 48.58
2 155.600 37.13 83.91
3 155.600 88.95 24.86
4 155.600 33.94 33.68
0 155.700 112.66 17.17
1 155.700 31.41 48.59
2 155.700 37.13 83.95
3 155.700 88.83 24.92
4 155.700 34.00 33.82
0 155.800 112.72 17.22
1 155.800 31.41 48.60
2 155.800 37.13 83.99
3 155.800 88.72 24.98
4 155.800 34.07 33.95
0 155.900 112.78 17.26
1 155.900 31.41 48.61
2 155.900 37.13 84.03
3 155.900 88.60 25.04
4 155.900 34.13 34.09
0 156.000 112.83 17.31
1 156.000 31.41 48.61
2 156.000 37.13 84.06
3 156.000 88.48 25.09
4 156.000 34.20 34.22
0 156.100 112.89 17.36
1 156.100 31.41 48.62
2 156.100 37.13 84.10
3 156.100 88.36 25.15
4 156.100 34.27 34.35
0 156.200 112.95 17.41
1 156.200 31.41 48.63
2 156.200 37.13 84.14
3 156.200 88.24 25.21
4 156.200 34.33 34.49
0 156.300 113.00 17.45
1 156.300 31.41 48.64
2 156.300 37.13 84.18
3 156.300 88.12 25.27
4 156.300 34.40 34.62
0 156.400 113.06 17.50
1 156.400 31.41 48.65
2 156.400 37.13 84.22
3 156.400 88.00 25.32
4 156.400 34.47 34.76
0 156.500 113.12 17.55
1 156.500 31.41 48.66
2 156.500 37.13 84.26
3 156.500 87.89 25.38
4 156.500 34.53 34.89
0 156.600 113.18 17.60
1 156.600 31.41 48.67
2 156.600 37.13 84.30
3 156.600 87.77 25.44
4 156.600 34.60 35.03
0 156.700 113.23 17.64
1 156.700 31.40 48.68
2 156.700 37.14 84.34
3 156.700 87.65 25.50
4 156.700 34.66 35.16
0 156.800 113.29 17.69
1 156.800 31.40 48.69
2 156.800 37.14 84.38
3 156.800 87.53 25.55
4 156.800 34.73 35.30
0 156.900 113.35 17.74
1 156.900 31.40 48.70
2 156.900 37.14 84.42
3 156.900 87.41 25.61
4 156.900 34.80 35.43
0 157.000 113.40 17.79
1 157.000 31.40 48.71
2 157.000 37.14 84.46
3 157.000 87.29 25.67
4 157.000 34.86 35.57
0 157.100 113.46 17.83
1 157.100 31.40 48.72
2 157.100 37.14 84.50
3 157.100 87.17 25.73
4 157.100 34.93 35.70
0 157.200 113.52 17.88
1 157.200 31.40 48.73
2 157.200 37.14 84.54
3 157.200 87.06 25.78
4 157.200 34.99 35.83
0 157.300 113.57 17.93
1 157.300 31.40 48.74
2 157.300 37.14 84.58
3 157.300 86.94 25.84
4 157.300 35.06 35.97
0 157.400 113.63 17.98
1 157.400 31.40 48.75
2 157.400 37.14 84.61
3 157.400 86.82 25.90
4 157.400 35.13 36.10
0 157.500 113.69 18.02
0 157.500 113.69 18.02
1 157.500 31.40 48.76
1 157.500 31.40 48.76
2 157.500 37.14 84.65
2 157.500 37.14 84.65
3 157.500 86.70 25.96
3 157.500 86.70 25.96
4 157.500 35.19 36.24
4 157.500 35.19 36.24
1 157.600 31.39 48.77
3 157.600 86.63 26.02
4 157.600 35.25 36.38
0 157.604 113.64 18.00
2 157.604 37.14 84.67
1 157.700 31.39 48.78
3 157.700 86.56 26.07
4 157.700 35.31 36.51
0 157.708 113.60 17.98
2 157.708 37.14 84.69
1 157.800 31.38 48.80
3 157.800 86.49 26.13
4 157.800 35.37 36.65
0 157.812 113.56 17.96
2 157.812 37.14 84.71
1 157.900 31.37 48.81
3 157.900 86.41 26.19
4 157.900 35.43 36.79
0 157.917 113.51 17.94
2 157.917 37.13 84.73
1 158.000 31.37 48.82
3 158.000 86.34 26.25
4 158.000 35.49 36.93
0 158.021 113.47 17.91
2 158.021 37.13 84.74
1 158.100 31.36 48.84
3 158.100 86.27 26.30
4 158.100 35.55 37.07
0 158.125 113.43 17.89
2 158.125 37.13 84.76
1 158.200 31.36 48.85
3 158.200 86.20 26.36
4 158.200 35.61 37.20
0 158.229 113.38 17.87
2 158.229 37.13 84.78
1 158.300 31.35 48.86
3 158.300 86.13 26.42
4 158.300 35.67 37.34
0 158.333 113.34 17.85
2 158.333 37.13 84.80
1 158.400 31.35 48.88
3 158.400 86.06 26.48
4 158.400 35.73 37.48
0 158.438 113.30 17.83
2 158.438 37.13 84.82
1 158.500 31.34 48.89
3 158.500 85.99 26.54
4 158.500 35.78 37.62
0 158.542 113.25 17.81
2 158.542 37.12 84.83
1 158.600 31.34 48.90
3 158.600 85.92 26.59
4 158.600 35.84 37.76
0 158.646 113.21 17.78
2 158.646 37.12 84.85
1 158.700 31.33 48.91
3 158.700 85.85 26.65
4 158.700 35.90 37.89
0 158.750 113.17 17.76
2 158.750 37.12 84.87
1 158.800 31.32 48.93
3 158.800 85.77 26.71
4 158.800 35.96 38.03
0 158.854 113.12 17.74
2 158.854 37.12 84.89
1 158.900 31.32 48.94
3 158.900 85.70 26.77
4 158.900 36.02 38.17
0 158.958 113.08 17.72
2 158.958 37.12 84.91
1 159.000 31.31 48.95
3 159.000 85.63 26.83
4 159.000 36.08 38.31
0 159.062 113.04 17.70
2 159.062 37.12 84.92
1 159.100 31.31 48.97
3 159.100 85.56 26.88
4 159.100 36.14 38.44
0 159.167 112.99 17.67
2 159.167 37.12 84.94
1 159.200 31.30 48.98
3 159.200 85.49 26.94
4 159.200 36.20 38.58
0 159.271 112.95 17.65
2 159.271 37.11 84.96
1 159.300 31.30 48.99
3 159.300 85.42 27.00
4 159.300 36.26 38.72
0 159.375 112.91 17.63
2 159.375 37.11 84.98
1 159.400 31.29 49.01
3 159.400 85.35 27.06
4 159.400 36.32 38.86
0 159.479 112.86 17.61
2 159.479 37.11 85.00
1 159.500 31.28 49.02
3 159.500 85.28 27.12
4 159.500 36.37 39.00
0 159.583 112.82 17.59
2 159.583 37.11 85.01
1 159.600 31.28 49.03
3 159.600 85.20 27.17
4 159.600 36.43 39.13
0 159.688 112.78 17.57
2 159.688 37.11 85.03
1 159.700 31.27 49.05
3 159.700 85.13 27.23
4 159.700 36.49 39.27
0 159.792 112.73 17.54
2 159.792 37.11 85.05
1 159.800 31.27 49.06
3 159.800 85.06 27.29
4 159.800 36.55 39.41
0 159.896 112.69 17.52
2 159.896 37.10 85.07
1 159.900 31.26 49.07
3 159.900 84.99 27.35
4 159.900 36.61 39.55
0 160.000 112.65 17.50
0 160.000 112.65 17.50
1 160.000 31.26 49.09
1 160.000 31.26 49.09
2 160.000 37.10 85.09
2 160.000 37.10 85.09
3 160.000 84.92 27.41
3 160.000 84.92 27.41
4 160.000 36.67 39.69
4 160.000 36.67 39.69
0 160.100 112.55 17.46
1 160.100 31.26 49.12
2 160.100 37.10 85.11
3 160.100 84.80 27.49
4 160.100 36.74 39.82
0 160.200 112.45 17.43
1 160.200 31.26 49.16
2 160.200 37.11 85.13
3 160.200 84.67 27.58
4 160.200 36.81 39.95
0 160.300 112.35 17.39
1 160.300 31.27 49.20
2 160.300 37.11 85.16
3 160.300 84.55 27.66
4 160.300 36.87 40.09
0 160.400 112.25 17.35
1 160.400 31.27 49.24
2 160.400 37.11 85.18
3 160.400 84.43 27.75
4 160.400 36.94 40.22
0 160.500 112.15 17.31
1 160.500 31.28 49.28
2 160.500 37.11 85.20
3 160.500 84.30 27.83
4 160.500 37.01 40.35
0 160.600 112.05 17.28
1 160.600 31.28 49.32
2 160.600 37.12 85.23
3 160.600 84.18 27.92
4 160.600 37.08 40.49
0 160.700 111.95 17.24
1 160.700 31.28 49.36
2 160.700 37.12 85.25
3 160.700 84.05 28.00
4 160.700 37.14 40.62
0 160.800 111.85 17.20
1 160.800 31.29 49.40
2 160.800 37.12 85.27
3 160.800 83.93 28.08
4 160.800 37.21 40.76
0 160.900 111.75 17.16
1 160.900 31.29 49.44
2 160.900 37.12 85.29
3 160.900 83.81 28.17
4 160.900 37.28 40.89
0 161.000 111.65 17.13
1 161.000 31.30 49.48
2 161.000 37.13 85.32
3 161.000 83.68 28.25
4 161.000 37.35 41.02
0 161.100 111.55 17.09
1 161.100 31.30 49.52
2 161.100 37.13 85.34
3 161.100 83.56 28.34
4 161.100 37.42 41.16
0 161.200 111.45 17.05
1 161.200 31.30 49.56
2 161.200 37.13 85.36
3 161.200 83.44 28.42
4 161.200 37.48 41.29
0 161.300 111.35 17.01
1 161.300 31.31 49.59
2 161.300 37.13 85.39
3 161.300 83.31 28.51
4 161.300 37.55 41.43
0 161.400 111.25 16.98
1 161.400 31.31 49.63
2 161.400 37.13 85.41
3 161.400 83.19 28.59
4 161.400 37.62 41.56
0 161.500 111.15 16.94
1 161.500 31.32 49.67
2 161.500 37.14 85.43
3 161.500 83.07 28.68
4 161.500 37.69 41.69
0 161.600 111.05 16.90
1 161.600 31.32 49.71
2 161.600 37.14 85.46
3 161.600 82.94 28.76
4 161.600 37.75 41.83
0 161.700 110.95 16.86
1 161.700 31.32 49.75
2 161.700 37.14 85.48
3 161.700 82.82 28.85
4 161.700 37.82 41.96
0 161.800 110.85 16.83
1 161.800 31.33 49.79
2 161.800 37.14 85.50
3 161.800 82.69 28.93
4 161.800 37.89 42.09
0 161.900 110.75 16.79
1 161.900 31.33 49.83
2 161.900 37.15 85.53
3 161.900 82.57 29.02
4 161.900 37.96 42.23
0 162.000 110.65 16.75
1 162.000 31.34 49.87
2 162.000 37.15 85.55
3 162.000 82.45 29.10
4 162.000 38.03 42.36
0 162.100 110.55 16.72
1 162.100 31.34 49.91
2 162.100 37.15 85.57
3 162.100 82.32 29.19
4 162.100 38.09 42.50
0 162.200 110.45 16.68
1 162.200 31.34 49.95
2 162.200 37.15 85.60
3 162.200 82.20 29.27
4 162.200 38.16 42.63
0 162.300 110.35 16.64
1 162.300 31.35 49.99
2 162.300 37.16 85.62
3 162.300 82.08 29.36
4 162.300 38.23 42.76
0 162.400 110.25 16.60
1 162.400 31.35 50.03
2 162.400 37.16 85.64
3 162.400 81.95 29.44
4 162.400 38.30 42.90
0 162.500 110.15 16.57
0 162.500 110.15 16.57
1 162.500 31.36 50.06
1 162.500 31.36 50.06
2 162.500 37.16 85.66
3 162.500 81.83 29.53
3 162.500 81.83 29.53
4 162.500 38.36 43.03
4 162.500 38.36 43.03
0 162.600 110.11 16.55
1 162.600 31.36 50.10
2 162.600 37.16 85.69
3 162.600 81.79 29.67
4 162.604 38.49 43.13
0 162.700 110.08 16.54
1 162.700 31.37 50.14
2 162.700 37.16 85.71
3 162.700 81.74 29.82
4 162.708 38.61 43.23
0 162.800 110.05 16.53
1 162.800 31.37 50.18
2 162.800 37.17 85.73
3 162.800 81.70 29.96
4 162.812 38.73 43.32
0 162.900 110.02 16.51
1 162.900 31.38 50.22
2 162.900 37.17 85.76
3 162.900 81.66 30.10
4 162.917 38.85 43.42
0 163.000 109.99 16.50
1 163.000 31.38 50.25
2 163.000 37.17 85.78
3 163.000 81.61 30.25
4 163.021 38.98 43.52
0 163.100 109.96 16.49
1 163.100 31.39 50.29
2 163.100 37.17 85.80
3 163.100 81.57 30.39
4 163.125 39.10 43.62
0 163.200 109.93 16.48
1 163.200 31.39 50.33
2 163.200 37.18 85.83
3 163.200 81.53 30.53
4 163.229 39.22 43.71
0 163.300 109.90 16.46
1 163.300 31.40 50.37
2 163.300 37.18 85.85
3 163.300 81.48 30.68
4 163.333 39.34 43.81
0 163.400 109.87 16.45
1 163.400 31.41 50.40
2 163.400 37.18 85.87
3 163.400 81.44 30.82
4 163.438 39.46 43.91
0 163.500 109.83 16.44
1 163.500 31.41 50.44
2 163.500 37.18 85.90
3 163.500 81.40 30.97
4 163.542 39.59 44.01
0 163.600 109.80 16.42
1 163.600 31.42 50.48
2 163.600 37.18 85.92
3 163.600 81.35 31.11
4 163.646 39.71 44.10
0 163.700 109.77 16.41
1 163.700 31.42 50.52
2 163.700 37.19 85.94
3 163.700 81.31 31.25
4 163.750 39.83 44.20
0 163.800 109.74 16.40
1 163.800 31.43 50.55
2 163.800 37.19 85.96
3 163.800 81.27 31.40
4 163.854 39.95 44.30
0 163.900 109.71 16.38
1 163.900 31.43 50.59
2 163.900 37.19 85.99
3 163.900 81.22 31.54
4 163.958 40.07 44.40
0 164.000 109.68 16.37
1 164.000 31.44 50.63
2 164.000 37.19 86.01
3 164.000 81.18 31.68
4 164.062 40.20 44.49
0 164.100 109.65 16.36
1 164.100 31.44 50.67
2 164.100 37.20 86.03
3 164.100 81.14 31.83
4 164.167 40.32 44.59
0 164.200 109.62 16.35
1 164.200 31.45 50.70
2 164.200 37.20 86.06
3 164.200 81.09 31.97
4 164.271 40.44 44.69
0 164.300 109.59 16.33
1 164.300 31.45 50.74
2 164.300 37.20 86.08
3 164.300 81.05 32.11
4 164.375 40.56 44.78
0 164.400 109.55 16.32
1 164.400 31.46 50.78
2 164.400 37.20 86.10
3 164.400 81.01 32.26
4 164.479 40.69 44.88
0 164.500 109.52 16.31
1 164.500 31.46 50.82
2 164.500 37.21 86.13
3 164.500 80.96 32.40
4 164.583 40.81 44.98
0 164.600 109.49 16.29
1 164.600 31.47 50.85
2 164.600 37.21 86.15
3 164.600 80.92 32.55
4 164.688 40.93 45.08
0 164.700 109.46 16.28
1 164.700 31.47 50.89
2 164.700 37.21 86.17
3 164.700 80.88 32.69
4 164.792 41.05 45.17
0 164.800 109.43 16.27
1 164.800 31.48 50.93
2 164.800 37.21 86.20
3 164.800 80.83 32.83
4 164.896 41.17 45.27
0 164.900 109.40 16.25
1 164.900 31.49 50.97
2 164.900 37.21 86.22
3 164.900 80.79 32.98
0 165.000 109.37 16.24
0 165.000 109.37 16.24
1 165.000 31.49 51.00
1 165.000 31.49 51.00
2 165.000 37.22 86.24
2 165.000 37.22 86.24
3 165.000 80.75 33.12
3 165.000 80.75 33.12
4 165.000 41.30 45.37
4 165.000 41.30 45.37
0 165.100 109.33 16.21
1 165.100 31.48 51.10
2 165.100 37.22 86.24
3 165.100 80.77 33.25
4 165.100 41.37 45.50
0 165.200 109.29 16.17
1 165.200 31.47 51.19
2 165.200 37.22 86.25
3 165.200 80.80 33.39
4 165.200 41.45 45.63
0 165.300 109.25 16.14
1 165.300 31.47 51.28
2 165.300 37.22 86.25
3 165.300 80.82 33.52
4 165.300 41.52 45.76
0 165.400 109.21 16.11
1 165.400 31.46 51.37
2 165.400 37.21 86.25
3 165.400 80.84 33.65
4 165.400 41.60 45.89
0 165.500 109.18 16.07
1 165.500 31.45 51.46
2 165.500 37.21 86.25
3 165.500 80.87 33.78
4 165.500 41.68 46.02
0 165.600 109.14 16.04
1 165.600 31.44 51.55
2 165.600 37.21 86.25
3 165.600 80.89 33.92
4 165.600 41.75 46.14
0 165.700 109.10 16.00
1 165.700 31.43 51.64
3 165.700 80.91 34.05
4 165.700 41.83 46.27
2 165.700 37.21 86.25
0 165.800 109.06 15.97
1 165.800 31.42 51.73
2 165.800 37.21 86.25
3 165.800 80.94 34.18
4 165.800 41.91 46.40
0 165.900 109.02 15.94
1 165.900 31.41 51.82
2 165.900 37.21 86.26
3 165.900 80.96 34.31
4 165.900 41.98 46.53
0 166.000 108.98 15.90
1 166.000 31.41 51.91
2 166.000 37.21 86.26
3 166.000 80.98 34.45
4 166.000 42.06 46.66
0 166.100 108.94 15.87
1 166.100 31.40 52.00
2 166.100 37.21 86.26
3 166.100 81.01 34.58
4 166.100 42.13 46.79
0 166.200 108.91 15.83
1 166.200 31.39 52.09
3 166.200 81.03 34.71
4 166.200 42.21 46.92
2 166.200 37.21 86.26
0 166.300 108.87 15.80
1 166.300 31.38 52.18
2 166.300 37.21 86.26
3 166.300 81.06 34.85
4 166.300 42.29 47.05
0 166.400 108.83 15.77
1 166.400 31.37 52.27
2 166.400 37.21 86.26
3 166.400 81.08 34.98
4 166.400 42.36 47.18
0 166.500 108.79 15.73
1 166.500 31.36 52.36
2 166.500 37.21 86.26
3 166.500 81.10 35.11
4 166.500 42.44 47.31
0 166.600 108.75 15.70
1 166.600 31.35 52.45
3 166.600 81.13 35.24
4 166.600 42.51 47.44
2 166.600 37.21 86.27
0 166.700 108.71 15.66
1 166.700 31.35 52.54
3 166.700 81.15 35.38
4 166.700 42.59 47.57
2 166.700 37.21 86.27
0 166.800 108.68 15.63
1 166.800 31.34 52.63
2 166.800 37.21 86.27
3 166.800 81.17 35.51
4 166.800 42.67 47.70
0 166.900 108.64 15.60
1 166.900 31.33 52.72
2 166.900 37.21 86.27
3 166.900 81.20 35.64
4 166.900 42.74 47.82
0 167.000 108.60 15.56
1 167.000 31.32 52.81
2 167.000 37.21 86.27
3 167.000 81.22 35.77
4 167.000 42.82 47.95
0 167.100 108.56 15.53
1 167.100 31.31 52.90
3 167.100 81.24 35.91
4 167.100 42.90 48.08
2 167.100 37.20 86.27
0 167.200 108.52 15.49
1 167.200 31.30 53.00
3 167.200 81.27 36.04
4 167.200 42.97 48.21
2 167.200 37.20 86.27
0 167.300 108.48 15.46
1 167.300 31.29 53.09
2 167.300 37.20 86.28
3 167.300 81.29 36.17
4 167.300 43.05 48.34
0 167.400 108.45 15.43
1 167.400 31.29 53.18
2 167.400 37.20 86.28
3 167.400 81.32 36.31
4 167.400 43.12 48.47
0 167.500 108.41 15.39
0 167.500 108.41 15.39
1 167.500 31.28 53.27
1 167.500 31.28 53.27
3 167.500 81.34 36.44
3 167.500 81.34 36.44
4 167.500 43.20 48.60
4 167.500 43.20 48.60
2 167.500 37.20 86.28
0 167.600 108.28 15.32
1 167.600 31.27 53.29
4 167.600 43.26 48.74
2 167.600 37.20 86.28
3 167.604 81.40 36.50
0 167.700 108.15 15.25
1 167.700 31.25 53.32
4 167.700 43.32 48.87
2 167.700 37.20 86.28
3 167.708 81.46 36.56
0 167.800 108.02 15.18
1 167.800 31.24 53.35
2 167.800 37.20 86.28
4 167.800 43.38 49.01
3 167.812 81.52 36.62
0 167.900 107.89 15.11
1 167.900 31.23 53.38
2 167.900 37.20 86.28
4 167.900 43.44 49.15
3 167.917 81.58 36.68
0 168.000 107.76 15.04
1 168.000 31.22 53.41
4 168.000 43.51 49.29
2 168.000 37.20 86.29
3 168.021 81.64 36.74
0 168.100 107.63 14.97
1 168.100 31.21 53.43
4 168.100 43.57 49.42
2 168.100 37.20 86.29
3 168.125 81.70 36.80
0 168.200 107.50 14.90
1 168.200 31.20 53.46
4 168.200 43.63 49.56
2 168.200 37.20 86.29
3 168.229 81.76 36.86
0 168.300 107.38 14.83
1 168.300 31.19 53.49
2 168.300 37.20 86.29
4 168.300 43.69 49.70
3 168.333 81.82 36.91
0 168.400 107.25 14.76
1 168.400 31.17 53.52
4 168.400 43.75 49.83
2 168.400 37.20 86.29
3 168.438 81.88 36.97
0 168.500 107.12 14.69
1 168.500 31.16 53.55
4 168.500 43.81 49.97
2 168.500 37.20 86.29
3 168.542 81.94 37.03
0 168.600 106.99 14.62
1 168.600 31.15 53.57
4 168.600 43.87 50.11
2 168.600 37.20 86.29
3 168.646 82.00 37.09
0 168.700 106.86 14.55
1 168.700 31.14 53.60
4 168.700 43.93 50.24
2 168.700 37.20 86.30
3 168.750 82.06 37.15
0 168.800 106.73 14.48
1 168.800 31.13 53.63
2 168.800 37.19 86.30
4 168.800 43.99 50.38
3 168.854 82.12 37.21
0 168.900 106.60 14.41
1 168.900 31.12 53.66
4 168.900 44.05 50.52
2 168.900 37.19 86.30
3 168.958 82.18 37.27
0 169.000 106.47 14.34
1 169.000 31.11 53.69
4 169.000 44.12 50.66
2 169.000 37.19 86.30
3 169.062 82.24 37.33
0 169.100 106.34 14.27
1 169.100 31.09 53.71
4 169.100 44.18 50.79
2 169.100 37.19 86.30
3 169.167 82.30 37.39
0 169.200 106.21 14.20
1 169.200 31.08 53.74
4 169.200 44.24 50.93
2 169.200 37.19 86.30
3 169.271 82.36 37.45
0 169.300 106.09 14.13
1 169.300 31.07 53.77
4 169.300 44.30 51.07
2 169.300 37.19 86.30
3 169.375 82.42 37.51
0 169.400 105.96 14.06
1 169.400 31.06 53.80
4 169.400 44.36 51.20
2 169.400 37.19 86.31
3 169.479 82.48 37.57
0 169.500 105.83 13.99
1 169.500 31.05 53.83
4 169.500 44.42 51.34
2 169.500 37.19 86.31
3 169.583 82.54 37.63
0 169.600 105.70 13.92
1 169.600 31.04 53.85
4 169.600 44.48 51.48
2 169.600 37.19 86.31
3 169.688 82.60 37.69
0 169.700 105.57 13.85
1 169.700 31.03 53.88
4 169.700 44.54 51.61
2 169.700 37.19 86.31
3 169.792 82.66 37.75
0 169.800 105.44 13.78
1 169.800 31.01 53.91
4 169.800 44.60 51.75
2 169.800 37.19 86.31
3 169.896 82.72 37.81
0 169.900 105.31 13.71
1 169.900 31.00 53.94
4 169.900 44.66 51.89
2 169.900 37.19 86.31
0 170.000 105.18 13.64
0 170.000 105.18 13.64
1 170.000 30.99 53.97
1 170.000 30.99 53.97
3 170.000 82.79 37.87
3 170.000 82.79 37.87
4 170.000 44.73 52.03
4 170.000 44.73 52.03
2 170.000 37.19 86.31
0 170.100 105.13 13.59
1 170.100 30.98 53.98
4 170.100 44.80 52.15
2 170.100 37.19 86.32
3 170.104 82.79 37.87
0 170.200 105.07 13.54
1 170.200 30.98 53.99
4 170.200 44.88 52.28
2 170.200 37.19 86.32
3 170.208 82.79 37.87
0 170.300 105.01 13.49
1 170.300 30.97 54.01
4 170.300 44.96 52.41
2 170.300 37.19 86.32
3 170.312 82.79 37.87
0 170.400 104.95 13.43
1 170.400 30.96 54.02
4 170.400 45.04 52.54
2 170.400 37.18 86.32
3 170.417 82.79 37.87
0 170.500 104.89 13.38
1 170.500 30.96 54.03
4 170.500 45.12 52.66
2 170.500 37.18 86.32
3 170.521 82.79 37.87
0 170.600 104.83 13.33
1 170.600 30.95 54.05
4 170.600 45.20 52.79
2 170.600 37.18 86.32
3 170.625 82.79 37.87
0 170.700 104.78 13.27
1 170.700 30.94 54.06
4 170.700 45.28 52.92
2 170.700 37.18 86.33
3 170.729 82.79 37.87
0 170.800 104.72 13.22
1 170.800 30.94 54.07
4 170.800 45.36 53.04
2 170.800 37.18 86.33
3 170.833 82.79 37.87
0 170.900 104.66 13.17
1 170.900 30.93 54.09
4 170.900 45.44 53.17
2 170.900 37.18 86.33
3 170.937 82.79 37.87
0 171.000 104.60 13.12
1 171.000 30.93 54.10
4 171.000 45.52 53.30
2 171.000 37.18 86.33
3 171.042 82.79 37.87
0 171.100 104.54 13.06
1 171.100 30.92 54.12
4 171.100 45.60 53.43
2 171.100 37.18 86.33
3 171.146 82.80 37.87
0 171.200 104.48 13.01
1 171.200 30.91 54.13
4 171.200 45.68 53.55
2 171.200 37.18 86.33
3 171.250 82.80 37.87
0 171.300 104.43 12.96
1 171.300 30.91 54.14
4 171.300 45.76 53.68
2 171.300 37.18 86.33
3 171.354 82.80 37.87
0 171.400 104.37 12.90
1 171.400 30.90 54.16
4 171.400 45.84 53.81
2 171.400 37.18 86.34
3 171.458 82.80 37.87
0 171.500 104.31 12.85
1 171.500 30.89 54.17
4 171.500 45.92 53.94
2 171.500 37.18 86.34
3 171.562 82.80 37.87
0 171.600 104.25 12.80
1 171.600 30.89 54.18
4 171.600 46.00 54.06
2 171.600 37.18 86.34
3 171.667 82.80 37.87
0 171.700 104.19 12.75
1 171.700 30.88 54.20
4 171.700 46.07 54.19
2 171.700 37.18 86.34
3 171.771 82.80 37.87
0 171.800 104.13 12.69
1 171.800 30.87 54.21
4 171.800 46.15 54.32
2 171.800 37.18 86.34
3 171.875 82.80 37.87
0 171.900 104.08 12.64
1 171.900 30.87 54.22
4 171.900 46.23 54.44
2 171.900 37.18 86.34
3 171.979 82.80 37.87
0 172.000 104.02 12.59
1 172.000 30.86 54.24
4 172.000 46.31 54.57
2 172.000 37.18 86.34
3 172.083 82.80 37.87
0 172.100 103.96 12.53
1 172.100 30.85 54.25
4 172.100 46.39 54.70
2 172.100 37.17 86.35
3 172.187 82.80 37.87
0 172.200 103.90 12.48
1 172.200 30.85 54.26
4 172.200 46.47 54.83
2 172.200 37.17 86.35
3 172.292 82.81 37.87
0 172.300 103.84 12.43
1 172.300 30.84 54.28
4 172.300 46.55 54.95
2 172.300 37.17 86.35
3 172.396 82.81 37.87
0 172.400 103.78 12.38
1 172.400 30.83 54.29
4 172.400 46.63 55.08
2 172.400 37.17 86.35
3 172.500 82.81 37.87
0 172.500 103.73 12.32
0 172.500 103.73 12.32
1 172.500 30.83 54.31
3 172.500 82.81 37.87
4 172.500 46.71 55.21
4 172.500 46.71 55.21
2 172.500 37.17 86.35
0 172.600 103.76 12.36
1 172.600 30.82 54.32
3 172.600 82.86 37.91
4 172.600 46.79 55.34
2 172.600 37.17 86.35
0 172.700 103.79 12.40
1 172.700 30.81 54.33
3 172.700 82.91 37.94
4 172.700 46.86 55.46
2 172.700 37.17 86.35
0 172.800 103.82 12.44
1 172.800 30.81 54.35
3 172.800 82.96 37.97
4 172.800 46.94 55.59
2 172.800 37.17 86.36
0 172.900 103.85 12.47
1 172.900 30.80 54.36
3 172.900 83.01 38.01
4 172.900 47.02 55.72
2 172.900 37.17 86.36
0 173.000 103.89 12.51
1 173.000 30.79 54.37
3 173.000 83.06 38.04
4 173.000 47.10 55.85
2 173.000 37.17 86.36
0 173.100 103.92 12.55
1 173.100 30.79 54.39
3 173.100 83.11 38.08
4 173.100 47.18 55.98
2 173.100 37.17 86.36
0 173.200 103.95 12.59
1 173.200 30.78 54.40
3 173.200 83.17 38.11
4 173.200 47.25 56.11
2 173.200 37.17 86.36
0 173.300 103.98 12.63
1 173.300 30.77 54.41
3 173.300 83.22 38.14
4 173.300 47.33 56.23
2 173.300 37.17 86.36
0 173.400 104.02 12.66
1 173.400 30.77 54.43
3 173.400 83.27 38.18
4 173.400 47.41 56.36
2 173.400 37.17 86.36
0 173.500 104.05 12.70
1 173.500 30.76 54.44
3 173.500 83.32 38.21
4 173.500 47.49 56.49
2 173.500 37.17 86.37
0 173.600 104.08 12.74
1 173.600 30.75 54.45
3 173.600 83.37 38.25
4 173.600 47.57 56.62
2 173.600 37.17 86.37
0 173.700 104.11 12.78
1 173.700 30.75 54.47
3 173.700 83.42 38.28
4 173.700 47.64 56.75
2 173.700 37.17 86.37
0 173.800 104.15 12.82
1 173.800 30.74 54.48
3 173.800 83.47 38.31
4 173.800 47.72 56.88
2 173.800 37.16 86.37
0 173.900 104.18 12.85
1 173.900 30.73 54.49
3 173.900 83.52 38.35
4 173.900 47.80 57.00
2 173.900 37.16 86.37
0 174.000 104.21 12.89
1 174.000 30.73 54.51
3 174.000 83.57 38.38
4 174.000 47.88 57.13
2 174.000 37.16 86.37
0 174.100 104.24 12.93
1 174.100 30.72 54.52
3 174.100 83.63 38.42
4 174.100 47.95 57.26
2 174.100 37.16 86.37
0 174.200 104.27 12.97
1 174.200 30.72 54.54
4 174.200 48.03 57.39
3 174.200 83.68 38.45
2 174.200 37.16 86.38
0 174.300 104.31 13.01
1 174.300 30.71 54.55
3 174.300 83.73 38.48
4 174.300 48.11 57.52
2 174.300 37.16 86.38
0 174.400 104.34 13.04
1 174.400 30.70 54.56
3 174.400 83.78 38.52
4 174.400 48.19 57.64
2 174.400 37.16 86.38
0 174.500 104.37 13.08
1 174.500 30.70 54.58
3 174.500 83.83 38.55
4 174.500 48.27 57.77
2 174.500 37.16 86.38
0 174.600 104.40 13.12
1 174.600 30.69 54.59
3 174.600 83.88 38.59
4 174.600 48.34 57.90
2 174.600 37.16 86.38
0 174.700 104.44 13.16
1 174.700 30.68 54.60
4 174.700 48.42 58.03
3 174.700 83.93 38.62
2 174.700 37.16 86.38
0 174.800 104.47 13.19
1 174.800 30.68 54.62
3 174.800 83.98 38.65
4 174.800 48.50 58.16
2 174.800 37.16 86.38
0 174.900 104.50 13.23
1 174.900 30.67 54.63
3 174.900 84.03 38.69
4 174.900 48.58 58.29
2 174.900 37.16 86.39
0 175.000 104.53 13.27
0 175.000 104.53 13.27
1 175.000 30.66 54.64
3 175.000 84.09 38.72
3 175.000 84.09 38.72
4 175.000 48.66 58.41
4 175.000 48.66 58.41
2 175.000 37.16 86.39
0 175.100 104.53 13.28
1 175.100 30.66 54.66
4 175.100 48.75 58.46
2 175.100 37.16 86.39
3 175.104 84.19 38.80
0 175.200 104.53 13.29
1 175.200 30.65 54.67
4 175.200 48.84 58.51
2 175.200 37.16 86.39
3 175.208 84.29 38.88
0 175.300 104.52 13.31
1 175.300 30.64 54.68
4 175.300 48.93 58.56
2 175.300 37.16 86.39
3 175.312 84.39 38.95
0 175.400 104.52 13.32
1 175.400 30.64 54.70
4 175.400 49.02 58.61
2 175.400 37.16 86.39
3 175.417 84.49 39.03
0 175.500 104.51 13.33
1 175.500 30.63 54.71
4 175.500 49.11 58.66
2 175.500 37.15 86.40
3 175.521 84.59 39.11
0 175.600 104.51 13.34
1 175.600 30.62 54.72
4 175.600 49.19 58.71
2 175.600 37.15 86.40
3 175.625 84.69 39.18
0 175.700 104.51 13.35
1 175.700 30.62 54.74
4 175.700 49.28 58.76
2 175.700 37.15 86.40
3 175.729 84.79 39.26
0 175.800 104.50 13.37
1 175.800 30.61 54.75
4 175.800 49.37 58.81
2 175.800 37.15 86.40
3 175.833 84.89 39.33
0 175.900 104.50 13.38
1 175.900 30.60 54.77
4 175.900 49.46 58.86
2 175.900 37.15 86.40
3 175.938 84.99 39.41
0 176.000 104.49 13.39
1 176.000 30.60 54.78
4 176.000 49.55 58.91
2 176.000 37.15 86.40
3 176.042 85.09 39.49
0 176.100 104.49 13.40
1 176.100 30.59 54.79
4 176.100 49.64 58.96
2 176.100 37.15 86.40
3 176.146 85.19 39.56
0 176.200 104.49 13.41
1 176.200 30.58 54.81
4 176.200 49.73 59.01
2 176.200 37.15 86.41
3 176.250 85.29 39.64
0 176.300 104.48 13.42
1 176.300 30.58 54.82
4 176.300 49.82 59.06
2 176.300 37.15 86.41
3 176.354 85.39 39.72
0 176.400 104.48 13.44
1 176.400 30.57 54.83
4 176.400 49.91 59.11
2 176.400 37.15 86.41
3 176.458 85.49 39.79
0 176.500 104.47 13.45
1 176.500 30.56 54.85
4 176.500 50.00 59.16
2 176.500 37.15 86.41
3 176.562 85.59 39.87
0 176.600 104.47 13.46
1 176.600 30.56 54.86
4 176.600 50.09 59.21
2 176.600 37.15 86.41
3 176.667 85.69 39.95
0 176.700 104.47 13.47
1 176.700 30.55 54.87
4 176.700 50.18 59.26
2 176.700 37.15 86.41
3 176.771 85.79 40.02
0 176.800 104.46 13.48
1 176.800 30.54 54.89
4 176.800 50.27 59.31
2 176.800 37.15 86.41
3 176.875 85.89 40.10
0 176.900 104.46 13.50
1 176.900 30.54 54.90
4 176.900 50.36 59.36
2 176.900 37.15 86.42
3 176.979 85.99 40.18
0 177.000 104.45 13.51
1 177.000 30.53 54.91
4 177.000 50.45 59.41
2 177.000 37.15 86.42
3 177.083 86.09 40.25
0 177.100 104.45 13.52
1 177.100 30.52 54.93
4 177.100 50.54 59.46
2 177.100 37.15 86.42
3 177.188 86.19 40.33
0 177.200 104.45 13.53
1 177.200 30.52 54.94
4 177.200 50.63 59.51
2 177.200 37.14 86.42
3 177.292 86.29 40.41
0 177.300 104.44 13.54
1 177.300 30.51 54.96
4 177.300 50.72 59.56
2 177.300 37.14 86.42
3 177.396 86.39 40.48
0 177.400 104.44 13.55
1 177.400 30.51 54.97
4 177.400 50.81 59.61
2 177.400 37.14 86.42
0 177.500 104.43 13.57
0 177.500 104.43 13.57
1 177.500 30.50 54.98
2 177.500 37.14 86.42
3 177.500 86.49 40.56
3 177.500 86.49 40.56
4 177.500 50.90 59.66
4 177.500 50.90 59.66
2 177.500 37.14 86.42
1 177.600 30.49 55.00
2 177.600 37.12 86.46
3 177.600 86.54 40.61
4 177.600 51.01 59.76
0 177.604 104.39 13.64
1 177.700 30.49 55.01
2 177.700 37.09 86.50
3 177.700 86.60 40.66
4 177.700 51.12 59.86
0 177.708 104.35 13.72
1 177.800 30.48 55.02
2 177.800 37.07 86.54
3 177.800 86.65 40.71
4 177.800 51.23 59.97
0 177.812 104.30 13.79
1 177.900 30.47 55.04
2 177.900 37.04 86.58
3 177.900 86.71 40.76
4 177.900 51.34 60.07
0 177.917 104.26 13.86
1 178.000 30.47 55.05
2 178.000 37.01 86.62
3 178.000 86.77 40.82
4 178.000 51.45 60.17
0 178.021 104.22 13.94
1 178.100 30.46 55.06
2 178.100 36.99 86.66
3 178.100 86.82 40.87
4 178.100 51.56 60.27
0 178.125 104.18 14.01
1 178.200 30.45 55.08
2 178.200 36.96 86.70
3 178.200 86.88 40.92
4 178.200 51.67 60.38
0 178.229 104.13 14.09
1 178.300 30.45 55.09
2 178.300 36.94 86.74
3 178.300 86.93 40.97
4 178.300 51.78 60.48
0 178.333 104.09 14.16
1 178.400 30.44 55.10
2 178.400 36.91 86.78
3 178.400 86.99 41.02
4 178.400 51.89 60.58
0 178.438 104.05 14.24
1 178.500 30.43 55.12
2 178.500 36.89 86.82
3 178.500 87.05 41.07
4 178.500 52.00 60.68
0 178.542 104.00 14.31
1 178.600 30.43 55.13
2 178.600 36.86 86.85
3 178.600 87.10 41.12
4 178.600 52.11 60.79
0 178.646 103.96 14.38
1 178.700 30.42 55.14
2 178.700 36.83 86.89
3 178.700 87.16 41.18
4 178.700 52.22 60.89
0 178.750 103.92 14.46
1 178.800 30.41 55.16
2 178.800 36.81 86.93
3 178.800 87.21 41.23
4 178.800 52.33 60.99
0 178.854 103.87 14.53
1 178.900 30.41 55.17
2 178.900 36.78 86.97
3 178.900 87.27 41.28
4 178.900 52.44 61.09
0 178.958 103.83 14.61
1 179.000 30.40 55.19
2 179.000 36.76 87.01
3 179.000 87.32 41.33
4 179.000 52.55 61.20
0 179.062 103.79 14.68
1 179.100 30.39 55.20
2 179.100 36.73 87.05
3 179.100 87.38 41.38
4 179.100 52.66 61.30
0 179.167 103.74 14.76
1 179.200 30.39 55.21
2 179.200 36.71 87.09
3 179.200 87.44 41.43
4 179.200 52.77 61.40
0 179.271 103.70 14.83
1 179.300 30.38 55.23
2 179.300 36.68 87.13
3 179.300 87.49 41.48
4 179.300 52.87 61.50
0 179.375 103.66 14.90
1 179.400 30.37 55.24
2 179.400 36.65 87.17
3 179.400 87.55 41.54
4 179.400 52.98 61.61
0 179.479 103.61 14.98
1 179.500 30.37 55.25
2 179.500 36.63 87.21
3 179.500 87.60 41.59
4 179.500 53.09 61.71
0 179.583 103.57 15.05
1 179.600 30.36 55.27
2 179.600 36.60 87.25
3 179.600 87.66 41.64
4 179.600 53.20 61.81
0 179.688 103.53 15.13
1 179.700 30.35 55.28
3 179.700 87.72 41.69
4 179.700 53.31 61.91
2 179.700 36.58 87.29
0 179.792 103.48 15.20
1 179.800 30.35 55.29
2 179.800 36.55 87.32
3 179.800 87.77 41.74
4 179.800 53.42 62.02
0 179.896 103.44 15.28
1 179.900 30.34 55.31
2 179.900 36.52 87.36
3 179.900 87.83 41.79
4 179.900 53.53 62.12
0 180.000 103.40 15.35
0 180.000 103.40 15.35
1 180.000 30.33 55.32
1 180.000 30.33 55.32
2 180.000 36.50 87.40
2 180.000 36.50 87.40
3 180.000 87.88 41.84
3 180.000 87.88 41.84
4 180.000 53.64 62.22
4 180.000 53.64 62.22
0 180.100 103.28 15.45
1 180.100 30.32 55.39
3 180.100 87.92 41.88
4 180.100 53.71 62.33
2 180.104 36.46 87.42
0 180.200 103.17 15.54
1 180.200 30.30 55.45
3 180.200 87.97 41.91
4 180.200 53.79 62.43
2 180.208 36.42 87.43
0 180.300 103.05 15.64
1 180.300 30.28 55.52
3 180.300 88.01 41.94
4 180.300 53.86 62.54
2 180.312 36.38 87.44
0 180.400 102.94 15.74
1 180.400 30.26 55.59
3 180.400 88.05 41.97
4 180.400 53.93 62.64
2 180.417 36.34 87.45
0 180.500 102.82 15.83
1 180.500 30.25 55.65
3 180.500 88.09 42.00
4 180.500 54.00 62.75
2 180.521 36.29 87.47
0 180.600 102.71 15.93
1 180.600 30.23 55.72
3 180.600 88.13 42.03
4 180.600 54.07 62.86
2 180.625 36.25 87.48
0 180.700 102.59 16.02
1 180.700 30.21 55.79
3 180.700 88.17 42.06
4 180.700 54.14 62.96
2 180.729 36.21 87.49
0 180.800 102.48 16.12
1 180.800 30.19 55.85
3 180.800 88.21 42.10
4 180.800 54.22 63.07
2 180.833 36.17 87.50
0 180.900 102.36 16.22
1 180.900 30.18 55.92
3 180.900 88.25 42.13
4 180.900 54.29 63.17
2 180.938 36.13 87.52
0 181.000 102.25 16.31
1 181.000 30.16 55.99
3 181.000 88.29 42.16
4 181.000 54.36 63.28
2 181.042 36.09 87.53
0 181.100 102.13 16.41
1 181.100 30.14 56.05
3 181.100 88.33 42.19
4 181.100 54.43 63.38
2 181.146 36.05 87.54
0 181.200 102.02 16.50
1 181.200 30.12 56.12
3 181.200 88.38 42.22
4 181.200 54.50 63.49
2 181.250 36.01 87.56
0 181.300 101.90 16.60
1 181.300 30.11 56.19
3 181.300 88.42 42.25
4 181.300 54.57 63.60
2 181.354 35.97 87.57
0 181.400 101.79 16.70
1 181.400 30.09 56.25
3 181.400 88.46 42.29
4 181.400 54.65 63.70
2 181.458 35.92 87.58
0 181.500 101.67 16.79
1 181.500 30.07 56.32
3 181.500 88.50 42.32
4 181.500 54.72 63.81
2 181.562 35.88 87.59
0 181.600 101.56 16.89
1 181.600 30.06 56.39
3 181.600 88.54 42.35
4 181.600 54.79 63.91
2 181.667 35.84 87.61
0 181.700 101.44 16.99
1 181.700 30.04 56.45
3 181.700 88.58 42.38
4 181.700 54.86 64.02
2 181.771 35.80 87.62
0 181.800 101.33 17.08
1 181.800 30.02 56.52
3 181.800 88.62 42.41
4 181.800 54.93 64.12
2 181.875 35.76 87.63
0 181.900 101.21 17.18
1 181.900 30.00 56.59
3 181.900 88.66 42.44
4 181.900 55.01 64.23
2 181.979 35.72 87.64
0 182.000 101.10 17.27
1 182.000 29.99 56.65
3 182.000 88.70 42.48
4 182.000 55.08 64.34
2 182.083 35.68 87.66
0 182.100 100.98 17.37
1 182.100 29.97 56.72
3 182.100 88.74 42.51
4 182.100 55.15 64.44
2 182.188 35.64 87.67
0 182.200 100.87 17.47
1 182.200 29.95 56.78
4 182.200 55.22 64.55
3 182.200 88.78 42.54
2 182.292 35.60 87.68
0 182.300 100.75 17.56
1 182.300 29.93 56.85
3 182.300 88.83 42.57
4 182.300 55.29 64.65
2 182.396 35.56 87.70
0 182.400 100.64 17.66
1 182.400 29.92 56.92
3 182.400 88.87 42.60
4 182.400 55.36 64.76
0 182.500 100.52 17.76
0 182.500 100.52 17.76
1 182.500 29.90 56.98
1 182.500 29.90 56.98
2 182.500 35.51 87.71
2 182.500 35.51 87.71
3 182.500 88.91 42.63
3 182.500 88.91 42.63
4 182.500 55.44 64.86
4 182.500 55.44 64.86
2 182.600 35.51 87.71
3 182.600 88.92 42.64
0 182.604 100.47 17.89
1 182.604 29.99 57.07
4 182.604 55.49 64.91
2 182.700 35.51 87.72
3 182.700 88.94 42.64
0 182.708 100.42 18.03
1 182.708 30.08 57.16
4 182.708 55.55 64.96
2 182.800 35.51 87.72
3 182.800 88.95 42.65
0 182.812 100.37 18.17
1 182.812 30.18 57.25
4 182.812 55.60 65.00
2 182.900 35.50 87.73
3 182.900 88.97 42.65
0 182.917 100.32 18.31
1 182.917 30.27 57.34
4 182.917 55.66 65.05
2 183.000 35.50 87.73
3 183.000 88.98 42.66
0 183.021 100.27 18.45
1 183.021 30.36 57.43
4 183.021 55.72 65.09
2 183.100 35.50 87.73
3 183.100 89.00 42.66
0 183.125 100.22 18.59
1 183.125 30.46 57.51
4 183.125 55.77 65.14
2 183.200 35.49 87.74
3 183.200 89.01 42.67
0 183.229 100.17 18.73
1 183.229 30.55 57.60
4 183.229 55.83 65.18
2 183.300 35.49 87.74
3 183.300 89.03 42.67
0 183.333 100.12 18.86
1 183.333 30.64 57.69
4 183.333 55.89 65.23
2 183.400 35.49 87.75
3 183.400 89.04 42.68
0 183.438 100.07 19.00
1 183.438 30.74 57.78
4 183.438 55.94 65.28
2 183.500 35.48 87.75
3 183.500 89.06 42.68
0 183.542 100.02 19.14
1 183.542 30.83 57.87
4 183.542 56.00 65.32
2 183.600 35.48 87.75
3 183.600 89.07 42.69
0 183.646 99.97 19.28
1 183.646 30.92 57.96
4 183.646 56.05 65.37
2 183.700 35.48 87.76
3 183.700 89.09 42.69
0 183.750 99.91 19.42
1 183.750 31.01 58.04
4 183.750 56.11 65.41
2 183.800 35.48 87.76
3 183.800 89.10 42.70
0 183.854 99.86 19.56
1 183.854 31.11 58.13
4 183.854 56.17 65.46
2 183.900 35.47 87.77
3 183.900 89.12 42.70
0 183.958 99.81 19.70
1 183.958 31.20 58.22
4 183.958 56.22 65.50
2 184.000 35.47 87.77
3 184.000 89.13 42.71
0 184.062 99.76 19.83
1 184.062 31.29 58.31
4 184.062 56.28 65.55
2 184.100 35.47 87.77
3 184.100 89.15 42.71
0 184.167 99.71 19.97
1 184.167 31.39 58.40
4 184.167 56.34 65.60
2 184.200 35.46 87.78
3 184.200 89.16 42.72
0 184.271 99.66 20.11
1 184.271 31.48 58.49
4 184.271 56.39 65.64
2 184.300 35.46 87.78
3 184.300 89.18 42.72
0 184.375 99.61 20.25
1 184.375 31.57 58.57
4 184.375 56.45 65.69
2 184.400 35.46 87.79
3 184.400 89.19 42.73
0 184.479 99.56 20.39
1 184.479 31.67 58.66
4 184.479 56.50 65.73
2 184.500 35.45 87.79
3 184.500 89.21 42.73
4 184.583 56.56 65.78
0 184.583 99.51 20.53
1 184.583 31.76 58.75
2 184.600 35.45 87.79
3 184.600 89.22 42.74
0 184.688 99.46 20.66
1 184.688 31.85 58.84
4 184.688 56.62 65.83
2 184.700 35.45 87.80
3 184.700 89.24 42.74
0 184.792 99.41 20.80
1 184.792 31.95 58.93
4 184.792 56.67 65.87
2 184.800 35.45 87.80
3 184.800 89.26 42.75
4 184.896 56.73 65.92
0 184.896 99.36 20.94
1 184.896 32.04 59.02
2 184.900 35.44 87.81
3 184.900 89.27 42.75
0 185.000 99.31 21.08
0 185.000 99.31 21.08
1 185.000 32.13 59.10
1 185.000 32.13 59.10
2 185.000 35.44 87.81
3 185.000 89.29 42.76
3 185.000 89.29 42.76
4 185.000 56.79 65.96
4 185.000 56.79 65.96
0 185.100 99.27 21.23
1 185.100 32.24 59.11
2 185.100 35.44 87.82
3 185.100 89.34 42.80
4 185.100 56.79 65.96
0 185.200 99.23 21.37
1 185.200 32.35 59.12
2 185.200 35.43 87.82
3 185.200 89.39 42.85
4 185.200 56.80 65.97
0 185.300 99.19 21.52
1 185.300 32.46 59.13
2 185.300 35.43 87.82
3 185.300 89.44 42.90
4 185.300 56.80 65.97
0 185.400 99.16 21.66
1 185.400 32.56 59.14
2 185.400 35.43 87.83
3 185.400 89.50 42.95
4 185.400 56.81 65.97
0 185.500 99.12 21.81
1 185.500 32.67 59.15
2 185.500 35.42 87.83
3 185.500 89.55 43.00
4 185.500 56.81 65.97
0 185.600 99.08 21.95
1 185.600 32.78 59.16
2 185.600 35.42 87.84
3 185.600 89.60 43.04
4 185.600 56.82 65.98
0 185.700 99.04 22.10
1 185.700 32.89 59.17
2 185.700 35.42 87.84
3 185.700 89.65 43.09
4 185.700 56.82 65.98
0 185.800 99.00 22.24
1 185.800 33.00 59.18
2 185.800 35.41 87.84
3 185.800 89.71 43.14
4 185.800 56.83 65.98
0 185.900 98.96 22.39
1 185.900 33.10 59.19
2 185.900 35.41 87.85
3 185.900 89.76 43.19
4 185.900 56.84 65.98
0 186.000 98.93 22.53
1 186.000 33.21 59.19
2 186.000 35.41 87.85
3 186.000 89.81 43.24
4 186.000 56.84 65.99
0 186.100 98.89 22.68
1 186.100 33.32 59.20
2 186.100 35.41 87.86
3 186.100 89.86 43.28
4 186.100 56.85 65.99
0 186.200 98.85 22.82
1 186.200 33.43 59.21
2 186.200 35.40 87.86
3 186.200 89.92 43.33
4 186.200 56.85 65.99
0 186.300 98.81 22.97
1 186.300 33.54 59.22
2 186.300 35.40 87.86
3 186.300 89.97 43.38
4 186.300 56.86 65.99
0 186.400 98.77 23.11
1 186.400 33.64 59.23
2 186.400 35.40 87.87
3 186.400 90.02 43.43
4 186.400 56.86 65.99
0 186.500 98.73 23.26
1 186.500 33.75 59.24
2 186.500 35.39 87.87
3 186.500 90.07 43.48
4 186.500 56.87 66.00
0 186.600 98.70 23.40
1 186.600 33.86 59.25
2 186.600 35.39 87.88
3 186.600 90.13 43.52
4 186.600 56.87 66.00
0 186.700 98.66 23.55
1 186.700 33.97 59.26
2 186.700 35.39 87.88
3 186.700 90.18 43.57
4 186.700 56.88 66.00
0 186.800 98.62 23.69
1 186.800 34.08 59.27
2 186.800 35.38 87.89
3 186.800 90.23 43.62
4 186.800 56.88 66.00
0 186.900 98.58 23.84
1 186.900 34.18 59.28
2 186.900 35.38 87.89
3 186.900 90.28 43.67
4 186.900 56.89 66.01
0 187.000 98.54 23.98
1 187.000 34.29 59.29
2 187.000 35.38 87.89
3 187.000 90.34 43.72
4 187.000 56.90 66.01
0 187.100 98.50 24.13
1 187.100 34.40 59.29
2 187.100 35.38 87.90
3 187.100 90.39 43.76
4 187.100 56.90 66.01
0 187.200 98.47 24.27
1 187.200 34.51 59.30
2 187.200 35.37 87.90
3 187.200 90.44 43.81
4 187.200 56.91 66.01
0 187.300 98.43 24.42
1 187.300 34.62 59.31
2 187.300 35.37 87.91
3 187.300 90.50 43.86
4 187.300 56.91 66.02
0 187.400 98.39 24.56
1 187.400 34.73 59.32
2 187.400 35.37 87.91
3 187.400 90.55 43.91
4 187.400 56.92 66.02
0 187.500 98.35 24.71
0 187.500 98.35 24.71
1 187.500 34.83 59.33
1 187.500 34.83 59.33
2 187.500 35.36 87.91
3 187.500 90.60 43.96
3 187.500 90.60 43.96
4 187.500 56.92 66.02
4 187.500 56.92 66.02
0 187.600 98.28 24.84
1 187.600 34.96 59.36
2 187.600 35.36 87.92
3 187.600 90.68 44.09
4 187.600 56.94 66.03
0 187.700 98.20 24.97
1 187.700 35.09 59.40
2 187.700 35.36 87.92
3 187.700 90.76 44.21
4 187.700 56.95 66.04
0 187.800 98.13 25.10
1 187.800 35.21 59.43
2 187.800 35.35 87.93
3 187.800 90.83 44.34
4 187.800 56.97 66.05
0 187.900 98.05 25.23
1 187.900 35.34 59.47
2 187.900 35.35 87.93
3 187.900 90.91 44.47
4 187.900 56.98 66.05
0 188.000 97.98 25.36
1 188.000 35.47 59.50
2 188.000 35.35 87.93
3 188.000 90.99 44.60
4 188.000 56.99 66.06
0 188.100 97.90 25.48
1 188.100 35.59 59.53
2 188.100 35.35 87.94
3 188.100 91.06 44.73
4 188.100 57.01 66.07
0 188.200 97.82 25.61
1 188.200 35.72 59.57
2 188.200 35.34 87.94
3 188.200 91.14 44.86
4 188.200 57.02 66.08
0 188.300 97.75 25.74
1 188.300 35.85 59.60
2 188.300 35.34 87.95
3 188.300 91.22 44.99
4 188.300 57.04 66.09
0 188.400 97.67 25.87
1 188.400 35.97 59.63
2 188.400 35.34 87.95
3 188.400 91.30 45.11
4 188.400 57.05 66.10
0 188.500 97.60 26.00
1 188.500 36.10 59.67
2 188.500 35.33 87.96
3 188.500 91.37 45.24
4 188.500 57.06 66.11
0 188.600 97.52 26.13
1 188.600 36.23 59.70
2 188.600 35.33 87.96
3 188.600 91.45 45.37
4 188.600 57.08 66.11
0 188.700 97.45 26.26
1 188.700 36.35 59.73
2 188.700 35.33 87.96
3 188.700 91.53 45.50
4 188.700 57.09 66.12
0 188.800 97.37 26.39
1 188.800 36.48 59.77
2 188.800 35.32 87.97
3 188.800 91.61 45.63
4 188.800 57.11 66.13
0 188.900 97.30 26.52
1 188.900 36.61 59.80
2 188.900 35.32 87.97
3 188.900 91.68 45.76
4 188.900 57.12 66.14
0 189.000 97.22 26.65
1 189.000 36.73 59.83
2 189.000 35.32 87.98
3 189.000 91.76 45.88
4 189.000 57.13 66.15
0 189.100 97.15 26.78
1 189.100 36.86 59.87
2 189.100 35.32 87.98
3 189.100 91.84 46.01
4 189.100 57.15 66.16
0 189.200 97.07 26.91
1 189.200 36.99 59.90
2 189.200 35.31 87.98
3 189.200 91.92 46.14
4 189.200 57.16 66.17
0 189.300 97.00 27.04
1 189.300 37.11 59.94
2 189.300 35.31 87.99
3 189.300 91.99 46.27
4 189.300 57.18 66.18
0 189.400 96.92 27.17
1 189.400 37.24 59.97
2 189.400 35.31 87.99
3 189.400 92.07 46.40
4 189.400 57.19 66.18
0 189.500 96.85 27.30
1 189.500 37.36 60.00
2 189.500 35.30 88.00
3 189.500 92.15 46.53
4 189.500 57.20 66.19
0 189.600 96.77 27.43
1 189.600 37.49 60.04
2 189.600 35.30 88.00
3 189.600 92.23 46.66
4 189.600 57.22 66.20
0 189.700 96.70 27.56
1 189.700 37.62 60.07
2 189.700 35.30 88.00
3 189.700 92.30 46.78
4 189.700 57.23 66.21
0 189.800 96.62 27.69
1 189.800 37.74 60.10
2 189.800 35.29 88.01
3 189.800 92.38 46.91
4 189.800 57.25 66.22
0 189.900 96.55 27.82
1 189.900 37.87 60.14
2 189.900 35.29 88.01
3 189.900 92.46 47.04
4 189.900 57.26 66.23
0 190.000 96.47 27.95
0 190.000 96.47 27.95
1 190.000 38.00 60.17
1 190.000 38.00 60.17
2 190.000 35.29 88.02
3 190.000 92.53 47.17
3 190.000 92.53 47.17
4 190.000 57.28 66.24
0 190.100 96.39 28.08
1 190.100 38.15 60.15
2 190.100 35.29 88.02
3 190.100 92.54 47.19
4 190.100 57.29 66.24
0 190.200 96.31 28.20
1 190.200 38.30 60.14
2 190.200 35.28 88.03
3 190.200 92.55 47.20
4 190.200 57.30 66.25
0 190.300 96.23 28.33
1 190.300 38.45 60.12
2 190.300 35.28 88.03
3 190.300 92.55 47.22
4 190.300 57.32 66.26
0 190.400 96.15 28.46
1 190.400 38.59 60.11
2 190.400 35.28 88.03
3 190.400 92.56 47.24
4 190.400 57.33 66.27
0 190.500 96.07 28.58
1 190.500 38.74 60.09
2 190.500 35.27 88.04
3 190.500 92.57 47.25
4 190.500 57.35 66.28
0 190.600 95.99 28.71
1 190.600 38.89 60.07
2 190.600 35.27 88.04
3 190.600 92.57 47.27
4 190.600 57.36 66.29
0 190.700 95.91 28.84
1 190.700 39.04 60.06
2 190.700 35.27 88.05
3 190.700 92.58 47.29
4 190.700 57.37 66.30
0 190.800 95.83 28.96
1 190.800 39.19 60.04
2 190.800 35.26 88.05
3 190.800 92.59 47.30
4 190.800 57.39 66.31
0 190.900 95.75 29.09
1 190.900 39.34 60.03
2 190.900 35.26 88.05
3 190.900 92.59 47.32
4 190.900 57.40 66.31
0 191.000 95.67 29.22
1 191.000 39.49 60.01
2 191.000 35.26 88.06
3 191.000 92.60 47.34
4 191.000 57.42 66.32
0 191.100 95.59 29.34
1 191.100 39.64 59.99
2 191.100 35.26 88.06
3 191.100 92.61 47.35
4 191.100 57.43 66.33
0 191.200 95.50 29.47
1 191.200 39.79 59.98
2 191.200 35.25 88.07
3 191.200 92.61 47.37
4 191.200 57.44 66.34
0 191.300 95.42 29.60
1 191.300 39.94 59.96
2 191.300 35.25 88.07
3 191.300 92.62 47.39
4 191.300 57.46 66.35
0 191.400 95.34 29.72
1 191.400 40.09 59.94
2 191.400 35.25 88.07
3 191.400 92.63 47.40
4 191.400 57.47 66.36
0 191.500 95.26 29.85
1 191.500 40.23 59.93
2 191.500 35.24 88.08
3 191.500 92.63 47.42
4 191.500 57.49 66.37
0 191.600 95.18 29.97
1 191.600 40.38 59.91
2 191.600 35.24 88.08
3 191.600 92.64 47.44
4 191.600 57.50 66.37
0 191.700 95.10 30.10
1 191.700 40.53 59.90
2 191.700 35.24 88.09
3 191.700 92.64 47.45
4 191.700 57.51 66.38
0 191.800 95.02 30.23
1 191.800 40.68 59.88
2 191.800 35.23 88.09
3 191.800 92.65 47.47
4 191.800 57.53 66.39
0 191.900 94.94 30.35
1 191.900 40.83 59.86
2 191.900 35.23 88.09
3 191.900 92.66 47.49
4 191.900 57.54 66.40
0 192.000 94.86 30.48
1 192.000 40.98 59.85
2 192.000 35.23 88.10
3 192.000 92.66 47.50
4 192.000 57.56 66.41
0 192.100 94.78 30.61
1 192.100 41.13 59.83
2 192.100 35.23 88.10
3 192.100 92.67 47.52
4 192.100 57.57 66.42
0 192.200 94.70 30.73
1 192.200 41.28 59.82
2 192.200 35.22 88.11
3 192.200 92.68 47.54
4 192.200 57.59 66.43
0 192.300 94.62 30.86
1 192.300 41.43 59.80
2 192.300 35.22 88.11
3 192.300 92.68 47.55
4 192.300 57.60 66.44
0 192.400 94.54 30.99
1 192.400 41.58 59.78
2 192.400 35.22 88.12
3 192.400 92.69 47.57
4 192.400 57.61 66.44
0 192.500 94.46 31.11
0 192.500 94.46 31.11
1 192.500 41.73 59.77
1 192.500 41.73 59.77
2 192.500 35.21 88.12
3 192.500 92.70 47.59
3 192.500 92.70 47.59
4 192.500 57.63 66.45
0 192.600 94.40 31.25
1 192.600 41.85 59.81
2 192.600 35.21 88.12
3 192.600 92.70 47.61
4 192.600 57.64 66.46
0 192.700 94.35 31.39
1 192.700 41.98 59.85
2 192.700 35.21 88.13
3 192.700 92.71 47.64
4 192.700 57.66 66.47
0 192.800 94.30 31.54
1 192.800 42.10 59.90
2 192.800 35.20 88.13
3 192.800 92.72 47.67
4 192.800 57.67 66.48
0 192.900 94.25 31.68
1 192.900 42.23 59.94
2 192.900 35.20 88.14
3 192.900 92.73 47.70
4 192.900 57.68 66.49
0 193.000 94.20 31.82
1 193.000 42.35 59.99
2 193.000 35.20 88.14
3 193.000 92.73 47.73
4 193.000 57.70 66.50
0 193.100 94.14 31.96
1 193.100 42.48 60.03
2 193.100 35.20 88.14
3 193.100 92.74 47.76
4 193.100 57.71 66.50
0 193.200 94.09 32.10
1 193.200 42.60 60.07
2 193.200 35.19 88.15
3 193.200 92.75 47.78
4 193.200 57.73 66.51
0 193.300 94.04 32.24
1 193.300 42.73 60.12
2 193.300 35.19 88.15
3 193.300 92.75 47.81
4 193.300 57.74 66.52
0 193.400 93.99 32.38
1 193.400 42.86 60.16
2 193.400 35.19 88.16
3 193.400 92.76 47.84
4 193.400 57.75 66.53
0 193.500 93.94 32.52
1 193.500 42.98 60.20
2 193.500 35.18 88.16
3 193.500 92.77 47.87
4 193.500 57.77 66.54
0 193.600 93.88 32.66
1 193.600 43.11 60.25
2 193.600 35.18 88.16
3 193.600 92.78 47.90
4 193.600 57.78 66.55
0 193.700 93.83 32.80
1 193.700 43.23 60.29
2 193.700 35.18 88.17
3 193.700 92.78 47.93
4 193.700 57.80 66.56
0 193.800 93.78 32.94
1 193.800 43.36 60.34
2 193.800 35.17 88.17
3 193.800 92.79 47.95
4 193.800 57.81 66.57
0 193.900 93.73 33.08
1 193.900 43.48 60.38
2 193.900 35.17 88.18
3 193.900 92.80 47.98
4 193.900 57.82 66.57
0 194.000 93.68 33.22
1 194.000 43.61 60.42
2 194.000 35.17 88.18
3 194.000 92.80 48.01
4 194.000 57.84 66.58
0 194.100 93.62 33.36
1 194.100 43.74 60.47
2 194.100 35.17 88.19
3 194.100 92.81 48.04
4 194.100 57.85 66.59
0 194.200 93.57 33.51
1 194.200 43.86 60.51
2 194.200 35.16 88.19
3 194.200 92.82 48.07
4 194.200 57.87 66.60
0 194.300 93.52 33.65
1 194.300 43.99 60.55
2 194.300 35.16 88.19
3 194.300 92.82 48.10
4 194.300 57.88 66.61
0 194.400 93.47 33.79
1 194.400 44.11 60.60
2 194.400 35.16 88.20
3 194.400 92.83 48.12
4 194.400 57.89 66.62
0 194.500 93.42 33.93
1 194.500 44.24 60.64
2 194.500 35.15 88.20
3 194.500 92.84 48.15
4 194.500 57.91 66.63
0 194.600 93.37 34.07
1 194.600 44.36 60.69
2 194.600 35.15 88.21
3 194.600 92.85 48.18
4 194.600 57.92 66.63
0 194.700 93.31 34.21
1 194.700 44.49 60.73
2 194.700 35.15 88.21
3 194.700 92.85 48.21
4 194.700 57.94 66.64
0 194.800 93.26 34.35
1 194.800 44.61 60.77
2 194.800 35.14 88.21
3 194.800 92.86 48.24
4 194.800 57.95 66.65
0 194.900 93.21 34.49
1 194.900 44.74 60.82
2 194.900 35.14 88.22
3 194.900 92.87 48.27
4 194.900 57.97 66.66
0 195.000 93.16 34.63
0 195.000 93.16 34.63
1 195.000 44.87 60.86
1 195.000 44.87 60.86
2 195.000 35.14 88.22
2 195.000 35.14 88.22
3 195.000 92.87 48.29
3 195.000 92.87 48.29
4 195.000 57.98 66.67
4 195.000 57.98 66.67
0 195.100 93.07 34.75
1 195.100 44.98 60.82
2 195.100 35.12 88.29
3 195.100 92.87 48.31
4 195.104 58.02 66.67
0 195.200 92.99 34.88
1 195.200 45.09 60.77
2 195.200 35.10 88.37
3 195.200 92.87 48.33
4 195.208 58.07 66.67
0 195.300 92.91 35.00
1 195.300 45.20 60.73
2 195.300 35.08 88.44
3 195.300 92.87 48.34
4 195.312 58.11 66.67
0 195.400 92.83 35.13
1 195.400 45.31 60.68
2 195.400 35.06 88.51
3 195.400 92.87 48.36
4 195.417 58.16 66.67
0 195.500 92.75 35.25
1 195.500 45.43 60.64
2 195.500 35.04 88.58
3 195.500 92.86 48.37
4 195.521 58.20 66.68
0 195.600 92.66 35.37
1 195.600 45.54 60.60
2 195.600 35.02 88.66
3 195.600 92.86 48.39
4 195.625 58.25 66.68
0 195.700 92.58 35.50
1 195.700 45.65 60.55
2 195.700 35.00 88.73
3 195.700 92.86 48.40
4 195.729 58.29 66.68
0 195.800 92.50 35.62
1 195.800 45.76 60.51
2 195.800 34.98 88.80
3 195.800 92.86 48.42
4 195.833 58.34 66.68
0 195.900 92.42 35.75
1 195.900 45.87 60.46
2 195.900 34.96 88.87
3 195.900 92.85 48.43
4 195.938 58.38 66.68
0 196.000 92.33 35.87
1 196.000 45.99 60.42
2 196.000 34.94 88.95
3 196.000 92.85 48.45
4 196.042 58.43 66.68
0 196.100 92.25 35.99
1 196.100 46.10 60.38
2 196.100 34.92 89.02
3 196.100 92.85 48.47
4 196.146 58.47 66.68
0 196.200 92.17 36.12
1 196.200 46.21 60.33
2 196.200 34.90 89.09
3 196.200 92.85 48.48
4 196.250 58.51 66.69
0 196.300 92.09 36.24
1 196.300 46.32 60.29
2 196.300 34.88 89.16
3 196.300 92.84 48.50
4 196.354 58.56 66.69
0 196.400 92.00 36.37
1 196.400 46.43 60.24
2 196.400 34.86 89.24
3 196.400 92.84 48.51
4 196.458 58.60 66.69
0 196.500 91.92 36.49
1 196.500 46.55 60.20
2 196.500 34.84 89.31
3 196.500 92.84 48.53
4 196.562 58.65 66.69
0 196.600 91.84 36.61
1 196.600 46.66 60.16
2 196.600 34.82 89.38
3 196.600 92.84 48.54
4 196.667 58.69 66.69
0 196.700 91.76 36.74
1 196.700 46.77 60.11
2 196.700 34.80 89.45
3 196.700 92.83 48.56
4 196.771 58.74 66.69
0 196.800 91.68 36.86
1 196.800 46.88 60.07
2 196.800 34.78 89.52
3 196.800 92.83 48.58
4 196.875 58.78 66.69
0 196.900 91.59 36.99
1 196.900 46.99 60.02
2 196.900 34.76 89.60
3 196.900 92.83 48.59
4 196.979 58.83 66.70
0 197.000 91.51 37.11
1 197.000 47.11 59.98
2 197.000 34.74 89.67
3 197.000 92.83 48.61
4 197.083 58.87 66.70
0 197.100 91.43 37.23
1 197.100 47.22 59.94
2 197.100 34.72 89.74
3 197.100 92.82 48.62
4 197.188 58.92 66.70
0 197.200 91.35 37.36
1 197.200 47.33 59.89
2 197.200 34.70 89.81
3 197.200 92.82 48.64
4 197.292 58.96 66.70
0 197.300 91.26 37.48
1 197.300 47.44 59.85
2 197.300 34.68 89.89
3 197.300 92.82 48.65
4 197.396 59.00 66.70
0 197.400 91.18 37.60
1 197.400 47.55 59.80
2 197.400 34.66 89.96
3 197.400 92.82 48.67
0 197.500 91.10 37.73
0 197.500 91.10 37.73
1 197.500 47.67 59.76
1 197.500 47.67 59.76
2 197.500 34.64 90.03
3 197.500 92.82 48.69
3 197.500 92.82 48.69
4 197.500 59.05 66.70
4 197.500 59.05 66.70
1 197.600 47.79 59.68
2 197.600 34.62 90.10
3 197.600 92.81 48.70
4 197.600 59.11 66.73
0 197.604 91.02 37.80
1 197.700 47.91 59.61
2 197.700 34.61 90.18
3 197.700 92.80 48.71
4 197.700 59.16 66.77
0 197.708 90.94 37.86
1 197.800 48.03 59.54
2 197.800 34.59 90.25
3 197.800 92.80 48.72
4 197.800 59.22 66.80
0 197.812 90.86 37.93
1 197.900 48.15 59.46
2 197.900 34.57 90.32
3 197.900 92.79 48.73
4 197.900 59.28 66.83
0 197.917 90.78 38.00
1 198.000 48.27 59.39
2 198.000 34.55 90.39
3 198.000 92.79 48.75
4 198.000 59.34 66.86
0 198.021 90.70 38.07
1 198.100 48.39 59.31
2 198.100 34.53 90.47
3 198.100 92.78 48.76
4 198.100 59.40 66.89
0 198.125 90.62 38.14
1 198.200 48.51 59.24
2 198.200 34.51 90.54
3 198.200 92.78 48.77
4 198.200 59.45 66.93
0 198.229 90.55 38.20
1 198.300 48.63 59.17
2 198.300 34.49 90.61
3 198.300 92.77 48.78
4 198.300 59.51 66.96
0 198.333 90.47 38.27
1 198.400 48.75 59.09
2 198.400 34.47 90.68
3 198.400 92.77 48.80
4 198.400 59.57 66.99
0 198.438 90.39 38.34
1 198.500 48.87 59.02
2 198.500 34.45 90.75
3 198.500 92.76 48.81
4 198.500 59.63 67.02
0 198.542 90.31 38.41
1 198.600 48.99 58.94
2 198.600 34.43 90.83
3 198.600 92.76 48.82
4 198.600 59.68 67.05
0 198.646 90.23 38.47
1 198.700 49.11 58.87
2 198.700 34.41 90.90
3 198.700 92.75 48.83
4 198.700 59.74 67.08
0 198.750 90.15 38.54
1 198.800 49.23 58.80
2 198.800 34.39 90.97
3 198.800 92.75 48.85
4 198.800 59.80 67.12
0 198.854 90.07 38.61
1 198.900 49.35 58.72
2 198.900 34.37 91.04
3 198.900 92.74 48.86
4 198.900 59.86 67.15
0 198.958 89.99 38.68
1 199.000 49.47 58.65
2 199.000 34.35 91.12
3 199.000 92.74 48.87
4 199.000 59.92 67.18
0 199.062 89.91 38.75
1 199.100 49.60 58.57
2 199.100 34.33 91.19
3 199.100 92.73 48.88
4 199.100 59.97 67.21
0 199.167 89.83 38.81
1 199.200 49.72 58.50
2 199.200 34.31 91.26
3 199.200 92.73 48.89
4 199.200 60.03 67.24
0 199.271 89.75 38.88
1 199.300 49.84 58.43
2 199.300 34.29 91.33
3 199.300 92.72 48.91
4 199.300 60.09 67.27
0 199.375 89.67 38.95
1 199.400 49.96 58.35
2 199.400 34.27 91.41
3 199.400 92.72 48.92
4 199.400 60.15 67.31
0 199.479 89.60 39.02
1 199.500 50.08 58.28
2 199.500 34.25 91.48
3 199.500 92.71 48.93
4 199.500 60.20 67.34
0 199.583 89.52 39.08
1 199.600 50.20 58.20
2 199.600 34.23 91.55
3 199.600 92.71 48.94
4 199.600 60.26 67.37
0 199.688 89.44 39.15
1 199.700 50.32 58.13
2 199.700 34.21 91.62
3 199.700 92.70 48.96
4 199.700 60.32 67.40
0 199.792 89.36 39.22
1 199.800 50.44 58.05
2 199.800 34.19 91.70
3 199.800 92.70 48.97
4 199.800 60.38 67.43
0 199.896 89.28 39.29
1 199.900 50.56 57.98
2 199.900 34.17 91.77
3 199.900 92.69 48.98
4 199.900 60.44 67.46
0 200.000 89.20 39.36
0 200.000 89.20 39.36
1 200.000 50.68 57.91
1 200.000 50.68 57.91
2 200.000 34.15 91.84
2 200.000 34.15 91.84
3 200.000 92.68 48.99
3 200.000 92.68 48.99
4 200.000 60.49 67.50
4 200.000 60.49 67.50
0 200.100 89.12 39.46
1 200.100 50.74 57.88
2 200.100 34.12 91.95
3 200.100 92.67 49.00
4 200.100 60.55 67.53
0 200.200 89.04 39.56
1 200.200 50.81 57.85
2 200.200 34.09 92.06
3 200.200 92.65 49.01
4 200.200 60.61 67.56
0 200.300 88.96 39.66
1 200.300 50.87 57.82
2 200.300 34.07 92.17
3 200.300 92.63 49.01
4 200.300 60.67 67.59
0 200.400 88.88 39.77
1 200.400 50.94 57.79
2 200.400 34.04 92.28
3 200.400 92.62 49.02
4 200.400 60.73 67.62
0 200.500 88.81 39.87
1 200.500 51.00 57.76
2 200.500 34.01 92.39
3 200.500 92.60 49.03
4 200.500 60.79 67.66
0 200.600 88.73 39.97
1 200.600 51.06 57.73
2 200.600 33.98 92.50
3 200.600 92.58 49.03
4 200.600 60.84 67.69
0 200.700 88.65 40.07
1 200.700 51.13 57.70
2 200.700 33.95 92.61
3 200.700 92.57 49.04
4 200.700 60.90 67.72
0 200.800 88.57 40.18
1 200.800 51.19 57.67
2 200.800 33.92 92.72
3 200.800 92.55 49.05
4 200.800 60.96 67.75
0 200.900 88.49 40.28
1 200.900 51.26 57.64
2 200.900 33.89 92.83
3 200.900 92.53 49.06
4 200.900 61.02 67.78
0 201.000 88.41 40.38
1 201.000 51.32 57.61
2 201.000 33.86 92.94
3 201.000 92.52 49.06
4 201.000 61.08 67.82
0 201.100 88.33 40.48
1 201.100 51.38 57.58
2 201.100 33.84 93.05
3 201.100 92.50 49.07
4 201.100 61.14 67.85
0 201.200 88.25 40.58
1 201.200 51.45 57.55
2 201.200 33.81 93.16
3 201.200 92.48 49.08
4 201.200 61.19 67.88
0 201.300 88.17 40.69
1 201.300 51.51 57.52
2 201.300 33.78 93.27
3 201.300 92.46 49.08
4 201.300 61.25 67.91
0 201.400 88.10 40.79
1 201.400 51.58 57.49
2 201.400 33.75 93.38
3 201.400 92.45 49.09
4 201.400 61.31 67.95
0 201.500 88.02 40.89
1 201.500 51.64 57.46
2 201.500 33.72 93.49
3 201.500 92.43 49.10
4 201.500 61.37 67.98
0 201.600 87.94 40.99
1 201.600 51.70 57.43
2 201.600 33.69 93.60
3 201.600 92.41 49.10
4 201.600 61.43 68.01
0 201.700 87.86 41.10
1 201.700 51.77 57.40
2 201.700 33.66 93.71
3 201.700 92.40 49.11
4 201.700 61.49 68.04
0 201.800 87.78 41.20
1 201.800 51.83 57.37
2 201.800 33.64 93.82
3 201.800 92.38 49.12
4 201.800 61.54 68.07
0 201.900 87.70 41.30
1 201.900 51.90 57.34
2 201.900 33.61 93.93
3 201.900 92.36 49.13
4 201.900 61.60 68.11
0 202.000 87.62 41.40
1 202.000 51.96 57.31
2 202.000 33.58 94.04
3 202.000 92.35 49.13
4 202.000 61.66 68.14
0 202.100 87.54 41.51
1 202.100 52.02 57.28
2 202.100 33.55 94.15
3 202.100 92.33 49.14
4 202.100 61.72 68.17
0 202.200 87.46 41.61
1 202.200 52.09 57.25
2 202.200 33.52 94.26
3 202.200 92.31 49.15
4 202.200 61.78 68.20
0 202.300 87.39 41.71
1 202.300 52.15 57.22
2 202.300 33.49 94.37
3 202.300 92.30 49.15
4 202.300 61.83 68.23
0 202.400 87.31 41.81
1 202.400 52.22 57.19
2 202.400 33.46 94.48
3 202.400 92.28 49.16
4 202.400 61.89 68.27
0 202.500 87.23 41.92
0 202.500 87.23 41.92
1 202.500 52.28 57.16
1 202.500 52.28 57.16
2 202.500 33.44 94.59
2 202.500 33.44 94.59
3 202.500 92.26 49.17
4 202.500 61.95 68.30
4 202.500 61.95 68.30
0 202.600 87.19 42.01
1 202.600 52.41 57.09
2 202.600 33.49 94.72
3 202.600 92.24 49.17
4 202.604 62.08 68.36
0 202.700 87.16 42.10
1 202.700 52.55 57.03
2 202.700 33.54 94.84
3 202.700 92.23 49.18
4 202.708 62.20 68.43
0 202.800 87.13 42.19
1 202.800 52.68 56.96
2 202.800 33.59 94.96
3 202.800 92.21 49.19
4 202.812 62.32 68.50
0 202.900 87.09 42.28
1 202.900 52.82 56.90
2 202.900 33.64 95.08
3 202.900 92.19 49.19
4 202.917 62.45 68.57
0 203.000 87.06 42.37
1 203.000 52.95 56.83
2 203.000 33.69 95.20
3 203.000 92.18 49.20
4 203.021 62.57 68.63
0 203.100 87.03 42.45
1 203.100 53.09 56.76
2 203.100 33.74 95.32
3 203.100 92.16 49.21
4 203.125 62.70 68.70
0 203.200 86.99 42.54
1 203.200 53.22 56.70
2 203.200 33.79 95.44
3 203.200 92.14 49.22
4 203.229 62.82 68.77
0 203.300 86.96 42.63
1 203.300 53.36 56.63
2 203.300 33.85 95.56
3 203.300 92.13 49.22
4 203.333 62.94 68.83
0 203.400 86.93 42.72
1 203.400 53.49 56.56
2 203.400 33.90 95.68
3 203.400 92.11 49.23
4 203.438 63.07 68.90
0 203.500 86.89 42.81
1 203.500 53.63 56.50
2 203.500 33.95 95.80
3 203.500 92.09 49.24
4 203.542 63.19 68.97
0 203.600 86.86 42.90
1 203.600 53.76 56.43
2 203.600 34.00 95.93
3 203.600 92.08 49.24
4 203.646 63.32 69.04
0 203.700 86.82 42.99
1 203.700 53.89 56.37
2 203.700 34.05 96.05
3 203.700 92.06 49.25
4 203.750 63.44 69.10
0 203.800 86.79 43.08
1 203.800 54.03 56.30
2 203.800 34.10 96.17
3 203.800 92.04 49.26
4 203.854 63.57 69.17
0 203.900 86.76 43.17
1 203.900 54.16 56.23
2 203.900 34.15 96.29
3 203.900 92.02 49.26
4 203.958 63.69 69.24
0 204.000 86.72 43.26
1 204.000 54.30 56.17
2 204.000 34.20 96.41
3 204.000 92.01 49.27
4 204.062 63.81 69.30
0 204.100 86.69 43.35
1 204.100 54.43 56.10
2 204.100 34.26 96.53
3 204.100 91.99 49.28
4 204.167 63.94 69.37
0 204.200 86.66 43.44
1 204.200 54.57 56.03
2 204.200 34.31 96.65
3 204.200 91.97 49.29
4 204.271 64.06 69.44
0 204.300 86.62 43.53
1 204.300 54.70 55.97
2 204.300 34.36 96.77
3 204.300 91.96 49.29
4 204.375 64.19 69.50
0 204.400 86.59 43.62
1 204.400 54.84 55.90
2 204.400 34.41 96.89
3 204.400 91.94 49.30
4 204.479 64.31 69.57
0 204.500 86.55 43.71
1 204.500 54.97 55.83
2 204.500 34.46 97.02
3 204.500 91.92 49.31
4 204.583 64.44 69.64
0 204.600 86.52 43.80
1 204.600 55.11 55.77
2 204.600 34.51 97.14
3 204.600 91.91 49.31
4 204.688 64.56 69.71
0 204.700 86.49 43.89
1 204.700 55.24 55.70
2 204.700 34.56 97.26
3 204.700 91.89 49.32
4 204.792 64.68 69.77
0 204.800 86.45 43.98
1 204.800 55.38 55.64
2 204.800 34.62 97.38
3 204.800 91.87 49.33
4 204.896 64.81 69.84
0 204.900 86.42 44.07
1 204.900 55.51 55.57
2 204.900 34.67 97.50
3 204.900 91.86 49.33
0 205.000 86.39 44.16
0 205.000 86.39 44.16
1 205.000 55.64 55.50
1 205.000 55.64 55.50
2 205.000 34.72 97.62
2 205.000 34.72 97.62
3 205.000 91.84 49.34
3 205.000 91.84 49.34
4 205.000 64.93 69.91
4 205.000 64.93 69.91
0 205.100 86.32 44.29
1 205.100 55.74 55.39
2 205.100 34.83 97.72
3 205.100 91.77 49.35
4 205.100 64.95 70.06
0 205.200 86.25 44.43
1 205.200 55.83 55.27
2 205.200 34.95 97.81
3 205.200 91.70 49.35
4 205.200 64.96 70.21
0 205.300 86.18 44.56
1 205.300 55.93 55.15
2 205.300 35.07 97.90
3 205.300 91.63 49.36
4 205.300 64.97 70.35
0 205.400 86.11 44.69
1 205.400 56.02 55.04
2 205.400 35.18 98.00
3 205.400 91.56 49.36
4 205.400 64.99 70.50
0 205.500 86.04 44.83
1 205.500 56.12 54.92
2 205.500 35.30 98.09
3 205.500 91.49 49.37
4 205.500 65.00 70.65
0 205.600 85.97 44.96
1 205.600 56.21 54.81
2 205.600 35.41 98.19
3 205.600 91.42 49.38
4 205.600 65.02 70.80
0 205.700 85.90 45.09
1 205.700 56.31 54.69
2 205.700 35.53 98.28
3 205.700 91.35 49.38
4 205.700 65.03 70.95
0 205.800 85.83 45.23
1 205.800 56.40 54.57
2 205.800 35.65 98.38
3 205.800 91.28 49.39
4 205.800 65.05 71.10
0 205.900 85.76 45.36
1 205.900 56.50 54.46
2 205.900 35.76 98.47
3 205.900 91.21 49.39
4 205.900 65.06 71.25
0 206.000 85.70 45.49
1 206.000 56.59 54.34
2 206.000 35.88 98.57
3 206.000 91.14 49.40
4 206.000 65.07 71.40
0 206.100 85.63 45.63
1 206.100 56.69 54.22
2 206.100 36.00 98.66
3 206.100 91.07 49.41
4 206.100 65.09 71.55
0 206.200 85.56 45.76
1 206.200 56.78 54.11
2 206.200 36.11 98.76
3 206.200 91.00 49.41
4 206.200 65.10 71.70
0 206.300 85.49 45.89
1 206.300 56.88 53.99
2 206.300 36.23 98.85
3 206.300 90.93 49.42
4 206.300 65.12 71.85
0 206.400 85.42 46.03
1 206.400 56.97 53.88
2 206.400 36.34 98.95
3 206.400 90.86 49.42
4 206.400 65.13 72.00
0 206.500 85.35 46.16
1 206.500 57.07 53.76
2 206.500 36.46 99.04
3 206.500 90.79 49.43
4 206.500 65.15 72.15
0 206.600 85.28 46.29
1 206.600 57.16 53.64
2 206.600 36.58 99.14
3 206.600 90.72 49.44
4 206.600 65.16 72.30
0 206.700 85.21 46.42
1 206.700 57.26 53.53
2 206.700 36.69 99.23
3 206.700 90.65 49.44
4 206.700 65.17 72.44
0 206.800 85.14 46.56
1 206.800 57.35 53.41
2 206.800 36.81 99.33
3 206.800 90.58 49.45
4 206.800 65.19 72.59
0 206.900 85.07 46.69
1 206.900 57.44 53.29
2 206.900 36.92 99.42
3 206.900 90.51 49.45
4 206.900 65.20 72.74
0 207.000 85.01 46.82
1 207.000 57.54 53.18
2 207.000 37.04 99.52
3 207.000 90.44 49.46
4 207.000 65.22 72.89
0 207.100 84.94 46.96
1 207.100 57.63 53.06
2 207.100 37.16 99.61
3 207.100 90.37 49.46
4 207.100 65.23 73.04
0 207.200 84.87 47.09
1 207.200 57.73 52.95
2 207.200 37.27 99.71
3 207.200 90.31 49.47
4 207.200 65.25 73.19
0 207.300 84.80 47.22
1 207.300 57.82 52.83
2 207.300 37.39 99.80
3 207.300 90.24 49.48
4 207.300 65.26 73.34
0 207.400 84.73 47.36
1 207.400 57.92 52.71
2 207.400 37.51 99.90
3 207.400 90.17 49.48
4 207.400 65.27 73.49
0 207.500 84.66 47.49
0 207.500 84.66 47.49
1 207.500 58.01 52.60
1 207.500 58.01 52.60
2 207.500 37.62 99.99
2 207.500 37.62 99.99
3 207.500 90.10 49.49
3 207.500 90.10 49.49
4 207.500 65.29 73.64
4 207.500 65.29 73.64
0 207.600 84.55 47.60
1 207.600 58.16 52.56
3 207.600 89.95 49.49
2 207.604 37.68 100.09
4 207.604 65.34 73.79
0 207.700 84.45 47.70
1 207.700 58.30 52.52
3 207.700 89.80 49.49
2 207.708 37.74 100.18
4 207.708 65.39 73.93
0 207.800 84.34 47.81
1 207.800 58.44 52.47
3 207.800 89.66 49.50
2 207.812 37.79 100.27
4 207.812 65.45 74.08
0 207.900 84.24 47.92
1 207.900 58.58 52.43
3 207.900 89.51 49.50
2 207.917 37.85 100.37
4 207.917 65.50 74.23
0 208.000 84.13 48.02
1 208.000 58.72 52.39
3 208.000 89.37 49.50
2 208.021 37.91 100.46
4 208.021 65.55 74.37
0 208.100 84.03 48.13
1 208.100 58.86 52.35
3 208.100 89.22 49.51
2 208.125 37.96 100.56
4 208.125 65.60 74.52
0 208.200 83.92 48.24
1 208.200 59.00 52.31
3 208.200 89.07 49.51
2 208.229 38.02 100.65
4 208.229 65.66 74.67
0 208.300 83.82 48.34
1 208.300 59.15 52.27
3 208.300 88.93 49.51
2 208.333 38.08 100.74
4 208.333 65.71 74.82
0 208.400 83.71 48.45
1 208.400 59.29 52.23
3 208.400 88.78 49.52
2 208.438 38.14 100.84
4 208.438 65.76 74.96
0 208.500 83.61 48.56
1 208.500 59.43 52.19
3 208.500 88.64 49.52
2 208.542 38.19 100.93
4 208.542 65.81 75.11
0 208.600 83.50 48.67
1 208.600 59.57 52.15
3 208.600 88.49 49.52
2 208.646 38.25 101.03
4 208.646 65.87 75.26
0 208.700 83.40 48.77
1 208.700 59.71 52.11
3 208.700 88.34 49.53
2 208.750 38.31 101.12
4 208.750 65.92 75.40
0 208.800 83.29 48.88
1 208.800 59.85 52.07
3 208.800 88.20 49.53
2 208.854 38.36 101.21
4 208.854 65.97 75.55
0 208.900 83.19 48.99
1 208.900 59.99 52.02
3 208.900 88.05 49.53
2 208.958 38.42 101.31
4 208.958 66.03 75.70
0 209.000 83.08 49.09
1 209.000 60.14 51.98
3 209.000 87.91 49.54
2 209.062 38.48 101.40
4 209.062 66.08 75.85
0 209.100 82.98 49.20
1 209.100 60.28 51.94
3 209.100 87.76 49.54
2 209.167 38.54 101.50
4 209.167 66.13 75.99
0 209.200 82.87 49.31
1 209.200 60.42 51.90
3 209.200 87.61 49.54
2 209.271 38.59 101.59
4 209.271 66.18 76.14
0 209.300 82.76 49.41
1 209.300 60.56 51.86
3 209.300 87.47 49.55
2 209.375 38.65 101.68
4 209.375 66.24 76.29
0 209.400 82.66 49.52
1 209.400 60.70 51.82
3 209.400 87.32 49.55
2 209.479 38.71 101.78
4 209.479 66.29 76.43
0 209.500 82.55 49.63
1 209.500 60.84 51.78
3 209.500 87.18 49.55
2 209.583 38.76 101.87
4 209.583 66.34 76.58
0 209.600 82.45 49.73
1 209.600 60.98 51.74
3 209.600 87.03 49.56
2 209.688 38.82 101.97
4 209.688 66.39 76.73
0 209.700 82.34 49.84
1 209.700 61.13 51.70
3 209.700 86.88 49.56
2 209.792 38.88 102.06
4 209.792 66.45 76.88
0 209.800 82.24 49.95
1 209.800 61.27 51.66
3 209.800 86.74 49.56
2 209.896 38.93 102.15
4 209.896 66.50 77.02
0 209.900 82.13 50.05
1 209.900 61.41 51.62
3 209.900 86.59 49.57
0 210.000 82.03 50.16
0 210.000 82.03 50.16
1 210.000 61.55 51.58
1 210.000 61.55 51.58
2 210.000 38.99 102.25
2 210.000 38.99 102.25
3 210.000 86.45 49.57
3 210.000 86.45 49.57
4 210.000 66.55 77.17
4 210.000 66.55 77.17
0 210.100 81.94 50.23
1 210.100 61.69 51.52
2 210.100 39.04 102.33
3 210.100 86.30 49.55
4 210.104 66.50 77.31
0 210.200 81.85 50.31
1 210.200 61.83 51.46
2 210.200 39.09 102.42
3 210.200 86.15 49.54
4 210.208 66.44 77.44
0 210.300 81.76 50.38
1 210.300 61.96 51.40
2 210.300 39.14 102.50
3 210.300 86.00 49.52
4 210.312 66.38 77.58
0 210.400 81.68 50.45
1 210.400 62.10 51.34
2 210.400 39.19 102.59
3 210.400 85.85 49.50
4 210.417 66.32 77.72
0 210.500 81.59 50.52
1 210.500 62.24 51.28
2 210.500 39.24 102.68
3 210.500 85.70 49.49
4 210.521 66.27 77.85
0 210.600 81.50 50.60
1 210.600 62.38 51.22
2 210.600 39.29 102.76
3 210.600 85.55 49.47
4 210.625 66.21 77.99
0 210.700 81.41 50.67
1 210.700 62.51 51.16
2 210.700 39.34 102.85
3 210.700 85.40 49.45
4 210.729 66.15 78.13
0 210.800 81.33 50.74
1 210.800 62.65 51.10
2 210.800 39.39 102.93
3 210.800 85.25 49.44
4 210.833 66.10 78.26
0 210.900 81.24 50.82
1 210.900 62.79 51.04
2 210.900 39.44 103.02
3 210.900 85.10 49.42
4 210.938 66.04 78.40
0 211.000 81.15 50.89
1 211.000 62.93 50.98
2 211.000 39.48 103.11
3 211.000 84.96 49.40
4 211.042 65.98 78.54
0 211.100 81.06 50.96
1 211.100 63.07 50.92
2 211.100 39.53 103.19
3 211.100 84.81 49.39
4 211.146 65.93 78.67
0 211.200 80.97 51.03
1 211.200 63.20 50.86
2 211.200 39.58 103.28
3 211.200 84.66 49.37
4 211.250 65.87 78.81
0 211.300 80.89 51.11
1 211.300 63.34 50.80
2 211.300 39.63 103.36
3 211.300 84.51 49.35
4 211.354 65.81 78.95
0 211.400 80.80 51.18
1 211.400 63.48 50.74
2 211.400 39.68 103.45
3 211.400 84.36 49.34
4 211.458 65.75 79.08
0 211.500 80.71 51.25
1 211.500 63.62 50.68
2 211.500 39.73 103.53
3 211.500 84.21 49.32
4 211.562 65.70 79.22
0 211.600 80.62 51.33
1 211.600 63.75 50.62
2 211.600 39.78 103.62
3 211.600 84.06 49.30
4 211.667 65.64 79.36
0 211.700 80.54 51.40
1 211.700 63.89 50.57
2 211.700 39.83 103.71
3 211.700 83.91 49.29
4 211.771 65.58 79.50
0 211.800 80.45 51.47
1 211.800 64.03 50.51
2 211.800 39.88 103.79
3 211.800 83.76 49.27
4 211.875 65.53 79.63
0 211.900 80.36 51.54
1 211.900 64.17 50.45
2 211.900 39.93 103.88
3 211.900 83.61 49.25
4 211.979 65.47 79.77
0 212.000 80.27 51.62
1 212.000 64.30 50.39
2 212.000 39.98 103.96
3 212.000 83.46 49.24
4 212.083 65.41 79.91
0 212.100 80.19 51.69
1 212.100 64.44 50.33
2 212.100 40.03 104.05
3 212.100 83.32 49.22
4 212.188 65.35 80.04
0 212.200 80.10 51.76
1 212.200 64.58 50.27
2 212.200 40.08 104.13
3 212.200 83.17 49.20
4 212.292 65.30 80.18
0 212.300 80.01 51.83
1 212.300 64.72 50.21
2 212.300 40.13 104.22
3 212.300 83.02 49.19
4 212.396 65.24 80.32
0 212.400 79.92 51.91
1 212.400 64.86 50.15
2 212.400 40.18 104.31
3 212.400 82.87 49.17
0 212.500 79.83 51.98
0 212.500 79.83 51.98
1 212.500 64.99 50.09
1 212.500 64.99 50.09
2 212.500 40.22 104.39
2 212.500 40.22 104.39
3 212.500 82.72 49.15
3 212.500 82.72 49.15
4 212.500 65.18 80.45
4 212.500 65.18 80.45
0 212.600 79.78 52.01
2 212.600 40.22 104.46
3 212.600 82.57 49.18
4 212.600 65.17 80.58
1 212.604 65.11 49.99
0 212.700 79.72 52.03
2 212.700 40.22 104.52
3 212.700 82.42 49.20
4 212.700 65.16 80.70
1 212.708 65.23 49.89
0 212.800 79.66 52.06
2 212.800 40.22 104.59
3 212.800 82.27 49.22
4 212.800 65.15 80.83
1 212.812 65.35 49.79
0 212.900 79.61 52.08
2 212.900 40.22 104.66
3 212.900 82.13 49.24
4 212.900 65.14 80.95
1 212.917 65.47 49.69
0 213.000 79.55 52.11
2 213.000 40.22 104.72
3 213.000 81.98 49.27
4 213.000 65.13 81.08
1 213.021 65.59 49.58
0 213.100 79.49 52.13
2 213.100 40.22 104.79
3 213.100 81.83 49.29
4 213.100 65.12 81.20
1 213.125 65.71 49.48
0 213.200 79.43 52.16
2 213.200 40.22 104.85
3 213.200 81.68 49.31
4 213.200 65.11 81.33
1 213.229 65.83 49.38
0 213.300 79.38 52.18
2 213.300 40.22 104.92
3 213.300 81.53 49.34
4 213.300 65.10 81.45
1 213.333 65.95 49.28
0 213.400 79.32 52.21
2 213.400 40.22 104.99
3 213.400 81.39 49.36
4 213.400 65.09 81.57
1 213.438 66.07 49.18
0 213.500 79.26 52.23
2 213.500 40.21 105.05
3 213.500 81.24 49.38
4 213.500 65.08 81.70
1 213.542 66.18 49.08
0 213.600 79.20 52.26
2 213.600 40.21 105.12
3 213.600 81.09 49.41
4 213.600 65.07 81.82
1 213.646 66.30 48.98
0 213.700 79.15 52.28
2 213.700 40.21 105.19
3 213.700 80.94 49.43
4 213.700 65.06 81.95
1 213.750 66.42 48.88
0 213.800 79.09 52.31
2 213.800 40.21 105.25
3 213.800 80.79 49.45
4 213.800 65.05 82.07
1 213.854 66.54 48.77
0 213.900 79.03 52.33
2 213.900 40.21 105.32
3 213.900 80.64 49.48
4 213.900 65.04 82.20
1 213.958 66.66 48.67
0 214.000 78.98 52.36
2 214.000 40.21 105.38
3 214.000 80.50 49.50
4 214.000 65.03 82.32
1 214.062 66.78 48.57
0 214.100 78.92 52.38
2 214.100 40.21 105.45
3 214.100 80.35 49.52
4 214.100 65.02 82.45
1 214.167 66.90 48.47
0 214.200 78.86 52.41
2 214.200 40.21 105.52
3 214.200 80.20 49.54
4 214.200 65.01 82.57
1 214.271 67.02 48.37
0 214.300 78.80 52.43
2 214.300 40.21 105.58
3 214.300 80.05 49.57
4 214.300 65.00 82.70
1 214.375 67.14 48.27
0 214.400 78.75 52.46
2 214.400 40.21 105.65
3 214.400 79.90 49.59
4 214.400 64.99 82.82
1 214.479 67.26 48.17
0 214.500 78.69 52.48
2 214.500 40.20 105.72
3 214.500 79.76 49.61
4 214.500 64.98 82.95
1 214.583 67.38 48.07
0 214.600 78.63 52.51
2 214.600 40.20 105.78
3 214.600 79.61 49.64
4 214.600 64.97 83.07
1 214.688 67.49 47.97
0 214.700 78.58 52.53
2 214.700 40.20 105.85
3 214.700 79.46 49.66
4 214.700 64.96 83.19
1 214.792 67.61 47.86
0 214.800 78.52 52.56
2 214.800 40.20 105.91
3 214.800 79.31 49.68
4 214.800 64.95 83.32
1 214.896 67.73 47.76
0 214.900 78.46 52.58
2 214.900 40.20 105.98
3 214.900 79.16 49.71
4 214.900 64.94 83.44
0 215.000 78.40 52.61
0 215.000 78.40 52.61
1 215.000 67.85 47.66
1 215.000 67.85 47.66
2 215.000 40.20 106.05
2 215.000 40.20 106.05
3 215.000 79.01 49.73
3 215.000 79.01 49.73
4 215.000 64.93 83.57
4 215.000 64.93 83.57
0 215.100 78.37 52.63
1 215.100 67.96 47.56
3 215.100 78.87 49.75
4 215.100 64.98 83.71
2 215.104 40.19 106.10
0 215.200 78.35 52.66
1 215.200 68.06 47.46
3 215.200 78.72 49.78
4 215.200 65.03 83.85
2 215.208 40.17 106.16
0 215.300 78.32 52.68
1 215.300 68.17 47.37
3 215.300 78.57 49.80
4 215.300 65.08 83.99
2 215.312 40.16 106.21
0 215.400 78.29 52.71
1 215.400 68.27 47.27
3 215.400 78.42 49.83
4 215.400 65.13 84.13
2 215.417 40.14 106.27
0 215.500 78.26 52.73
1 215.500 68.38 47.17
3 215.500 78.27 49.85
4 215.500 65.18 84.28
2 215.521 40.13 106.32
0 215.600 78.23 52.76
1 215.600 68.48 47.07
3 215.600 78.13 49.87
4 215.600 65.23 84.42
2 215.625 40.12 106.38
0 215.700 78.20 52.78
1 215.700 68.59 46.97
3 215.700 77.98 49.90
4 215.700 65.28 84.56
2 215.729 40.10 106.43
0 215.800 78.17 52.81
1 215.800 68.69 46.87
3 215.800 77.83 49.92
4 215.800 65.33 84.70
2 215.833 40.09 106.49
0 215.900 78.14 52.83
1 215.900 68.80 46.77
3 215.900 77.68 49.95
4 215.900 65.37 84.84
2 215.938 40.07 106.54
0 216.000 78.11 52.86
1 216.000 68.90 46.67
3 216.000 77.53 49.97
4 216.000 65.42 84.98
2 216.042 40.06 106.60
0 216.100 78.09 52.88
1 216.100 69.01 46.57
3 216.100 77.39 49.99
4 216.100 65.47 85.12
2 216.146 40.05 106.65
0 216.200 78.06 52.91
1 216.200 69.11 46.48
3 216.200 77.24 50.02
4 216.200 65.52 85.27
2 216.250 40.03 106.71
0 216.300 78.03 52.93
1 216.300 69.22 46.38
3 216.300 77.09 50.04
4 216.300 65.57 85.41
2 216.354 40.02 106.76
0 216.400 78.00 52.96
1 216.400 69.32 46.28
3 216.400 76.94 50.07
4 216.400 65.62 85.55
2 216.458 40.01 106.82
0 216.500 77.97 52.98
1 216.500 69.43 46.18
3 216.500 76.79 50.09
4 216.500 65.67 85.69
2 216.562 39.99 106.87
0 216.600 77.94 53.01
1 216.600 69.54 46.08
3 216.600 76.65 50.11
4 216.600 65.72 85.83
2 216.667 39.98 106.93
0 216.700 77.91 53.03
1 216.700 69.64 45.98
3 216.700 76.50 50.14
4 216.700 65.77 85.97
2 216.771 39.96 106.98
0 216.800 77.88 53.06
1 216.800 69.75 45.88
3 216.800 76.35 50.16
4 216.800 65.82 86.11
2 216.875 39.95 107.04
0 216.900 77.86 53.08
1 216.900 69.85 45.78
3 216.900 76.20 50.19
4 216.900 65.87 86.26
2 216.979 39.94 107.09
0 217.000 77.83 53.11
1 217.000 69.96 45.68
3 217.000 76.05 50.21
4 217.000 65.92 86.40
2 217.083 39.92 107.15
0 217.100 77.80 53.13
1 217.100 70.06 45.59
3 217.100 75.90 50.23
4 217.100 65.97 86.54
2 217.188 39.91 107.20
0 217.200 77.77 53.16
3 217.200 75.76 50.26
4 217.200 66.02 86.68
1 217.200 70.17 45.49
2 217.292 39.89 107.26
0 217.300 77.74 53.18
1 217.300 70.27 45.39
3 217.300 75.61 50.28
4 217.300 66.07 86.82
2 217.396 39.88 107.32
0 217.400 77.71 53.21
1 217.400 70.38 45.29
3 217.400 75.46 50.31
4 217.400 66.12 86.96
0 217.500 77.68 53.23
0 217.500 77.68 53.23
1 217.500 70.48 45.19
1 217.500 70.48 45.19
2 217.500 39.87 107.37
2 217.500 39.87 107.37
3 217.500 75.31 50.33
3 217.500 75.31 50.33
4 217.500 66.17 87.11
4 217.500 66.17 87.11
0 217.600 77.68 53.23
1 217.600 70.63 45.15
2 217.600 39.86 107.43
3 217.600 75.28 50.43
4 217.600 66.24 87.24
0 217.700 77.67 53.23
1 217.700 70.77 45.11
2 217.700 39.85 107.48
3 217.700 75.25 50.52
4 217.700 66.31 87.37
0 217.800 77.67 53.24
1 217.800 70.92 45.07
2 217.800 39.84 107.54
3 217.800 75.22 50.62
4 217.800 66.38 87.50
0 217.900 77.66 53.24
1 217.900 71.06 45.02
2 217.900 39.83 107.60
3 217.900 75.19 50.72
4 217.900 66.45 87.64
0 218.000 77.66 53.24
1 218.000 71.20 44.98
2 218.000 39.82 107.66
3 218.000 75.16 50.82
4 218.000 66.52 87.77
0 218.100 77.65 53.24
1 218.100 71.35 44.94
2 218.100 39.81 107.71
3 218.100 75.13 50.91
4 218.100 66.59 87.90
0 218.200 77.65 53.24
1 218.200 71.49 44.90
2 218.200 39.80 107.77
3 218.200 75.10 51.01
4 218.200 66.66 88.03
0 218.300 77.64 53.25
1 218.300 71.64 44.86
2 218.300 39.79 107.83
3 218.300 75.08 51.11
4 218.300 66.73 88.17
0 218.400 77.63 53.25
1 218.400 71.78 44.82
2 218.400 39.78 107.88
3 218.400 75.05 51.20
4 218.400 66.80 88.30
0 218.500 77.63 53.25
1 218.500 71.92 44.78
2 218.500 39.77 107.94
3 218.500 75.02 51.30
4 218.500 66.87 88.43
0 218.600 77.62 53.25
1 218.600 72.07 44.73
2 218.600 39.76 108.00
3 218.600 74.99 51.40
4 218.600 66.94 88.57
0 218.700 77.62 53.25
1 218.700 72.21 44.69
2 218.700 39.75 108.05
3 218.700 74.96 51.49
4 218.700 67.01 88.70
0 218.800 77.61 53.25
1 218.800 72.36 44.65
2 218.800 39.74 108.11
3 218.800 74.93 51.59
4 218.800 67.08 88.83
0 218.900 77.61 53.26
1 218.900 72.50 44.61
2 218.900 39.73 108.17
3 218.900 74.90 51.69
4 218.900 67.15 88.96
0 219.000 77.60 53.26
1 219.000 72.65 44.57
2 219.000 39.72 108.22
3 219.000 74.87 51.78
4 219.000 67.22 89.10
0 219.100 77.60 53.26
1 219.100 72.79 44.53
2 219.100 39.71 108.28
3 219.100 74.84 51.88
4 219.100 67.29 89.23
0 219.200 77.59 53.26
1 219.200 72.93 44.49
2 219.200 39.70 108.34
3 219.200 74.81 51.98
4 219.200 67.36 89.36
0 219.300 77.59 53.26
1 219.300 73.08 44.44
2 219.300 39.69 108.40
3 219.300 74.78 52.08
4 219.300 67.43 89.50
0 219.400 77.58 53.27
1 219.400 73.22 44.40
2 219.400 39.68 108.45
3 219.400 74.75 52.17
4 219.400 67.50 89.63
0 219.500 77.58 53.27
1 219.500 73.37 44.36
2 219.500 39.67 108.51
3 219.500 74.72 52.27
4 219.500 67.57 89.76
0 219.600 77.57 53.27
1 219.600 73.51 44.32
2 219.600 39.66 108.57
3 219.600 74.69 52.37
4 219.600 67.64 89.89
0 219.700 77.57 53.27
1 219.700 73.65 44.28
2 219.700 39.65 108.62
3 219.700 74.66 52.46
4 219.700 67.71 90.03
0 219.800 77.56 53.27
1 219.800 73.80 44.24
2 219.800 39.64 108.68
3 219.800 74.63 52.56
4 219.800 67.78 90.16
0 219.900 77.56 53.28
1 219.900 73.94 44.20
2 219.900 39.63 108.74
3 219.900 74.60 52.66
4 219.900 67.85 90.29
0 220.000 77.55 53.28
1 220.000 74.09 44.15
1 220.000 74.09 44.15
2 220.000 39.62 108.79
3 220.000 74.57 52.75
3 220.000 74.57 52.75
4 220.000 67.92 90.42
4 220.000 67.92 90.42
0 220.100 77.55 53.28
1 220.100 74.17 44.03
2 220.100 39.61 108.85
3 220.100 74.52 52.79
4 220.100 67.90 90.55
0 220.200 77.54 53.28
1 220.200 74.25 43.90
2 220.200 39.60 108.91
3 220.200 74.48 52.83
4 220.200 67.88 90.68
0 220.300 77.54 53.28
1 220.300 74.33 43.78
2 220.300 39.60 108.97
3 220.300 74.43 52.87
4 220.300 67.87 90.80
0 220.400 77.53 53.28
1 220.400 74.41 43.65
2 220.400 39.59 109.02
3 220.400 74.38 52.91
4 220.400 67.85 90.93
0 220.500 77.53 53.29
1 220.500 74.49 43.53
2 220.500 39.58 109.08
3 220.500 74.34 52.95
4 220.500 67.84 91.06
0 220.600 77.52 53.29
1 220.600 74.58 43.40
2 220.600 39.57 109.14
3 220.600 74.29 52.99
4 220.600 67.82 91.18
0 220.700 77.51 53.29
1 220.700 74.66 43.27
2 220.700 39.56 109.19
3 220.700 74.25 53.03
4 220.700 67.81 91.31
0 220.800 77.51 53.29
1 220.800 74.74 43.15
2 220.800 39.55 109.25
3 220.800 74.20 53.07
4 220.800 67.79 91.43
0 220.900 77.50 53.29
1 220.900 74.82 43.02
2 220.900 39.54 109.31
3 220.900 74.15 53.11
4 220.900 67.78 91.56
0 221.000 77.50 53.30
1 221.000 74.90 42.90
2 221.000 39.53 109.36
3 221.000 74.11 53.15
4 221.000 67.76 91.69
0 221.100 77.49 53.30
1 221.100 74.98 42.77
2 221.100 39.52 109.42
3 221.100 74.06 53.19
4 221.100 67.74 91.81
0 221.200 77.49 53.30
1 221.200 75.07 42.64
2 221.200 39.51 109.48
3 221.200 74.01 53.23
4 221.200 67.73 91.94
0 221.300 77.48 53.30
1 221.300 75.15 42.52
2 221.300 39.50 109.53
3 221.300 73.97 53.27
4 221.300 67.71 92.06
0 221.400 77.48 53.30
1 221.400 75.23 42.39
2 221.400 39.49 109.59
3 221.400 73.92 53.31
4 221.400 67.70 92.19
0 221.500 77.47 53.31
1 221.500 75.31 42.27
2 221.500 39.48 109.65
3 221.500 73.87 53.35
4 221.500 67.68 92.32
0 221.600 77.47 53.31
1 221.600 75.39 42.14
2 221.600 39.47 109.71
3 221.600 73.83 53.38
4 221.600 67.67 92.44
0 221.700 77.46 53.31
1 221.700 75.47 42.01
2 221.700 39.46 109.76
3 221.700 73.78 53.42
4 221.700 67.65 92.57
0 221.800 77.46 53.31
1 221.800 75.55 41.89
2 221.800 39.45 109.82
3 221.800 73.74 53.46
4 221.800 67.64 92.70
0 221.900 77.45 53.31
1 221.900 75.64 41.76
2 221.900 39.44 109.88
3 221.900 73.69 53.50
4 221.900 67.62 92.82
0 222.000 77.45 53.31
1 222.000 75.72 41.64
2 222.000 39.43 109.93
3 222.000 73.64 53.54
4 222.000 67.60 92.95
0 222.100 77.44 53.32
1 222.100 75.80 41.51
2 222.100 39.42 109.99
3 222.100 73.60 53.58
4 222.100 67.59 93.07
0 222.200 77.44 53.32
1 222.200 75.88 41.38
2 222.200 39.41 110.05
3 222.200 73.55 53.62
4 222.200 67.57 93.20
0 222.300 77.43 53.32
1 222.300 75.96 41.26
2 222.300 39.40 110.10
3 222.300 73.50 53.66
4 222.300 67.56 93.33
0 222.400 77.43 53.32
1 222.400 76.04 41.13
2 222.400 39.39 110.16
3 222.400 73.46 53.70
4 222.400 67.54 93.45
0 222.500 77.42 53.32
1 222.500 76.13 41.01
1 222.500 76.13 41.01
2 222.500 39.38 110.22
2 222.500 39.38 110.22
3 222.500 73.41 53.74
3 222.500 73.41 53.74
4 222.500 67.53 93.58
4 222.500 67.53 93.58
0 222.600 77.42 53.33
3 222.600 73.33 53.85
4 222.600 67.53 93.60
1 222.604 76.24 40.90
2 222.604 39.28 110.34
0 222.700 77.41 53.33
3 222.700 73.25 53.95
4 222.700 67.54 93.62
1 222.708 76.34 40.78
2 222.708 39.19 110.46
0 222.800 77.40 53.33
3 222.800 73.16 54.06
4 222.800 67.54 93.64
1 222.812 76.45 40.67
2 222.812 39.09 110.58
0 222.900 77.40 53.33
3 222.900 73.08 54.17
4 222.900 67.55 93.66
1 222.917 76.56 40.56
2 222.917 38.99 110.71
0 223.000 77.39 53.33
3 223.000 73.00 54.27
4 223.000 67.55 93.68
1 223.021 76.67 40.45
2 223.021 38.89 110.83
0 223.100 77.39 53.34
3 223.100 72.92 54.38
4 223.100 67.56 93.70
1 223.125 76.78 40.34
2 223.125 38.79 110.95
0 223.200 77.38 53.34
3 223.200 72.84 54.49
4 223.200 67.56 93.72
1 223.229 76.89 40.23
2 223.229 38.70 111.07
0 223.300 77.38 53.34
3 223.300 72.75 54.59
4 223.300 67.57 93.74
1 223.333 77.00 40.11
2 223.333 38.60 111.19
0 223.400 77.37 53.34
3 223.400 72.67 54.70
4 223.400 67.57 93.76
1 223.438 77.11 40.00
2 223.438 38.50 111.31
0 223.500 77.37 53.34
3 223.500 72.59 54.81
4 223.500 67.58 93.78
1 223.542 77.22 39.89
2 223.542 38.40 111.44
0 223.600 77.36 53.34
3 223.600 72.51 54.91
4 223.600 67.58 93.80
1 223.646 77.33 39.78
2 223.646 38.30 111.56
0 223.700 77.36 53.35
3 223.700 72.43 55.02
4 223.700 67.59 93.82
1 223.750 77.44 39.67
2 223.750 38.21 111.68
0 223.800 77.35 53.35
3 223.800 72.34 55.13
4 223.800 67.59 93.83
1 223.854 77.55 39.56
2 223.854 38.11 111.80
0 223.900 77.35 53.35
3 223.900 72.26 55.23
4 223.900 67.60 93.85
1 223.958 77.66 39.44
2 223.958 38.01 111.92
0 224.000 77.34 53.35
3 224.000 72.18 55.34
4 224.000 67.60 93.87
1 224.062 77.77 39.33
2 224.062 37.91 112.04
0 224.100 77.34 53.35
3 224.100 72.10 55.45
4 224.100 67.61 93.89
1 224.167 77.87 39.22
2 224.167 37.81 112.17
0 224.200 77.33 53.36
3 224.200 72.01 55.56
4 224.200 67.61 93.91
1 224.271 77.98 39.11
2 224.271 37.72 112.29
0 224.300 77.33 53.36
3 224.300 71.93 55.66
4 224.300 67.62 93.93
1 224.375 78.09 39.00
2 224.375 37.62 112.41
0 224.400 77.32 53.36
3 224.400 71.85 55.77
4 224.400 67.62 93.95
1 224.479 78.20 38.89
2 224.479 37.52 112.53
0 224.500 77.32 53.36
3 224.500 71.77 55.88
4 224.500 67.63 93.97
1 224.583 78.31 38.77
2 224.583 37.42 112.65
0 224.600 77.31 53.36
3 224.600 71.69 55.98
4 224.600 67.64 93.99
1 224.688 78.42 38.66
2 224.688 37.33 112.77
0 224.700 77.31 53.37
3 224.700 71.60 56.09
4 224.700 67.64 94.01
1 224.792 78.53 38.55
2 224.792 37.23 112.90
0 224.800 77.30 53.37
3 224.800 71.52 56.20
4 224.800 67.65 94.03
1 224.896 78.64 38.44
2 224.896 37.13 113.02
0 224.900 77.30 53.37
3 224.900 71.44 56.30
4 224.900 67.65 94.05
0 225.000 77.29 53.37
1 225.000 78.75 38.33
1 225.000 78.75 38.33
2 225.000 37.03 113.14
2 225.000 37.03 113.14
3 225.000 71.36 56.41
3 225.000 71.36 56.41
4 225.000 67.66 94.07
4 225.000 67.66 94.07
0 225.100 77.28 53.37
2 225.100 36.92 113.24
3 225.100 71.37 56.56
4 225.101 67.65 94.10
1 225.104 78.78 38.18
0 225.200 77.28 53.37
2 225.200 36.81 113.35
3 225.200 71.39 56.71
4 225.203 67.64 94.12
1 225.208 78.80 38.02
0 225.300 77.27 53.38
2 225.300 36.71 113.45
3 225.300 71.40 56.86
4 225.304 67.64 94.14
1 225.312 78.83 37.87
0 225.400 77.27 53.38
2 225.400 36.60 113.55
3 225.400 71.41 57.01
4 225.405 67.63 94.17
1 225.417 78.86 37.72
0 225.500 77.26 53.38
2 225.500 36.49 113.66
3 225.500 71.43 57.16
4 225.507 67.63 94.19
1 225.521 78.88 37.57
0 225.600 77.26 53.38
2 225.600 36.38 113.76
3 225.600 71.44 57.31
4 225.608 67.62 94.22
1 225.625 78.91 37.42
0 225.700 77.25 53.38
2 225.700 36.27 113.86
3 225.700 71.46 57.45
4 225.709 67.62 94.24
1 225.729 78.94 37.27
0 225.800 77.25 53.39
2 225.800 36.16 113.97
3 225.800 71.47 57.60
4 225.811 67.61 94.26
1 225.833 78.96 37.12
0 225.900 77.24 53.39
2 225.900 36.05 114.07
3 225.900 71.49 57.75
4 225.912 67.60 94.29
1 225.938 78.99 36.96
0 226.000 77.24 53.39
2 226.000 35.95 114.17
3 226.000 71.50 57.90
4 226.014 67.60 94.31
1 226.042 79.02 36.81
0 226.100 77.23 53.39
2 226.100 35.84 114.28
3 226.100 71.51 58.05
4 226.115 67.59 94.34
1 226.146 79.04 36.66
0 226.200 77.23 53.39
2 226.200 35.73 114.38
3 226.200 71.53 58.20
4 226.216 67.59 94.36
1 226.250 79.07 36.51
0 226.300 77.22 53.40
2 226.300 35.62 114.49
3 226.300 71.54 58.35
4 226.318 67.58 94.38
1 226.354 79.10 36.36
0 226.400 77.22 53.40
2 226.400 35.51 114.59
3 226.400 71.56 58.50
4 226.419 67.58 94.41
1 226.458 79.12 36.21
0 226.500 77.21 53.40
2 226.500 35.40 114.69
3 226.500 71.57 58.65
4 226.520 67.57 94.43
1 226.562 79.15 36.05
0 226.600 77.21 53.40
2 226.600 35.29 114.80
3 226.600 71.59 58.80
4 226.622 67.57 94.46
1 226.667 79.18 35.90
0 226.700 77.20 53.40
2 226.700 35.19 114.90
3 226.700 71.60 58.95
4 226.723 67.56 94.48
1 226.771 79.20 35.75
0 226.800 77.20 53.40
2 226.800 35.08 115.00
3 226.800 71.61 59.10
4 226.824 67.55 94.50
1 226.875 79.23 35.60
0 226.900 77.19 53.41
2 226.900 34.97 115.11
3 226.900 71.63 59.25
4 226.926 67.55 94.53
1 226.979 79.26 35.45
0 227.000 77.19 53.41
2 227.000 34.86 115.21
3 227.000 71.64 59.40
4 227.027 67.54 94.55
1 227.083 79.28 35.30
0 227.100 77.18 53.41
2 227.100 34.75 115.31
3 227.100 71.66 59.55
4 227.128 67.54 94.58
1 227.188 79.31 35.15
0 227.200 77.17 53.41
2 227.200 34.64 115.42
3 227.200 71.67 59.69
4 227.230 67.53 94.60
1 227.292 79.34 34.99
0 227.300 77.17 53.41
2 227.300 34.53 115.52
3 227.300 71.68 59.84
4 227.331 67.53 94.62
1 227.396 79.36 34.84
0 227.400 77.16 53.42
2 227.400 34.43 115.62
3 227.400 71.70 59.99
4 227.432 67.52 94.65
0 227.500 77.16 53.42
1 227.500 79.39 34.69
1 227.500 79.39 34.69
2 227.500 34.32 115.73
2 227.500 34.32 115.73
3 227.500 71.71 60.14
3 227.500 71.71 60.14
4 227.534 67.51 94.67
0 227.600 77.15 53.42
1 227.600 79.45 34.62
3 227.600 71.62 60.26
2 227.604 34.23 115.60
4 227.635 67.51 94.70
0 227.700 77.15 53.42
1 227.700 79.51 34.55
3 227.700 71.53 60.38
2 227.708 34.14 115.47
4 227.736 67.50 94.72
0 227.800 77.14 53.42
1 227.800 79.56 34.47
3 227.800 71.44 60.50
2 227.812 34.05 115.34
4 227.838 67.50 94.74
0 227.900 77.14 53.43
1 227.900 79.62 34.40
3 227.900 71.34 60.62
2 227.917 33.96 115.21
4 227.939 67.49 94.77
0 228.000 77.13 53.43
1 228.000 79.68 34.33
3 228.000 71.25 60.73
2 228.021 33.87 115.09
4 228.041 67.49 94.79
0 228.100 77.13 53.43
1 228.100 79.74 34.26
3 228.100 71.16 60.85
2 228.125 33.78 114.96
4 228.142 67.48 94.82
0 228.200 77.12 53.43
1 228.200 79.80 34.19
3 228.200 71.07 60.97
2 228.229 33.70 114.83
4 228.243 67.47 94.84
0 228.300 77.12 53.43
1 228.300 79.86 34.11
3 228.300 70.98 61.09
2 228.333 33.61 114.70
4 228.345 67.47 94.86
0 228.400 77.11 53.43
1 228.400 79.91 34.04
3 228.400 70.88 61.21
2 228.438 33.52 114.57
4 228.446 67.46 94.89
0 228.500 77.11 53.44
1 228.500 79.97 33.97
3 228.500 70.79 61.33
2 228.542 33.43 114.44
4 228.547 67.46 94.91
0 228.600 77.10 53.44
1 228.600 80.03 33.90
3 228.600 70.70 61.44
2 228.646 33.34 114.31
4 228.649 67.45 94.94
0 228.700 77.10 53.44
1 228.700 80.09 33.83
3 228.700 70.61 61.56
2 228.750 33.25 114.19
4 228.750 67.45 94.96
0 228.800 77.09 53.44
1 228.800 80.15 33.75
3 228.800 70.52 61.68
4 228.851 67.44 94.99
2 228.854 33.16 114.06
0 228.900 77.09 53.44
1 228.900 80.21 33.68
3 228.900 70.42 61.80
4 228.953 67.44 95.01
2 228.958 33.07 113.93
0 229.000 77.08 53.45
1 229.000 80.27 33.61
3 229.000 70.33 61.92
4 229.054 67.43 95.03
2 229.062 32.98 113.80
0 229.100 77.08 53.45
1 229.100 80.32 33.54
3 229.100 70.24 62.04
4 229.155 67.42 95.06
2 229.167 32.90 113.67
0 229.200 77.07 53.45
1 229.200 80.38 33.47
3 229.200 70.15 62.16
4 229.257 67.42 95.08
2 229.271 32.81 113.54
0 229.300 77.07 53.45
1 229.300 80.44 33.39
3 229.300 70.06 62.27
4 229.358 67.41 95.11
2 229.375 32.72 113.41
0 229.400 77.06 53.45
1 229.400 80.50 33.32
3 229.400 69.96 62.39
4 229.459 67.41 95.13
2 229.479 32.63 113.29
0 229.500 77.05 53.46
1 229.500 80.56 33.25
3 229.500 69.87 62.51
4 229.561 67.40 95.15
2 229.583 32.54 113.16
0 229.600 77.05 53.46
1 229.600 80.62 33.18
3 229.600 69.78 62.63
4 229.662 67.40 95.18
2 229.688 32.45 113.03
0 229.700 77.04 53.46
1 229.700 80.67 33.11
3 229.700 69.69 62.75
4 229.764 67.39 95.20
2 229.792 32.36 112.90
0 229.800 77.04 53.46
1 229.800 80.73 33.03
3 229.800 69.59 62.87
4 229.865 67.38 95.23
2 229.896 32.27 112.77
0 229.900 77.03 53.46
1 229.900 80.79 32.96
3 229.900 69.50 62.98
4 229.966 67.38 95.25
0 230.000 77.03 53.46
0 230.000 77.03 53.46
1 230.000 80.85 32.89
1 230.000 80.85 32.89
2 230.000 32.19 112.64
2 230.000 32.19 112.64
3 230.000 69.41 63.10
3 230.000 69.41 63.10
4 230.068 67.37 95.27
0 230.100 77.03 53.47
1 230.100 80.89 32.79
2 230.100 32.08 112.54
3 230.100 69.28 63.18
4 230.169 67.37 95.30
0 230.200 77.03 53.47
1 230.200 80.94 32.70
2 230.200 31.97 112.43
3 230.200 69.15 63.25
4 230.270 67.36 95.32
0 230.300 77.03 53.47
1 230.300 80.99 32.60
2 230.300 31.87 112.33
3 230.300 69.02 63.32
4 230.372 67.36 95.35
0 230.400 77.03 53.47
1 230.400 81.03 32.51
2 230.400 31.76 112.22
3 230.400 68.89 63.40
4 230.473 67.35 95.37
0 230.500 77.03 53.47
1 230.500 81.08 32.41
2 230.500 31.65 112.12
3 230.500 68.76 63.47
4 230.574 67.34 95.39
0 230.600 77.02 53.47
1 230.600 81.12 32.32
2 230.600 31.55 112.01
3 230.600 68.63 63.55
4 230.676 67.34 95.42
0 230.700 77.02 53.47
1 230.700 81.17 32.23
2 230.700 31.44 111.90
3 230.700 68.50 63.62
4 230.777 67.33 95.44
0 230.800 77.02 53.47
1 230.800 81.21 32.13
2 230.800 31.33 111.80
3 230.800 68.37 63.69
4 230.878 67.33 95.47
0 230.900 77.02 53.47
1 230.900 81.26 32.04
2 230.900 31.23 111.69
3 230.900 68.24 63.77
4 230.980 67.32 95.49
0 231.000 77.02 53.47
1 231.000 81.30 31.94
2 231.000 31.12 111.59
3 231.000 68.10 63.84
4 231.081 67.32 95.51
0 231.100 77.02 53.47
1 231.100 81.35 31.85
2 231.100 31.01 111.48
3 231.100 67.97 63.91
4 231.182 67.31 95.54
0 231.200 77.02 53.47
1 231.200 81.40 31.75
2 231.200 30.91 111.38
3 231.200 67.84 63.99
4 231.284 67.30 95.56
0 231.300 77.02 53.47
1 231.300 81.44 31.66
2 231.300 30.80 111.27
3 231.300 67.71 64.06
4 231.385 67.30 95.59
0 231.400 77.02 53.47
1 231.400 81.49 31.56
2 231.400 30.69 111.17
3 231.400 67.58 64.14
4 231.486 67.29 95.61
0 231.500 77.02 53.47
1 231.500 81.53 31.47
2 231.500 30.59 111.06
3 231.500 67.45 64.21
4 231.588 67.29 95.63
0 231.600 77.02 53.48
1 231.600 81.58 31.37
2 231.600 30.48 110.95
3 231.600 67.32 64.28
4 231.689 67.28 95.66
0 231.700 77.02 53.48
1 231.700 81.62 31.28
2 231.700 30.37 110.85
3 231.700 67.19 64.36
4 231.791 67.28 95.68
0 231.800 77.02 53.48
1 231.800 81.67 31.18
2 231.800 30.27 110.74
3 231.800 67.06 64.43
4 231.892 67.27 95.71
0 231.900 77.02 53.48
1 231.900 81.72 31.09
2 231.900 30.16 110.64
3 231.900 66.93 64.51
4 231.993 67.27 95.73
0 232.000 77.02 53.48
1 232.000 81.76 30.99
2 232.000 30.05 110.53
3 232.000 66.80 64.58
4 232.095 67.26 95.75
0 232.100 77.02 53.48
1 232.100 81.81 30.90
2 232.100 29.95 110.43
3 232.100 66.67 64.65
4 232.196 67.25 95.78
0 232.200 77.01 53.48
1 232.200 81.85 30.80
2 232.200 29.84 110.32
3 232.200 66.54 64.73
4 232.297 67.25 95.80
0 232.300 77.01 53.48
1 232.300 81.90 30.71
2 232.300 29.73 110.21
3 232.300 66.41 64.80
4 232.399 67.24 95.83
0 232.400 77.01 53.48
1 232.400 81.94 30.61
2 232.400 29.63 110.11
3 232.400 66.28 64.87
0 232.500 77.01 53.48
1 232.500 81.99 30.52
1 232.500 81.99 30.52
2 232.500 29.52 110.00
2 232.500 29.52 110.00
3 232.500 66.15 64.95
3 232.500 66.15 64.95
4 232.500 67.24 95.85
4 232.500 67.24 95.85
0 232.600 77.01 53.48
1 232.600 82.02 30.45
2 232.600 29.43 109.89
4 232.600 67.22 95.87
3 232.604 66.07 65.02
0 232.700 77.01 53.48
1 232.700 82.06 30.38
2 232.700 29.33 109.77
4 232.700 67.21 95.89
3 232.708 65.99 65.08
0 232.800 77.01 53.48
1 232.800 82.09 30.32
2 232.800 29.23 109.66
4 232.800 67.19 95.91
3 232.812 65.92 65.15
0 232.900 77.01 53.48
1 232.900 82.12 30.25
2 232.900 29.14 109.54
4 232.900 67.18 95.93
3 232.917 65.84 65.22
0 233.000 77.01 53.48
1 233.000 82.16 30.18
2 233.000 29.04 109.43
4 233.000 67.17 95.95
3 233.021 65.76 65.29
0 233.100 77.01 53.48
1 233.100 82.19 30.12
2 233.100 28.95 109.31
4 233.100 67.15 95.97
3 233.125 65.69 65.35
0 233.200 77.01 53.49
1 233.200 82.22 30.05
2 233.200 28.85 109.20
4 233.200 67.14 95.99
3 233.229 65.61 65.42
0 233.300 77.01 53.49
1 233.300 82.26 29.98
2 233.300 28.75 109.08
4 233.300 67.12 96.01
3 233.333 65.54 65.49
0 233.400 77.01 53.49
1 233.400 82.29 29.92
2 233.400 28.66 108.97
4 233.400 67.11 96.03
3 233.438 65.46 65.55
0 233.500 77.01 53.49
1 233.500 82.32 29.85
2 233.500 28.56 108.85
4 233.500 67.10 96.05
3 233.542 65.38 65.62
0 233.600 77.01 53.49
1 233.600 82.36 29.78
2 233.600 28.47 108.73
4 233.600 67.08 96.07
3 233.646 65.31 65.69
0 233.700 77.01 53.49
1 233.700 82.39 29.72
2 233.700 28.37 108.62
4 233.700 67.07 96.09
3 233.750 65.23 65.76
0 233.800 77.00 53.49
1 233.800 82.42 29.65
2 233.800 28.27 108.50
4 233.800 67.05 96.11
3 233.854 65.15 65.82
0 233.900 77.00 53.49
1 233.900 82.46 29.58
2 233.900 28.18 108.39
4 233.900 67.04 96.13
3 233.958 65.08 65.89
0 234.000 77.00 53.49
1 234.000 82.49 29.52
2 234.000 28.08 108.27
4 234.000 67.03 96.15
3 234.062 65.00 65.96
0 234.100 77.00 53.49
1 234.100 82.52 29.45
2 234.100 27.99 108.16
4 234.100 67.01 96.17
3 234.167 64.92 66.03
0 234.200 77.00 53.49
1 234.200 82.56 29.38
2 234.200 27.89 108.04
4 234.200 67.00 96.18
3 234.271 64.85 66.09
0 234.300 77.00 53.49
1 234.300 82.59 29.32
2 234.300 27.80 107.93
4 234.300 66.98 96.20
3 234.375 64.77 66.16
0 234.400 77.00 53.49
1 234.400 82.62 29.25
2 234.400 27.70 107.81
4 234.400 66.97 96.22
3 234.479 64.70 66.23
0 234.500 77.00 53.49
1 234.500 82.66 29.18
2 234.500 27.60 107.70
4 234.500 66.95 96.24
3 234.583 64.62 66.30
0 234.600 77.00 53.49
1 234.600 82.69 29.12
2 234.600 27.51 107.58
4 234.600 66.94 96.26
3 234.688 64.54 66.36
0 234.700 77.00 53.49
1 234.700 82.72 29.05
2 234.700 27.41 107.47
4 234.700 66.93 96.28
3 234.792 64.47 66.43
0 234.800 77.00 53.50
1 234.800 82.76 28.98
2 234.800 27.32 107.35
4 234.800 66.91 96.30
3 234.896 64.39 66.50
0 234.900 77.00 53.50
1 234.900 82.79 28.92
2 234.900 27.22 107.24
4 234.900 66.90 96.32
0 235.000 77.00 53.50
1 235.000 82.82 28.85
1 235.000 82.82 28.85
2 235.000 27.12 107.12
2 235.000 27.12 107.12
3 235.000 64.31 66.56
3 235.000 64.31 66.56
4 235.000 66.88 96.34
4 235.000 66.88 96.34
0 235.100 77.00 53.50
1 235.100 82.88 28.71
2 235.100 27.07 106.98
3 235.100 64.29 66.69
4 235.100 66.88 96.34
0 235.200 77.00 53.50
1 235.200 82.94 28.57
2 235.200 27.02 106.84
3 235.200 64.27 66.81
4 235.200 66.88 96.34
0 235.300 76.99 53.50
1 235.300 83.00 28.44
2 235.300 26.98 106.71
3 235.300 64.25 66.93
4 235.300 66.88 96.35
0 235.400 76.99 53.50
1 235.400 83.06 28.30
2 235.400 26.93 106.57
3 235.400 64.22 67.05
4 235.400 66.87 96.35
0 235.500 76.99 53.50
1 235.500 83.13 28.16
2 235.500 26.88 106.43
3 235.500 64.20 67.17
4 235.500 66.87 96.35
0 235.600 76.99 53.50
1 235.600 83.19 28.03
2 235.600 26.83 106.29
3 235.600 64.18 67.29
4 235.600 66.87 96.35
0 235.700 76.99 53.50
1 235.700 83.25 27.89
2 235.700 26.78 106.15
3 235.700 64.16 67.41
4 235.700 66.86 96.35
0 235.800 76.99 53.50
1 235.800 83.31 27.75
2 235.800 26.73 106.01
3 235.800 64.13 67.53
4 235.800 66.86 96.35
0 235.900 76.99 53.50
1 235.900 83.37 27.61
2 235.900 26.68 105.88
3 235.900 64.11 67.65
4 235.900 66.86 96.35
0 236.000 76.99 53.50
1 236.000 83.43 27.48
2 236.000 26.63 105.74
3 236.000 64.09 67.77
4 236.000 66.86 96.35
0 236.100 76.99 53.50
1 236.100 83.49 27.34
2 236.100 26.58 105.60
3 236.100 64.06 67.89
4 236.100 66.85 96.35
0 236.200 76.99 53.50
1 236.200 83.55 27.20
2 236.200 26.53 105.46
3 236.200 64.04 68.01
4 236.200 66.85 96.35
0 236.300 76.99 53.51
1 236.300 83.61 27.06
2 236.300 26.48 105.32
3 236.300 64.02 68.13
4 236.300 66.85 96.35
0 236.400 76.99 53.51
1 236.400 83.67 26.93
2 236.400 26.43 105.18
3 236.400 64.00 68.25
4 236.400 66.85 96.36
0 236.500 76.99 53.51
1 236.500 83.73 26.79
2 236.500 26.38 105.05
3 236.500 63.97 68.37
4 236.500 66.84 96.36
0 236.600 76.99 53.51
1 236.600 83.79 26.65
2 236.600 26.33 104.91
3 236.600 63.95 68.49
4 236.600 66.84 96.36
0 236.700 76.99 53.51
1 236.700 83.85 26.51
2 236.700 26.28 104.77
3 236.700 63.93 68.62
4 236.700 66.84 96.36
0 236.800 76.99 53.51
1 236.800 83.91 26.38
2 236.800 26.23 104.63
3 236.800 63.91 68.74
4 236.800 66.84 96.36
0 236.900 76.98 53.51
1 236.900 83.97 26.24
2 236.900 26.18 104.49
3 236.900 63.88 68.86
4 236.900 66.83 96.36
0 237.000 76.98 53.51
1 237.000 84.03 26.10
2 237.000 26.13 104.36
3 237.000 63.86 68.98
4 237.000 66.83 96.36
0 237.100 76.98 53.51
1 237.100 84.09 25.97
2 237.100 26.08 104.22
3 237.100 63.84 69.10
4 237.100 66.83 96.36
0 237.200 76.98 53.51
1 237.200 84.15 25.83
2 237.200 26.03 104.08
3 237.200 63.81 69.22
4 237.200 66.82 96.36
0 237.300 76.98 53.51
1 237.300 84.21 25.69
2 237.300 25.98 103.94
3 237.300 63.79 69.34
4 237.300 66.82 96.36
0 237.400 76.98 53.51
1 237.400 84.27 25.55
2 237.400 25.93 103.80
3 237.400 63.77 69.46
4 237.400 66.82 96.36
0 237.500 76.98 53.51
0 237.500 76.98 53.51
1 237.500 84.33 25.42
1 237.500 84.33 25.42
2 237.500 25.89 103.66
2 237.500 25.89 103.66
3 237.500 63.75 69.58
3 237.500 63.75 69.58
4 237.500 66.82 96.37
0 237.600 76.98 53.51
1 237.600 84.33 25.38
2 237.600 25.85 103.59
3 237.600 63.83 69.62
4 237.600 66.81 96.37
0 237.700 76.98 53.51
1 237.700 84.32 25.34
2 237.700 25.81 103.51
3 237.700 63.92 69.66
4 237.700 66.81 96.37
0 237.800 76.98 53.51
1 237.800 84.31 25.30
2 237.800 25.77 103.43
3 237.800 64.01 69.70
4 237.800 66.81 96.37
0 237.900 76.98 53.51
1 237.900 84.30 25.26
2 237.900 25.73 103.36
3 237.900 64.09 69.74
4 237.900 66.81 96.37
0 238.000 76.98 53.51
1 238.000 84.30 25.23
2 238.000 25.69 103.28
3 238.000 64.18 69.78
4 238.000 66.80 96.37
0 238.100 76.98 53.51
1 238.100 84.29 25.19
2 238.100 25.65 103.20
3 238.100 64.27 69.82
4 238.100 66.80 96.37
0 238.200 76.98 53.51
1 238.200 84.28 25.15
2 238.200 25.61 103.13
3 238.200 64.35 69.87
4 238.200 66.80 96.37
0 238.300 76.97 53.51
1 238.300 84.27 25.11
2 238.300 25.57 103.05
3 238.300 64.44 69.91
4 238.300 66.79 96.37
0 238.400 76.97 53.51
1 238.400 84.27 25.08
2 238.400 25.53 102.97
3 238.400 64.53 69.95
4 238.400 66.79 96.37
0 238.500 76.97 53.51
1 238.500 84.26 25.04
2 238.500 25.49 102.90
3 238.500 64.61 69.99
4 238.500 66.79 96.38
0 238.600 76.97 53.51
1 238.600 84.25 25.00
2 238.600 25.45 102.82
3 238.600 64.70 70.03
4 238.600 66.79 96.38
0 238.700 76.97 53.51
1 238.700 84.25 24.96
2 238.700 25.41 102.74
3 238.700 64.79 70.07
4 238.700 66.78 96.38
0 238.800 76.97 53.51
1 238.800 84.24 24.92
2 238.800 25.37 102.67
3 238.800 64.87 70.11
4 238.800 66.78 96.38
0 238.900 76.97 53.51
1 238.900 84.23 24.89
2 238.900 25.33 102.59
3 238.900 64.96 70.15
4 238.900 66.78 96.38
0 239.000 76.97 53.51
1 239.000 84.22 24.85
2 239.000 25.29 102.51
3 239.000 65.05 70.19
4 239.000 66.78 96.38
0 239.100 76.97 53.51
1 239.100 84.22 24.81
2 239.100 25.25 102.44
3 239.100 65.13 70.23
4 239.100 66.77 96.38
0 239.200 76.97 53.51
1 239.200 84.21 24.77
2 239.200 25.21 102.36
3 239.200 65.22 70.27
4 239.200 66.77 96.38
0 239.300 76.97 53.51
1 239.300 84.20 24.73
2 239.300 25.17 102.28
3 239.300 65.31 70.31
4 239.300 66.77 96.38
0 239.400 76.97 53.51
1 239.400 84.19 24.70
2 239.400 25.13 102.21
3 239.400 65.39 70.35
4 239.400 66.76 96.38
0 239.500 76.97 53.51
1 239.500 84.19 24.66
2 239.500 25.09 102.13
3 239.500 65.48 70.39
4 239.500 66.76 96.38
0 239.600 76.96 53.51
1 239.600 84.18 24.62
2 239.600 25.05 102.06
3 239.600 65.56 70.44
4 239.600 66.76 96.39
0 239.700 76.96 53.51
1 239.700 84.17 24.58
2 239.700 25.01 101.98
3 239.700 65.65 70.48
4 239.700 66.76 96.39
0 239.800 76.96 53.51
1 239.800 84.17 24.54
2 239.800 24.97 101.90
3 239.800 65.74 70.52
4 239.800 66.75 96.39
0 239.900 76.96 53.51
1 239.900 84.16 24.51
2 239.900 24.93 101.83
3 239.900 65.82 70.56
4 239.900 66.75 96.39
0 240.000 76.96 53.51
1 240.000 84.15 24.47
1 240.000 84.15 24.47
2 240.000 24.89 101.75
2 240.000 24.89 101.75
3 240.000 65.91 70.60
3 240.000 65.91 70.60
4 240.000 66.75 96.39
0 240.100 76.96 53.51
1 240.100 84.14 24.46
2 240.100 24.87 101.72
4 240.100 66.75 96.39
3 240.104 66.06 70.65
0 240.200 76.96 53.51
1 240.200 84.13 24.44
2 240.200 24.84 101.68
4 240.200 66.74 96.39
3 240.208 66.21 70.69
0 240.300 76.96 53.51
1 240.300 84.12 24.43
2 240.300 24.81 101.65
4 240.300 66.74 96.39
3 240.312 66.36 70.74
0 240.400 76.96 53.51
1 240.400 84.11 24.42
2 240.400 24.78 101.61
4 240.400 66.74 96.39
3 240.417 66.51 70.79
0 240.500 76.96 53.51
1 240.500 84.09 24.41
2 240.500 24.75 101.58
4 240.500 66.73 96.39
3 240.521 66.66 70.83
0 240.600 76.96 53.52
1 240.600 84.08 24.39
2 240.600 24.73 101.55
4 240.600 66.73 96.39
3 240.625 66.80 70.88
0 240.700 76.96 53.52
1 240.700 84.07 24.38
2 240.700 24.70 101.51
4 240.700 66.73 96.40
3 240.729 66.95 70.93
0 240.800 76.96 53.52
1 240.800 84.06 24.37
2 240.800 24.67 101.48
4 240.800 66.73 96.40
3 240.833 67.10 70.98
0 240.900 76.95 53.52
1 240.900 84.05 24.36
2 240.900 24.64 101.45
4 240.900 66.72 96.40
3 240.938 67.25 71.02
0 241.000 76.95 53.52
1 241.000 84.04 24.34
2 241.000 24.62 101.41
4 241.000 66.72 96.40
3 241.042 67.40 71.07
0 241.100 76.95 53.52
1 241.100 84.03 24.33
2 241.100 24.59 101.38
4 241.100 66.72 96.40
3 241.146 67.55 71.12
0 241.200 76.95 53.52
1 241.200 84.02 24.32
2 241.200 24.56 101.35
4 241.200 66.72 96.40
3 241.250 67.70 71.17
0 241.300 76.95 53.52
1 241.300 84.00 24.30
2 241.300 24.53 101.31
4 241.300 66.71 96.40
3 241.354 67.85 71.21
0 241.400 76.95 53.52
1 241.400 83.99 24.29
2 241.400 24.51 101.28
4 241.400 66.71 96.40
3 241.458 68.00 71.26
0 241.500 76.95 53.52
1 241.500 83.98 24.28
2 241.500 24.48 101.25
4 241.500 66.71 96.40
3 241.562 68.14 71.31
0 241.600 76.95 53.52
1 241.600 83.97 24.27
2 241.600 24.45 101.21
4 241.600 66.71 96.40
3 241.667 68.29 71.35
0 241.700 76.95 53.52
1 241.700 83.96 24.25
2 241.700 24.42 101.18
4 241.700 66.70 96.41
3 241.771 68.44 71.40
0 241.800 76.95 53.52
1 241.800 83.95 24.24
2 241.800 24.40 101.15
4 241.800 66.70 96.41
3 241.875 68.59 71.45
0 241.900 76.95 53.52
1 241.900 83.94 24.23
2 241.900 24.37 101.11
4 241.900 66.70 96.41
3 241.979 68.74 71.50
0 242.000 76.95 53.52
1 242.000 83.93 24.22
2 242.000 24.34 101.08
4 242.000 66.69 96.41
3 242.083 68.89 71.54
0 242.100 76.95 53.52
1 242.100 83.91 24.20
2 242.100 24.31 101.04
4 242.100 66.69 96.41
3 242.188 69.04 71.59
0 242.200 76.94 53.52
1 242.200 83.90 24.19
2 242.200 24.29 101.01
4 242.200 66.69 96.41
3 242.292 69.19 71.64
0 242.300 76.94 53.52
1 242.300 83.89 24.18
2 242.300 24.26 100.98
4 242.300 66.69 96.41
3 242.396 69.34 71.69
0 242.400 76.94 53.52
1 242.400 83.88 24.17
2 242.400 24.23 100.94
4 242.400 66.68 96.41
0 242.500 76.94 53.52
0 242.500 76.94 53.52
1 242.500 83.87 24.15
1 242.500 83.87 24.15
2 242.500 24.20 100.91
2 242.500 24.20 100.91
3 242.500 69.49 71.73
3 242.500 69.49 71.73
4 242.500 66.68 96.41
4 242.500 66.68 96.41
0 242.600 76.94 53.52
1 242.600 83.86 24.16
2 242.600 24.14 100.88
3 242.600 69.52 71.88
4 242.600 66.65 96.43
0 242.700 76.94 53.53
1 242.700 83.86 24.16
2 242.700 24.08 100.85
3 242.700 69.56 72.02
4 242.700 66.63 96.45
0 242.800 76.94 53.54
1 242.800 83.85 24.16
2 242.800 24.02 100.81
3 242.800 69.59 72.17
4 242.800 66.60 96.47
0 242.900 76.93 53.54
1 242.900 83.85 24.16
2 242.900 23.97 100.78
3 242.900 69.63 72.32
4 242.900 66.57 96.49
0 243.000 76.93 53.55
1 243.000 83.84 24.17
2 243.000 23.91 100.75
3 243.000 69.66 72.46
4 243.000 66.54 96.51
0 243.100 76.93 53.56
1 243.100 83.84 24.17
2 243.100 23.85 100.72
3 243.100 69.70 72.61
4 243.100 66.52 96.53
0 243.200 76.93 53.57
1 243.200 83.83 24.17
2 243.200 23.79 100.69
3 243.200 69.73 72.75
4 243.200 66.49 96.55
0 243.300 76.93 53.57
1 243.300 83.83 24.18
2 243.300 23.73 100.65
3 243.300 69.77 72.90
4 243.300 66.46 96.57
0 243.400 76.92 53.58
1 243.400 83.82 24.18
2 243.400 23.67 100.62
3 243.400 69.80 73.04
4 243.400 66.43 96.59
0 243.500 76.92 53.59
1 243.500 83.82 24.18
2 243.500 23.61 100.59
3 243.500 69.84 73.19
4 243.500 66.41 96.61
0 243.600 76.92 53.59
1 243.600 83.81 24.18
2 243.600 23.55 100.56
3 243.600 69.87 73.34
4 243.600 66.38 96.63
0 243.700 76.92 53.60
1 243.700 83.81 24.19
2 243.700 23.49 100.52
3 243.700 69.91 73.48
4 243.700 66.35 96.65
0 243.800 76.91 53.61
1 243.800 83.80 24.19
2 243.800 23.43 100.49
3 243.800 69.94 73.63
4 243.800 66.33 96.67
0 243.900 76.91 53.61
1 243.900 83.80 24.19
2 243.900 23.37 100.46
3 243.900 69.98 73.77
4 243.900 66.30 96.69
0 244.000 76.91 53.62
1 244.000 83.79 24.19
2 244.000 23.31 100.43
3 244.000 70.01 73.92
4 244.000 66.27 96.71
0 244.100 76.91 53.63
1 244.100 83.79 24.20
2 244.100 23.25 100.40
3 244.100 70.05 74.07
4 244.100 66.24 96.73
0 244.200 76.91 53.64
1 244.200 83.78 24.20
2 244.200 23.19 100.36
3 244.200 70.08 74.21
4 244.200 66.22 96.75
0 244.300 76.90 53.64
1 244.300 83.78 24.20
2 244.300 23.13 100.33
3 244.300 70.12 74.36
4 244.300 66.19 96.77
0 244.400 76.90 53.65
1 244.400 83.77 24.21
2 244.400 23.07 100.30
3 244.400 70.15 74.50
4 244.400 66.16 96.79
0 244.500 76.90 53.66
1 244.500 83.77 24.21
2 244.500 23.02 100.27
3 244.500 70.19 74.65
4 244.500 66.13 96.81
0 244.600 76.90 53.66
1 244.600 83.76 24.21
2 244.600 22.96 100.23
3 244.600 70.23 74.79
4 244.600 66.11 96.83
0 244.700 76.90 53.67
1 244.700 83.76 24.21
2 244.700 22.90 100.20
4 244.700 66.08 96.85
3 244.700 70.26 74.94
0 244.800 76.89 53.68
1 244.800 83.75 24.22
2 244.800 22.84 100.17
3 244.800 70.30 75.09
4 244.800 66.05 96.87
0 244.900 76.89 53.68
1 244.900 83.75 24.22
2 244.900 22.78 100.14
3 244.900 70.33 75.23
4 244.900 66.02 96.89
0 245.000 76.89 53.69
1 245.000 83.74 24.22
2 245.000 22.72 100.11
2 245.000 22.72 100.11
3 245.000 70.37 75.38
3 245.000 70.37 75.38
4 245.000 66.00 96.91
4 245.000 66.00 96.91
0 245.100 76.89 53.70
1 245.100 83.74 24.22
2 245.100 22.64 100.06
3 245.100 70.36 75.53
4 245.100 65.98 96.93
0 245.200 76.89 53.71
1 245.200 83.73 24.23
2 245.200 22.57 100.02
3 245.200 70.36 75.68
4 245.200 65.96 96.94
0 245.300 76.88 53.71
1 245.300 83.72 24.23
2 245.300 22.49 99.97
3 245.300 70.36 75.83
4 245.300 65.95 96.95
0 245.400 76.88 53.72
1 245.400 83.72 24.23
2 245.400 22.41 99.93
3 245.400 70.35 75.98
4 245.400 65.93 96.96
0 245.500 76.88 53.73
1 245.500 83.71 24.24
2 245.500 22.34 99.88
3 245.500 70.35 76.13
4 245.500 65.91 96.97
0 245.600 76.88 53.73
1 245.600 83.71 24.24
2 245.600 22.26 99.84
3 245.600 70.35 76.28
4 245.600 65.89 96.99
0 245.700 76.87 53.74
1 245.700 83.70 24.24
2 245.700 22.18 99.79
3 245.700 70.34 76.43
4 245.700 65.88 97.00
0 245.800 76.87 53.75
1 245.800 83.70 24.24
2 245.800 22.11 99.75
3 245.800 70.34 76.58
4 245.800 65.86 97.01
0 245.900 76.87 53.75
1 245.900 83.69 24.25
2 245.900 22.03 99.70
3 245.900 70.34 76.73
4 245.900 65.84 97.02
0 246.000 76.87 53.76
1 246.000 83.69 24.25
2 246.000 21.95 99.66
3 246.000 70.34 76.88
4 246.000 65.82 97.04
0 246.100 76.87 53.77
1 246.100 83.68 24.25
2 246.100 21.88 99.62
3 246.100 70.33 77.03
4 246.100 65.81 97.05
0 246.200 76.86 53.78
1 246.200 83.68 24.25
2 246.200 21.80 99.57
3 246.200 70.33 77.18
4 246.200 65.79 97.06
0 246.300 76.86 53.78
1 246.300 83.67 24.26
2 246.300 21.73 99.53
3 246.300 70.33 77.33
4 246.300 65.77 97.07
0 246.400 76.86 53.79
1 246.400 83.67 24.26
2 246.400 21.65 99.48
3 246.400 70.32 77.48
4 246.400 65.76 97.09
0 246.500 76.86 53.80
1 246.500 83.66 24.26
2 246.500 21.57 99.44
3 246.500 70.32 77.63
4 246.500 65.74 97.10
0 246.600 76.86 53.80
1 246.600 83.66 24.27
2 246.600 21.50 99.39
3 246.600 70.32 77.78
4 246.600 65.72 97.11
0 246.700 76.85 53.81
1 246.700 83.65 24.27
2 246.700 21.42 99.35
3 246.700 70.31 77.93
4 246.700 65.70 97.12
0 246.800 76.85 53.82
1 246.800 83.65 24.27
2 246.800 21.34 99.30
3 246.800 70.31 78.08
4 246.800 65.69 97.13
0 246.900 76.85 53.82
1 246.900 83.64 24.27
2 246.900 21.27 99.26
3 246.900 70.31 78.23
4 246.900 65.67 97.15
0 247.000 76.85 53.83
1 247.000 83.64 24.28
2 247.000 21.19 99.21
3 247.000 70.30 78.38
4 247.000 65.65 97.16
0 247.100 76.84 53.84
1 247.100 83.63 24.28
2 247.100 21.11 99.17
3 247.100 70.30 78.53
4 247.100 65.63 97.17
0 247.200 76.84 53.85
1 247.200 83.63 24.28
2 247.200 21.04 99.13
3 247.200 70.30 78.68
4 247.200 65.62 97.18
0 247.300 76.84 53.85
1 247.300 83.62 24.28
2 247.300 20.96 99.08
3 247.300 70.29 78.83
4 247.300 65.60 97.20
0 247.400 76.84 53.86
1 247.400 83.62 24.29
2 247.400 20.88 99.04
3 247.400 70.29 78.98
4 247.400 65.58 97.21
0 247.500 76.84 53.87
1 247.500 83.61 24.29
2 247.500 20.81 98.99
2 247.500 20.81 98.99
3 247.500 70.29 79.13
3 247.500 70.29 79.13
4 247.500 65.57 97.22
4 247.500 65.57 97.22
0 247.600 76.83 53.87
1 247.600 83.61 24.29
2 247.600 20.73 98.91
3 247.600 70.22 79.26
4 247.600 65.57 97.22
0 247.700 76.83 53.88
1 247.700 83.60 24.30
2 247.700 20.66 98.84
3 247.700 70.15 79.39
4 247.700 65.57 97.23
0 247.800 76.83 53.89
1 247.800 83.60 24.30
2 247.800 20.58 98.76
3 247.800 70.08 79.53
4 247.800 65.57 97.23
0 247.900 76.83 53.89
1 247.900 83.59 24.30
2 247.900 20.50 98.68
3 247.900 70.01 79.66
4 247.900 65.57 97.23
0 248.000 76.83 53.90
1 248.000 83.59 24.30
2 248.000 20.43 98.60
3 248.000 69.95 79.79
4 248.000 65.57 97.24
0 248.100 76.82 53.91
1 248.100 83.58 24.31
2 248.100 20.35 98.52
3 248.100 69.88 79.93
4 248.100 65.57 97.24
0 248.200 76.82 53.91
1 248.200 83.57 24.31
2 248.200 20.27 98.45
3 248.200 69.81 80.06
4 248.200 65.57 97.25
0 248.300 76.82 53.92
1 248.300 83.57 24.31
2 248.300 20.20 98.37
3 248.300 69.74 80.19
4 248.300 65.57 97.25
0 248.400 76.82 53.93
1 248.400 83.56 24.31
2 248.400 20.12 98.29
3 248.400 69.67 80.33
4 248.400 65.57 97.25
0 248.500 76.81 53.94
1 248.500 83.56 24.32
2 248.500 20.04 98.21
3 248.500 69.60 80.46
4 248.500 65.57 97.26
0 248.600 76.81 53.94
1 248.600 83.55 24.32
2 248.600 19.97 98.14
3 248.600 69.53 80.59
4 248.600 65.57 97.26
0 248.700 76.81 53.95
1 248.700 83.55 24.32
2 248.700 19.89 98.06
3 248.700 69.47 80.73
4 248.700 65.57 97.26
0 248.800 76.81 53.96
1 248.800 83.54 24.33
2 248.800 19.81 97.98
3 248.800 69.40 80.86
4 248.800 65.57 97.27
0 248.900 76.81 53.96
1 248.900 83.54 24.33
2 248.900 19.74 97.90
3 248.900 69.33 81.00
4 248.900 65.57 97.27
0 249.000 76.80 53.97
1 249.000 83.53 24.33
2 249.000 19.66 97.83
3 249.000 69.26 81.13
4 249.000 65.57 97.27
0 249.100 76.80 53.98
1 249.100 83.53 24.33
2 249.100 19.58 97.75
3 249.100 69.19 81.26
4 249.100 65.57 97.28
0 249.200 76.80 53.98
1 249.200 83.52 24.34
2 249.200 19.51 97.67
3 249.200 69.12 81.40
4 249.200 65.58 97.28
0 249.300 76.80 53.99
1 249.300 83.52 24.34
2 249.300 19.43 97.59
3 249.300 69.06 81.53
4 249.300 65.58 97.28
0 249.400 76.80 54.00
1 249.400 83.51 24.34
2 249.400 19.36 97.51
3 249.400 68.99 81.66
4 249.400 65.58 97.29
0 249.500 76.79 54.01
1 249.500 83.51 24.34
2 249.500 19.28 97.44
3 249.500 68.92 81.80
4 249.500 65.58 97.29
0 249.600 76.79 54.01
1 249.600 83.50 24.35
2 249.600 19.20 97.36
3 249.600 68.85 81.93
4 249.600 65.58 97.29
0 249.700 76.79 54.02
1 249.700 83.50 24.35
2 249.700 19.13 97.28
3 249.700 68.78 82.06
4 249.700 65.58 97.30
0 249.800 76.79 54.03
1 249.800 83.49 24.35
2 249.800 19.05 97.20
3 249.800 68.71 82.20
4 249.800 65.58 97.30
0 249.900 76.78 54.03
1 249.900 83.49 24.36
2 249.900 18.97 97.13
3 249.900 68.64 82.33
4 249.900 65.58 97.30
0 250.000 76.78 54.04
1 250.000 83.48 24.36
2 250.000 18.90 97.05
2 250.000 18.90 97.05
3 250.000 68.58 82.46
3 250.000 68.58 82.46
4 250.000 65.58 97.31
0 250.100 76.78 54.05
1 250.100 83.48 24.36
2 250.100 18.87 96.95
3 250.100 68.52 82.59
4 250.100 65.58 97.31
0 250.200 76.78 54.05
1 250.200 83.47 24.36
2 250.200 18.84 96.85
3 250.200 68.46 82.71
4 250.200 65.58 97.31
0 250.300 76.78 54.06
1 250.300 83.47 24.37
2 250.300 18.81 96.75
3 250.300 68.40 82.83
4 250.300 65.58 97.32
0 250.400 76.77 54.07
1 250.400 83.46 24.37
2 250.400 18.79 96.65
3 250.400 68.34 82.96
4 250.400 65.58 97.32
0 250.500 76.77 54.08
1 250.500 83.46 24.37
2 250.500 18.76 96.56
3 250.500 68.28 83.08
4 250.500 65.58 97.32
0 250.600 76.77 54.08
1 250.600 83.45 24.37
2 250.600 18.73 96.46
3 250.600 68.22 83.20
4 250.600 65.58 97.33
0 250.700 76.77 54.09
1 250.700 83.45 24.38
2 250.700 18.71 96.36
3 250.700 68.17 83.33
4 250.700 65.58 97.33
0 250.800 76.77 54.10
1 250.800 83.44 24.38
2 250.800 18.68 96.26
3 250.800 68.11 83.45
4 250.800 65.59 97.34
0 250.900 76.76 54.10
1 250.900 83.43 24.38
2 250.900 18.65 96.16
3 250.900 68.05 83.57
4 250.900 65.59 97.34
0 251.000 76.76 54.11
1 251.000 83.43 24.39
2 251.000 18.62 96.06
3 251.000 67.99 83.70
4 251.000 65.59 97.34
0 251.100 76.76 54.12
1 251.100 83.42 24.39
2 251.100 18.60 95.96
3 251.100 67.93 83.82
4 251.100 65.59 97.35
0 251.200 76.76 54.12
1 251.200 83.42 24.39
2 251.200 18.57 95.87
3 251.200 67.87 83.95
4 251.200 65.59 97.35
0 251.300 76.76 54.13
1 251.300 83.41 24.39
2 251.300 18.54 95.77
3 251.300 67.81 84.07
4 251.300 65.59 97.35
0 251.400 76.75 54.14
1 251.400 83.41 24.40
2 251.400 18.51 95.67
3 251.400 67.75 84.19
4 251.400 65.59 97.36
0 251.500 76.75 54.15
1 251.500 83.40 24.40
2 251.500 18.49 95.57
3 251.500 67.70 84.32
4 251.500 65.59 97.36
0 251.600 76.75 54.15
1 251.600 83.40 24.40
2 251.600 18.46 95.47
3 251.600 67.64 84.44
4 251.600 65.59 97.36
0 251.700 76.75 54.16
1 251.700 83.39 24.40
2 251.700 18.43 95.37
3 251.700 67.58 84.56
4 251.700 65.59 97.37
0 251.800 76.74 54.17
1 251.800 83.39 24.41
2 251.800 18.41 95.27
3 251.800 67.52 84.69
4 251.800 65.59 97.37
0 251.900 76.74 54.17
1 251.900 83.38 24.41
2 251.900 18.38 95.17
3 251.900 67.46 84.81
4 251.900 65.59 97.37
0 252.000 76.74 54.18
1 252.000 83.38 24.41
2 252.000 18.35 95.08
3 252.000 67.40 84.93
4 252.000 65.59 97.38
0 252.100 76.74 54.19
1 252.100 83.37 24.42
2 252.100 18.32 94.98
3 252.100 67.34 85.06
4 252.100 65.59 97.38
0 252.200 76.74 54.19
1 252.200 83.37 24.42
2 252.200 18.30 94.88
3 252.200 67.29 85.18
4 252.200 65.59 97.38
0 252.300 76.73 54.20
1 252.300 83.36 24.42
2 252.300 18.27 94.78
3 252.300 67.23 85.30
4 252.300 65.59 97.39
0 252.400 76.73 54.21
1 252.400 83.36 24.42
2 252.400 18.24 94.68
3 252.400 67.17 85.43
4 252.400 65.59 97.39
0 252.500 76.73 54.22
0 252.500 76.73 54.22
1 252.500 83.35 24.43
2 252.500 18.21 94.58
2 252.500 18.21 94.58
3 252.500 67.11 85.55
3 252.500 67.11 85.55
4 252.500 65.60 97.39
0 252.600 76.73 54.24
1 252.600 83.35 24.43
3 252.600 67.14 85.70
4 252.600 65.60 97.40
2 252.604 18.21 94.57
0 252.700 76.73 54.25
1 252.700 83.34 24.43
3 252.700 67.17 85.84
4 252.700 65.60 97.40
2 252.708 18.21 94.56
0 252.800 76.73 54.27
1 252.800 83.34 24.43
3 252.800 67.20 85.99
4 252.800 65.60 97.40
2 252.812 18.21 94.55
0 252.900 76.74 54.29
1 252.900 83.33 24.44
3 252.900 67.23 86.14
4 252.900 65.60 97.41
2 252.917 18.21 94.53
0 253.000 76.74 54.31
1 253.000 83.33 24.44
3 253.000 67.26 86.29
4 253.000 65.60 97.41
2 253.021 18.21 94.52
0 253.100 76.74 54.33
1 253.100 83.32 24.44
3 253.100 67.29 86.43
4 253.100 65.60 97.42
2 253.125 18.21 94.51
0 253.200 76.74 54.35
1 253.200 83.32 24.45
3 253.200 67.32 86.58
4 253.200 65.60 97.42
2 253.229 18.21 94.49
0 253.300 76.74 54.37
1 253.300 83.31 24.45
3 253.300 67.35 86.73
4 253.300 65.60 97.42
2 253.333 18.21 94.48
0 253.400 76.75 54.39
1 253.400 83.31 24.45
3 253.400 67.38 86.87
4 253.400 65.60 97.43
2 253.438 18.21 94.47
0 253.500 76.75 54.41
1 253.500 83.30 24.45
3 253.500 67.41 87.02
4 253.500 65.60 97.43
2 253.542 18.21 94.46
0 253.600 76.75 54.43
1 253.600 83.30 24.46
3 253.600 67.44 87.17
4 253.600 65.60 97.43
2 253.646 18.21 94.44
0 253.700 76.75 54.45
1 253.700 83.29 24.46
3 253.700 67.47 87.31
4 253.700 65.60 97.44
2 253.750 18.21 94.43
0 253.800 76.75 54.47
1 253.800 83.28 24.46
3 253.800 67.50 87.46
4 253.800 65.60 97.44
2 253.854 18.21 94.42
0 253.900 76.75 54.49
1 253.900 83.28 24.46
3 253.900 67.53 87.61
4 253.900 65.60 97.44
2 253.958 18.20 94.40
0 254.000 76.76 54.51
1 254.000 83.27 24.47
3 254.000 67.56 87.76
4 254.000 65.60 97.45
2 254.062 18.20 94.39
0 254.100 76.76 54.53
1 254.100 83.27 24.47
3 254.100 67.59 87.90
4 254.100 65.60 97.45
2 254.167 18.20 94.38
0 254.200 76.76 54.55
1 254.200 83.26 24.47
3 254.200 67.62 88.05
4 254.200 65.61 97.45
2 254.271 18.20 94.37
0 254.300 76.76 54.57
1 254.300 83.26 24.48
3 254.300 67.65 88.20
4 254.300 65.61 97.46
2 254.375 18.20 94.35
0 254.400 76.76 54.59
1 254.400 83.25 24.48
3 254.400 67.68 88.34
4 254.400 65.61 97.46
2 254.479 18.20 94.34
0 254.500 76.77 54.61
1 254.500 83.25 24.48
3 254.500 67.71 88.49
4 254.500 65.61 97.46
2 254.583 18.20 94.33
0 254.600 76.77 54.63
1 254.600 83.24 24.48
3 254.600 67.73 88.64
4 254.600 65.61 97.47
2 254.688 18.20 94.32
0 254.700 76.77 54.65
1 254.700 83.24 24.49
3 254.700 67.76 88.78
4 254.700 65.61 97.47
2 254.792 18.20 94.30
0 254.800 76.77 54.67
1 254.800 83.23 24.49
3 254.800 67.79 88.93
4 254.800 65.61 97.47
2 254.896 18.20 94.29
0 254.900 76.77 54.69
1 254.900 83.23 24.49
3 254.900 67.82 89.08
4 254.900 65.61 97.48
0 255.000 76.77 54.71
0 255.000 76.77 54.71
1 255.000 83.22 24.49
2 255.000 18.20 94.28
2 255.000 18.20 94.28
3 255.000 67.85 89.23
3 255.000 67.85 89.23
4 255.000 65.61 97.48
4 255.000 65.61 97.48
0 255.100 76.78 54.71
1 255.100 83.22 24.50
2 255.100 18.19 94.25
3 255.100 67.88 89.30
4 255.100 65.61 97.53
0 255.200 76.78 54.72
1 255.200 83.21 24.50
2 255.200 18.19 94.23
3 255.200 67.92 89.38
4 255.200 65.61 97.59
0 255.300 76.79 54.72
1 255.300 83.21 24.50
2 255.300 18.19 94.20
3 255.300 67.95 89.46
4 255.300 65.62 97.64
0 255.400 76.79 54.73
1 255.400 83.20 24.51
2 255.400 18.19 94.18
3 255.400 67.98 89.54
4 255.400 65.62 97.70
0 255.500 76.80 54.73
1 255.500 83.20 24.51
2 255.500 18.18 94.16
3 255.500 68.01 89.62
4 255.500 65.62 97.75
0 255.600 76.80 54.74
1 255.600 83.19 24.51
2 255.600 18.18 94.13
3 255.600 68.04 89.70
4 255.600 65.62 97.80
0 255.700 76.81 54.74
1 255.700 83.19 24.51
2 255.700 18.18 94.11
3 255.700 68.07 89.78
4 255.700 65.62 97.86
0 255.800 76.81 54.74
1 255.800 83.18 24.52
2 255.800 18.18 94.08
3 255.800 68.10 89.86
4 255.800 65.63 97.91
0 255.900 76.81 54.75
1 255.900 83.18 24.52
2 255.900 18.17 94.06
3 255.900 68.13 89.93
4 255.900 65.63 97.96
0 256.000 76.82 54.75
1 256.000 83.17 24.52
2 256.000 18.17 94.03
3 256.000 68.16 90.01
4 256.000 65.63 98.02
0 256.100 76.82 54.76
1 256.100 83.17 24.53
2 256.100 18.17 94.01
3 256.100 68.19 90.09
4 256.100 65.63 98.07
0 256.200 76.83 54.76
1 256.200 83.16 24.53
2 256.200 18.16 93.98
3 256.200 68.22 90.17
4 256.200 65.63 98.12
0 256.300 76.83 54.77
1 256.300 83.16 24.53
2 256.300 18.16 93.96
3 256.300 68.25 90.25
4 256.300 65.64 98.18
0 256.400 76.84 54.77
1 256.400 83.15 24.53
2 256.400 18.16 93.94
3 256.400 68.28 90.33
4 256.400 65.64 98.23
0 256.500 76.84 54.78
1 256.500 83.14 24.54
2 256.500 18.16 93.91
3 256.500 68.31 90.41
4 256.500 65.64 98.28
0 256.600 76.85 54.78
1 256.600 83.14 24.54
2 256.600 18.15 93.89
3 256.600 68.35 90.49
4 256.600 65.64 98.34
0 256.700 76.85 54.79
1 256.700 83.13 24.54
2 256.700 18.15 93.86
3 256.700 68.38 90.56
4 256.700 65.64 98.39
0 256.800 76.85 54.79
1 256.800 83.13 24.54
2 256.800 18.15 93.84
3 256.800 68.41 90.64
4 256.800 65.65 98.44
0 256.900 76.86 54.80
1 256.900 83.12 24.55
2 256.900 18.15 93.81
3 256.900 68.44 90.72
4 256.900 65.65 98.50
0 257.000 76.86 54.80
1 257.000 83.12 24.55
2 257.000 18.14 93.79
3 257.000 68.47 90.80
4 257.000 65.65 98.55
0 257.100 76.87 54.81
1 257.100 83.11 24.55
2 257.100 18.14 93.76
3 257.100 68.50 90.88
4 257.100 65.65 98.61
0 257.200 76.87 54.81
1 257.200 83.11 24.56
2 257.200 18.14 93.74
3 257.200 68.53 90.96
4 257.200 65.65 98.66
0 257.300 76.88 54.82
1 257.300 83.10 24.56
2 257.300 18.13 93.72
3 257.300 68.56 91.04
4 257.300 65.66 98.71
0 257.400 76.88 54.82
1 257.400 83.10 24.56
2 257.400 18.13 93.69
3 257.400 68.59 91.12
4 257.400 65.66 98.77
0 257.500 76.89 54.83
1 257.500 83.09 24.56
2 257.500 18.13 93.67
3 257.500 68.62 91.19
3 257.500 68.62 91.19
4 257.500 65.66 98.82
4 257.500 65.66 98.82
0 257.600 76.89 54.83
1 257.600 83.09 24.57
2 257.600 18.13 93.64
3 257.600 68.61 91.32
4 257.604 65.67 98.85
0 257.700 76.89 54.84
1 257.700 83.08 24.57
2 257.700 18.12 93.62
3 257.700 68.59 91.45
4 257.708 65.68 98.88
0 257.800 76.90 54.84
1 257.800 83.08 24.57
2 257.800 18.12 93.59
3 257.800 68.57 91.58
4 257.812 65.69 98.91
0 257.900 76.90 54.85
1 257.900 83.07 24.57
2 257.900 18.12 93.57
3 257.900 68.56 91.70
4 257.917 65.69 98.94
0 258.000 76.91 54.85
1 258.000 83.07 24.58
2 258.000 18.12 93.55
3 258.000 68.54 91.83
4 258.021 65.70 98.97
0 258.100 76.91 54.86
1 258.100 83.06 24.58
2 258.100 18.11 93.52
3 258.100 68.53 91.96
4 258.125 65.71 99.00
0 258.200 76.92 54.86
1 258.200 83.06 24.58
2 258.200 18.11 93.50
3 258.200 68.51 92.09
4 258.229 65.72 99.03
0 258.300 76.92 54.87
1 258.300 83.05 24.59
2 258.300 18.11 93.47
3 258.300 68.49 92.21
4 258.333 65.73 99.06
0 258.400 76.93 54.87
1 258.400 83.05 24.59
2 258.400 18.11 93.45
3 258.400 68.48 92.34
4 258.438 65.74 99.09
0 258.500 76.93 54.88
1 258.500 83.04 24.59
2 258.500 18.10 93.42
3 258.500 68.46 92.47
4 258.542 65.75 99.11
0 258.600 76.93 54.88
1 258.600 83.04 24.59
2 258.600 18.10 93.40
3 258.600 68.45 92.60
4 258.646 65.75 99.14
0 258.700 76.94 54.89
1 258.700 83.03 24.60
2 258.700 18.10 93.37
3 258.700 68.43 92.72
4 258.750 65.76 99.17
0 258.800 76.94 54.89
1 258.800 83.03 24.60
2 258.800 18.09 93.35
3 258.800 68.41 92.85
4 258.854 65.77 99.20
0 258.900 76.95 54.90
1 258.900 83.02 24.60
2 258.900 18.09 93.33
3 258.900 68.40 92.98
4 258.958 65.78 99.23
0 259.000 76.95 54.90
1 259.000 83.02 24.60
2 259.000 18.09 93.30
3 259.000 68.38 93.11
4 259.062 65.79 99.26
0 259.100 76.96 54.90
1 259.100 83.01 24.61
2 259.100 18.09 93.28
3 259.100 68.37 93.23
4 259.167 65.80 99.29
0 259.200 76.96 54.91
1 259.200 83.01 24.61
2 259.200 18.08 93.25
3 259.200 68.35 93.36
4 259.271 65.81 99.32
0 259.300 76.97 54.91
1 259.300 83.00 24.61
2 259.300 18.08 93.23
3 259.300 68.33 93.49
4 259.375 65.81 99.35
0 259.400 76.97 54.92
1 259.400 82.99 24.62
2 259.400 18.08 93.20
3 259.400 68.32 93.62
4 259.479 65.82 99.38
0 259.500 76.97 54.92
1 259.500 82.99 24.62
2 259.500 18.08 93.18
3 259.500 68.30 93.74
4 259.583 65.83 99.41
0 259.600 76.98 54.93
1 259.600 82.98 24.62
2 259.600 18.07 93.16
3 259.600 68.29 93.87
4 259.688 65.84 99.44
0 259.700 76.98 54.93
1 259.700 82.98 24.62
2 259.700 18.07 93.13
3 259.700 68.27 94.00
4 259.792 65.85 99.47
0 259.800 76.99 54.94
1 259.800 82.97 24.63
2 259.800 18.07 93.11
3 259.800 68.25 94.12
4 259.896 65.86 99.50
0 259.900 76.99 54.94
1 259.900 82.97 24.63
2 259.900 18.06 93.08
3 259.900 68.24 94.25
0 260.000 77.00 54.95
1 260.000 82.96 24.63
2 260.000 18.06 93.06
2 260.000 18.06 93.06
3 260.000 68.22 94.38
3 260.000 68.22 94.38
4 260.000 65.86 99.53
4 260.000 65.86 99.53
0 260.100 77.00 54.95
1 260.100 82.96 24.63
2 260.100 18.08 92.96
3 260.100 68.23 94.45
4 260.100 65.87 99.53
0 260.200 77.01 54.96
1 260.200 82.95 24.64
2 260.200 18.11 92.86
3 260.200 68.25 94.52
4 260.200 65.87 99.54
0 260.300 77.01 54.96
1 260.300 82.95 24.64
2 260.300 18.13 92.76
3 260.300 68.26 94.60
4 260.300 65.87 99.54
0 260.400 77.01 54.97
1 260.400 82.94 24.64
2 260.400 18.15 92.66
3 260.400 68.27 94.67
4 260.400 65.87 99.54
0 260.500 77.02 54.97
1 260.500 82.94 24.65
2 260.500 18.18 92.56
3 260.500 68.28 94.74
4 260.500 65.88 99.55
0 260.600 77.02 54.98
1 260.600 82.93 24.65
2 260.600 18.20 92.46
3 260.600 68.29 94.81
4 260.600 65.88 99.55
0 260.700 77.03 54.98
1 260.700 82.93 24.65
2 260.700 18.22 92.36
3 260.700 68.30 94.89
4 260.700 65.88 99.56
0 260.800 77.03 54.99
1 260.800 82.92 24.65
2 260.800 18.25 92.25
3 260.800 68.31 94.96
4 260.800 65.88 99.56
0 260.900 77.04 54.99
1 260.900 82.92 24.66
2 260.900 18.27 92.15
3 260.900 68.33 95.03
4 260.900 65.89 99.56
0 261.000 77.04 55.00
1 261.000 82.91 24.66
2 261.000 18.29 92.05
3 261.000 68.34 95.10
4 261.000 65.89 99.57
0 261.100 77.05 55.00
1 261.100 82.91 24.66
2 261.100 18.31 91.95
3 261.100 68.35 95.18
4 261.100 65.89 99.57
0 261.200 77.05 55.01
1 261.200 82.90 24.66
2 261.200 18.34 91.85
3 261.200 68.36 95.25
4 261.200 65.89 99.58
0 261.300 77.05 55.01
1 261.300 82.90 24.67
2 261.300 18.36 91.75
3 261.300 68.37 95.32
4 261.300 65.90 99.58
0 261.400 77.06 55.02
1 261.400 82.89 24.67
2 261.400 18.38 91.65
3 261.400 68.38 95.39
4 261.400 65.90 99.58
0 261.500 77.06 55.02
1 261.500 82.89 24.67
2 261.500 18.41 91.55
3 261.500 68.39 95.47
4 261.500 65.90 99.59
0 261.600 77.07 55.03
1 261.600 82.88 24.68
2 261.600 18.43 91.45
3 261.600 68.41 95.54
4 261.600 65.90 99.59
0 261.700 77.07 55.03
1 261.700 82.88 24.68
2 261.700 18.45 91.35
3 261.700 68.42 95.61
4 261.700 65.90 99.60
0 261.800 77.08 55.04
1 261.800 82.87 24.68
2 261.800 18.48 91.25
3 261.800 68.43 95.68
4 261.800 65.91 99.60
0 261.900 77.08 55.04
1 261.900 82.87 24.68
2 261.900 18.50 91.15
3 261.900 68.44 95.75
4 261.900 65.91 99.60
0 262.000 77.09 55.05
1 262.000 82.86 24.69
2 262.000 18.52 91.05
3 262.000 68.45 95.83
4 262.000 65.91 99.61
0 262.100 77.09 55.05
1 262.100 82.85 24.69
2 262.100 18.54 90.95
3 262.100 68.46 95.90
4 262.100 65.91 99.61
0 262.200 77.09 55.06
1 262.200 82.85 24.69
2 262.200 18.57 90.85
3 262.200 68.47 95.97
4 262.200 65.92 99.62
0 262.300 77.10 55.06
1 262.300 82.84 24.69
2 262.300 18.59 90.75
3 262.300 68.48 96.04
4 262.300 65.92 99.62
0 262.400 77.10 55.06
1 262.400 82.84 24.70
2 262.400 18.61 90.65
3 262.400 68.50 96.12
4 262.400 65.92 99.62
0 262.500 77.11 55.07
1 262.500 82.83 24.70
1 262.500 82.83 24.70
2 262.500 18.64 90.55
2 262.500 18.64 90.55
3 262.500 68.51 96.19
3 262.500 68.51 96.19
4 262.500 65.92 99.63
4 262.500 65.92 99.63
0 262.600 77.11 55.07
1 262.600 82.83 24.71
2 262.600 18.71 90.42
3 262.600 68.51 96.21
4 262.604 65.93 99.64
0 262.700 77.12 55.08
1 262.700 82.84 24.73
2 262.700 18.78 90.29
3 262.700 68.51 96.23
4 262.708 65.94 99.64
0 262.800 77.12 55.08
1 262.800 82.84 24.74
2 262.800 18.85 90.15
3 262.800 68.51 96.25
4 262.812 65.95 99.65
0 262.900 77.13 55.09
1 262.900 82.84 24.75
2 262.900 18.93 90.02
3 262.900 68.51 96.27
4 262.917 65.96 99.66
0 263.000 77.13 55.09
1 263.000 82.84 24.77
2 263.000 19.00 89.89
3 263.000 68.51 96.28
4 263.021 65.97 99.67
0 263.100 77.13 55.10
1 263.100 82.84 24.78
2 263.100 19.07 89.76
3 263.100 68.52 96.30
4 263.125 65.98 99.67
0 263.200 77.14 55.10
1 263.200 82.84 24.80
2 263.200 19.14 89.63
3 263.200 68.52 96.32
4 263.229 65.98 99.68
0 263.300 77.14 55.11
1 263.300 82.84 24.81
2 263.300 19.22 89.50
3 263.300 68.52 96.34
4 263.333 65.99 99.69
0 263.400 77.15 55.11
1 263.400 82.84 24.82
2 263.400 19.29 89.37
3 263.400 68.52 96.36
4 263.438 66.00 99.70
0 263.500 77.15 55.12
1 263.500 82.84 24.84
2 263.500 19.36 89.24
3 263.500 68.52 96.38
4 263.542 66.01 99.71
0 263.600 77.16 55.12
1 263.600 82.84 24.85
2 263.600 19.43 89.10
3 263.600 68.52 96.40
4 263.646 66.02 99.71
0 263.700 77.16 55.13
1 263.700 82.84 24.86
2 263.700 19.51 88.97
3 263.700 68.52 96.42
4 263.750 66.03 99.72
0 263.800 77.17 55.13
1 263.800 82.84 24.88
2 263.800 19.58 88.84
3 263.800 68.53 96.44
4 263.854 66.04 99.73
0 263.900 77.17 55.14
1 263.900 82.84 24.89
2 263.900 19.65 88.71
3 263.900 68.53 96.46
4 263.958 66.05 99.74
0 264.000 77.17 55.14
1 264.000 82.84 24.91
2 264.000 19.72 88.58
3 264.000 68.53 96.47
4 264.062 66.05 99.74
0 264.100 77.18 55.15
1 264.100 82.84 24.92
2 264.100 19.80 88.45
3 264.100 68.53 96.49
4 264.167 66.06 99.75
0 264.200 77.18 55.15
1 264.200 82.84 24.93
2 264.200 19.87 88.32
3 264.200 68.53 96.51
4 264.271 66.07 99.76
0 264.300 77.19 55.16
1 264.300 82.84 24.95
2 264.300 19.94 88.18
3 264.300 68.53 96.53
4 264.375 66.08 99.77
0 264.400 77.19 55.16
1 264.400 82.84 24.96
2 264.400 20.01 88.05
3 264.400 68.53 96.55
4 264.479 66.09 99.78
0 264.500 77.20 55.17
1 264.500 82.85 24.97
2 264.500 20.09 87.92
3 264.500 68.54 96.57
4 264.583 66.10 99.78
0 264.600 77.20 55.17
1 264.600 82.85 24.99
2 264.600 20.16 87.79
3 264.600 68.54 96.59
4 264.687 66.11 99.79
0 264.700 77.21 55.18
1 264.700 82.85 25.00
2 264.700 20.23 87.66
3 264.700 68.54 96.61
4 264.792 66.11 99.80
0 264.800 77.21 55.18
1 264.800 82.85 25.02
2 264.800 20.30 87.53
3 264.800 68.54 96.63
4 264.896 66.12 99.81
0 264.900 77.21 55.19
1 264.900 82.85 25.03
2 264.900 20.37 87.40
3 264.900 68.54 96.65
4 265.000 66.13 99.81
0 265.000 77.22 55.19
1 265.000 82.85 25.04
2 265.000 20.45 87.26
2 265.000 20.45 87.26
3 265.000 68.54 96.67
4 265.000 66.13 99.81
0 265.100 77.22 55.20
1 265.100 82.85 25.06
2 265.100 20.50 87.13
3 265.100 68.54 96.68
4 265.100 66.13 99.81
0 265.200 77.23 55.20
1 265.200 82.85 25.07
2 265.200 20.56 86.99
3 265.200 68.55 96.70
4 265.200 66.13 99.81
0 265.300 77.23 55.21
1 265.300 82.85 25.08
2 265.300 20.62 86.85
3 265.300 68.55 96.72
4 265.300 66.13 99.82
0 265.400 77.24 55.21
1 265.400 82.85 25.10
2 265.400 20.68 86.71
3 265.400 68.55 96.74
4 265.400 66.13 99.82
0 265.500 77.24 55.22
1 265.500 82.85 25.11
2 265.500 20.74 86.57
3 265.500 68.55 96.76
4 265.500 66.13 99.82
0 265.600 77.25 55.22
1 265.600 82.85 25.13
2 265.600 20.79 86.43
3 265.600 68.55 96.78
4 265.600 66.13 99.82
0 265.700 77.25 55.22
1 265.700 82.85 25.14
2 265.700 20.85 86.30
3 265.700 68.55 96.80
4 265.700 66.13 99.82
0 265.800 77.25 55.23
1 265.800 82.85 25.15
2 265.800 20.91 86.16
3 265.800 68.55 96.82
4 265.800 66.14 99.82
0 265.900 77.26 55.23
1 265.900 82.85 25.17
2 265.900 20.97 86.02
3 265.900 68.56 96.84
4 265.900 66.14 99.82
0 266.000 77.26 55.24
1 266.000 82.85 25.18
2 266.000 21.02 85.88
3 266.000 68.56 96.86
4 266.000 66.14 99.82
0 266.100 77.27 55.24
1 266.100 82.85 25.19
2 266.100 21.08 85.74
3 266.100 68.56 96.87
4 266.100 66.14 99.82
0 266.200 77.27 55.25
1 266.200 82.85 25.21
2 266.200 21.14 85.60
3 266.200 68.56 96.89
4 266.200 66.14 99.82
0 266.300 77.28 55.25
1 266.300 82.85 25.22
2 266.300 21.20 85.46
3 266.300 68.56 96.91
4 266.300 66.14 99.82
0 266.400 77.28 55.26
1 266.400 82.86 25.24
2 266.400 21.26 85.33
3 266.400 68.56 96.93
4 266.400 66.14 99.82
0 266.500 77.29 55.26
1 266.500 82.86 25.25
2 266.500 21.31 85.19
3 266.500 68.56 96.95
4 266.500 66.14 99.82
0 266.600 77.29 55.27
1 266.600 82.86 25.26
2 266.600 21.37 85.05
3 266.600 68.57 96.97
4 266.600 66.14 99.82
0 266.700 77.29 55.27
1 266.700 82.86 25.28
2 266.700 21.43 84.91
3 266.700 68.57 96.99
4 266.700 66.14 99.82
0 266.800 77.30 55.28
1 266.800 82.86 25.29
2 266.800 21.49 84.77
3 266.800 68.57 97.01
4 266.800 66.14 99.82
0 266.900 77.30 55.28
1 266.900 82.86 25.30
2 266.900 21.54 84.63
3 266.900 68.57 97.03
4 266.900 66.14 99.82
0 267.000 77.31 55.29
1 267.000 82.86 25.32
2 267.000 21.60 84.50
3 267.000 68.57 97.05
4 267.000 66.14 99.82
0 267.100 77.31 55.29
1 267.100 82.86 25.33
2 267.100 21.66 84.36
3 267.100 68.57 97.07
4 267.100 66.14 99.82
0 267.200 77.32 55.30
1 267.200 82.86 25.35
2 267.200 21.72 84.22
3 267.200 68.57 97.08
4 267.200 66.14 99.82
0 267.300 77.32 55.30
1 267.300 82.86 25.36
2 267.300 21.78 84.08
3 267.300 68.58 97.10
4 267.300 66.14 99.82
0 267.400 77.33 55.31
1 267.400 82.86 25.37
2 267.400 21.83 83.94
3 267.400 68.58 97.12
4 267.400 66.14 99.82
0 267.500 77.33 55.31
0 267.500 77.33 55.31
1 267.500 82.86 25.39
2 267.500 21.89 83.80
2 267.500 21.89 83.80
3 267.500 68.58 97.14
4 267.500 66.14 99.83
0 267.600 77.33 55.33
1 267.600 82.86 25.40
2 267.600 21.88 83.65
3 267.600 68.58 97.16
4 267.600 66.14 99.83
0 267.700 77.33 55.35
1 267.700 82.86 25.41
2 267.700 21.87 83.50
3 267.700 68.58 97.18
4 267.700 66.14 99.83
0 267.800 77.33 55.37
1 267.800 82.86 25.43
2 267.800 21.85 83.36
3 267.800 68.58 97.20
4 267.800 66.14 99.83
0 267.900 77.34 55.39
1 267.900 82.86 25.44
2 267.900 21.84 83.21
3 267.900 68.58 97.22
4 267.900 66.14 99.83
0 268.000 77.34 55.41
1 268.000 82.86 25.46
2 268.000 21.83 83.06
3 268.000 68.59 97.24
4 268.000 66.14 99.83
0 268.100 77.34 55.43
1 268.100 82.86 25.47
2 268.100 21.81 82.91
3 268.100 68.59 97.26
4 268.100 66.14 99.83
0 268.200 77.34 55.45
1 268.200 82.87 25.48
2 268.200 21.80 82.76
3 268.200 68.59 97.27
4 268.200 66.14 99.83
0 268.300 77.34 55.47
1 268.300 82.87 25.50
2 268.300 21.79 82.61
3 268.300 68.59 97.29
4 268.300 66.14 99.83
0 268.400 77.34 55.49
1 268.400 82.87 25.51
2 268.400 21.78 82.46
3 268.400 68.59 97.31
4 268.400 66.14 99.83
0 268.500 77.34 55.51
1 268.500 82.87 25.52
2 268.500 21.76 82.31
3 268.500 68.59 97.33
4 268.500 66.14 99.83
0 268.600 77.34 55.53
1 268.600 82.87 25.54
2 268.600 21.75 82.16
3 268.600 68.59 97.35
4 268.600 66.15 99.83
0 268.700 77.34 55.55
1 268.700 82.87 25.55
2 268.700 21.74 82.01
3 268.700 68.60 97.37
4 268.700 66.15 99.83
0 268.800 77.35 55.57
1 268.800 82.87 25.57
2 268.800 21.73 81.86
3 268.800 68.60 97.39
4 268.800 66.15 99.83
0 268.900 77.35 55.59
1 268.900 82.87 25.58
2 268.900 21.71 81.71
3 268.900 68.60 97.41
4 268.900 66.15 99.83
0 269.000 77.35 55.61
1 269.000 82.87 25.59
2 269.000 21.70 81.56
3 269.000 68.60 97.43
4 269.000 66.15 99.83
0 269.100 77.35 55.63
1 269.100 82.87 25.61
2 269.100 21.69 81.41
3 269.100 68.60 97.45
4 269.100 66.15 99.83
0 269.200 77.35 55.65
1 269.200 82.87 25.62
2 269.200 21.67 81.26
3 269.200 68.60 97.47
4 269.200 66.15 99.83
0 269.300 77.35 55.67
1 269.300 82.87 25.63
2 269.300 21.66 81.11
3 269.300 68.60 97.48
4 269.300 66.15 99.83
0 269.400 77.35 55.69
1 269.400 82.87 25.65
2 269.400 21.65 80.96
3 269.400 68.61 97.50
4 269.400 66.15 99.83
0 269.500 77.35 55.71
1 269.500 82.87 25.66
2 269.500 21.64 80.81
3 269.500 68.61 97.52
4 269.500 66.15 99.83
0 269.600 77.35 55.73
1 269.600 82.87 25.68
2 269.600 21.62 80.66
3 269.600 68.61 97.54
4 269.600 66.15 99.83
0 269.700 77.36 55.75
1 269.700 82.87 25.69
2 269.700 21.61 80.52
3 269.700 68.61 97.56
4 269.700 66.15 99.84
0 269.800 77.36 55.77
1 269.800 82.87 25.70
2 269.800 21.60 80.37
3 269.800 68.61 97.58
4 269.800 66.15 99.84
0 269.900 77.36 55.79
1 269.900 82.87 25.72
2 269.900 21.59 80.22
3 269.900 68.61 97.60
4 269.900 66.15 99.84
0 270.000 77.36 55.81
0 270.000 77.36 55.81
1 270.000 82.87 25.73
1 270.000 82.87 25.73
2 270.000 21.57 80.07
2 270.000 21.57 80.07
3 270.000 68.61 97.62
3 270.000 68.61 97.62
4 270.000 66.15 99.84
4 270.000 66.15 99.84
0 270.100 77.36 55.86
1 270.100 82.86 25.79
2 270.100 21.64 79.95
3 270.100 68.61 97.70
4 270.100 66.16 99.85
0 270.200 77.37 55.91
1 270.200 82.85 25.86
2 270.200 21.71 79.83
3 270.200 68.61 97.78
4 270.200 66.17 99.86
0 270.300 77.37 55.95
1 270.300 82.84 25.92
2 270.300 21.78 79.71
3 270.300 68.61 97.86
4 270.300 66.18 99.87
0 270.400 77.37 56.00
1 270.400 82.83 25.98
2 270.400 21.85 79.59
3 270.400 68.61 97.94
4 270.400 66.19 99.88
0 270.500 77.38 56.05
1 270.500 82.82 26.04
2 270.500 21.92 79.47
3 270.500 68.61 98.01
4 270.500 66.21 99.89
0 270.600 77.38 56.10
1 270.600 82.81 26.11
2 270.600 21.99 79.35
3 270.600 68.61 98.09
4 270.600 66.22 99.90
0 270.700 77.38 56.14
1 270.700 82.80 26.17
2 270.700 22.07 79.23
3 270.700 68.61 98.17
4 270.700 66.23 99.91
0 270.800 77.39 56.19
1 270.800 82.79 26.23
2 270.800 22.14 79.11
3 270.800 68.61 98.25
4 270.800 66.24 99.92
0 270.900 77.39 56.24
1 270.900 82.78 26.29
2 270.900 22.21 78.99
3 270.900 68.61 98.33
4 270.900 66.25 99.93
0 271.000 77.39 56.29
1 271.000 82.77 26.36
2 271.000 22.28 78.87
3 271.000 68.61 98.41
4 271.000 66.26 99.94
0 271.100 77.40 56.33
1 271.100 82.76 26.42
2 271.100 22.35 78.75
3 271.100 68.61 98.49
4 271.100 66.27 99.95
0 271.200 77.40 56.38
1 271.200 82.75 26.48
2 271.200 22.42 78.63
3 271.200 68.61 98.57
4 271.200 66.28 99.96
0 271.300 77.40 56.43
1 271.300 82.74 26.55
2 271.300 22.49 78.51
3 271.300 68.61 98.65
4 271.300 66.30 99.97
0 271.400 77.41 56.48
1 271.400 82.73 26.61
2 271.400 22.56 78.39
3 271.400 68.61 98.73
4 271.400 66.31 99.98
0 271.500 77.41 56.52
1 271.500 82.72 26.67
2 271.500 22.63 78.27
3 271.500 68.61 98.81
4 271.500 66.32 99.99
0 271.600 77.41 56.57
1 271.600 82.70 26.73
2 271.600 22.70 78.15
3 271.600 68.61 98.89
4 271.600 66.33 100.00
0 271.700 77.42 56.62
1 271.700 82.69 26.80
2 271.700 22.77 78.03
3 271.700 68.61 98.97
4 271.700 66.34 100.01
0 271.800 77.42 56.67
1 271.800 82.68 26.86
2 271.800 22.84 77.91
3 271.800 68.61 99.05
4 271.800 66.35 100.02
0 271.900 77.42 56.71
1 271.900 82.67 26.92
2 271.900 22.91 77.79
3 271.900 68.61 99.13
4 271.900 66.36 100.03
0 272.000 77.43 56.76
1 272.000 82.66 26.98
2 272.000 22.98 77.67
3 272.000 68.61 99.20
4 272.000 66.37 100.04
0 272.100 77.43 56.81
1 272.100 82.65 27.05
2 272.100 23.05 77.55
3 272.100 68.61 99.28
4 272.100 66.38 100.05
0 272.200 77.43 56.86
1 272.200 82.64 27.11
2 272.200 23.12 77.43
3 272.200 68.61 99.36
4 272.200 66.40 100.06
0 272.300 77.44 56.90
1 272.300 82.63 27.17
2 272.300 23.19 77.31
3 272.300 68.61 99.44
4 272.300 66.41 100.07
0 272.400 77.44 56.95
1 272.400 82.62 27.24
2 272.400 23.26 77.19
3 272.400 68.61 99.52
4 272.400 66.42 100.08
0 272.500 77.44 57.00
0 272.500 77.44 57.00
1 272.500 82.61 27.30
1 272.500 82.61 27.30
2 272.500 23.33 77.07
2 272.500 23.33 77.07
3 272.500 68.61 99.60
3 272.500 68.61 99.60
4 272.500 66.43 100.09
0 272.600 77.45 57.01
1 272.600 82.56 27.40
2 272.600 23.35 76.95
4 272.600 66.44 100.10
3 272.604 68.60 99.67
0 272.700 77.46 57.03
1 272.700 82.52 27.51
2 272.700 23.37 76.83
4 272.700 66.45 100.11
3 272.708 68.58 99.73
0 272.800 77.47 57.04
1 272.800 82.47 27.61
2 272.800 23.39 76.71
4 272.800 66.46 100.12
3 272.812 68.56 99.80
0 272.900 77.47 57.06
1 272.900 82.43 27.72
2 272.900 23.41 76.60
4 272.900 66.47 100.13
3 272.917 68.55 99.86
0 273.000 77.48 57.07
1 273.000 82.38 27.83
2 273.000 23.43 76.48
4 273.000 66.48 100.14
3 273.021 68.53 99.93
0 273.100 77.49 57.09
1 273.100 82.34 27.93
2 273.100 23.45 76.36
4 273.100 66.50 100.15
3 273.125 68.51 100.00
0 273.200 77.49 57.10
1 273.200 82.29 28.04
2 273.200 23.47 76.25
4 273.200 66.51 100.16
3 273.229 68.49 100.06
0 273.300 77.50 57.12
1 273.300 82.25 28.14
2 273.300 23.49 76.13
4 273.300 66.52 100.17
3 273.333 68.48 100.13
0 273.400 77.51 57.13
1 273.400 82.20 28.25
2 273.400 23.51 76.01
4 273.400 66.53 100.18
3 273.438 68.46 100.19
0 273.500 77.51 57.15
1 273.500 82.16 28.35
2 273.500 23.53 75.90
4 273.500 66.54 100.19
3 273.542 68.44 100.26
0 273.600 77.52 57.16
1 273.600 82.11 28.46
2 273.600 23.55 75.78
4 273.600 66.55 100.20
3 273.646 68.43 100.32
0 273.700 77.53 57.18
1 273.700 82.07 28.56
2 273.700 23.57 75.66
4 273.700 66.56 100.21
3 273.750 68.41 100.39
0 273.800 77.54 57.19
1 273.800 82.02 28.67
2 273.800 23.59 75.55
4 273.800 66.57 100.22
3 273.854 68.39 100.45
0 273.900 77.54 57.21
1 273.900 81.98 28.77
2 273.900 23.61 75.43
4 273.900 66.59 100.23
3 273.958 68.37 100.52
0 274.000 77.55 57.22
1 274.000 81.93 28.88
2 274.000 23.63 75.31
4 274.000 66.60 100.24
3 274.062 68.36 100.59
0 274.100 77.56 57.24
1 274.100 81.89 28.99
2 274.100 23.65 75.20
4 274.100 66.61 100.25
3 274.167 68.34 100.65
0 274.200 77.56 57.25
1 274.200 81.84 29.09
2 274.200 23.67 75.08
4 274.200 66.62 100.26
3 274.271 68.32 100.72
0 274.300 77.57 57.27
1 274.300 81.80 29.20
2 274.300 23.69 74.96
4 274.300 66.63 100.27
3 274.375 68.30 100.78
0 274.400 77.58 57.28
1 274.400 81.75 29.30
2 274.400 23.71 74.85
4 274.400 66.64 100.28
3 274.479 68.29 100.85
0 274.500 77.59 57.30
1 274.500 81.71 29.41
2 274.500 23.73 74.73
4 274.500 66.65 100.29
3 274.583 68.27 100.91
0 274.600 77.59 57.31
1 274.600 81.66 29.51
2 274.600 23.75 74.61
4 274.600 66.66 100.30
3 274.688 68.25 100.98
0 274.700 77.60 57.33
1 274.700 81.62 29.62
2 274.700 23.77 74.50
4 274.700 66.67 100.31
3 274.792 68.24 101.05
0 274.800 77.61 57.34
1 274.800 81.57 29.72
2 274.800 23.79 74.38
4 274.800 66.69 100.32
3 274.896 68.22 101.11
0 274.900 77.61 57.35
1 274.900 81.53 29.83
2 274.900 23.81 74.26
4 274.900 66.70 100.33
0 275.000 77.62 57.37
0 275.000 77.62 57.37
1 275.000 81.48 29.93
1 275.000 81.48 29.93
2 275.000 23.83 74.15
2 275.000 23.83 74.15
3 275.000 68.20 101.18
3 275.000 68.20 101.18
4 275.000 66.71 100.34
0 275.100 77.65 57.46
1 275.100 81.45 30.08
3 275.100 68.20 101.32
4 275.100 66.72 100.35
2 275.104 23.80 74.02
0 275.200 77.68 57.56
1 275.200 81.42 30.23
3 275.200 68.20 101.47
4 275.200 66.73 100.36
2 275.208 23.78 73.89
0 275.300 77.70 57.65
1 275.300 81.40 30.38
3 275.300 68.20 101.62
4 275.300 66.74 100.37
2 275.312 23.75 73.76
0 275.400 77.73 57.74
1 275.400 81.37 30.52
3 275.400 68.20 101.76
4 275.400 66.75 100.38
2 275.417 23.73 73.63
0 275.500 77.76 57.83
1 275.500 81.34 30.67
3 275.500 68.20 101.91
4 275.500 66.76 100.39
2 275.521 23.70 73.51
0 275.600 77.79 57.93
1 275.600 81.31 30.82
3 275.600 68.21 102.05
4 275.600 66.78 100.40
2 275.625 23.68 73.38
0 275.700 77.82 58.02
1 275.700 81.28 30.96
3 275.700 68.21 102.20
4 275.700 66.79 100.41
2 275.729 23.65 73.25
0 275.800 77.84 58.11
1 275.800 81.25 31.11
3 275.800 68.21 102.35
4 275.800 66.80 100.42
2 275.833 23.62 73.12
0 275.900 77.87 58.20
1 275.900 81.22 31.26
3 275.900 68.21 102.49
4 275.900 66.81 100.43
2 275.938 23.60 72.99
0 276.000 77.90 58.30
1 276.000 81.19 31.40
3 276.000 68.21 102.64
4 276.000 66.82 100.44
2 276.042 23.57 72.87
0 276.100 77.93 58.39
1 276.100 81.16 31.55
3 276.100 68.21 102.78
4 276.100 66.83 100.45
2 276.146 23.55 72.74
0 276.200 77.96 58.48
1 276.200 81.13 31.70
3 276.200 68.21 102.93
4 276.200 66.84 100.46
2 276.250 23.52 72.61
0 276.300 77.98 58.58
1 276.300 81.10 31.85
3 276.300 68.21 103.08
4 276.300 66.85 100.47
2 276.354 23.50 72.48
0 276.400 78.01 58.67
1 276.400 81.07 31.99
3 276.400 68.21 103.22
4 276.400 66.86 100.48
2 276.458 23.47 72.35
0 276.500 78.04 58.76
1 276.500 81.04 32.14
3 276.500 68.21 103.37
4 276.500 66.88 100.49
2 276.562 23.45 72.23
0 276.600 78.07 58.85
1 276.600 81.01 32.29
3 276.600 68.21 103.51
4 276.600 66.89 100.50
2 276.667 23.42 72.10
0 276.700 78.10 58.95
1 276.700 80.98 32.43
3 276.700 68.21 103.66
4 276.700 66.90 100.51
2 276.771 23.40 71.97
0 276.800 78.12 59.04
1 276.800 80.95 32.58
3 276.800 68.21 103.81
4 276.800 66.91 100.52
2 276.875 23.37 71.84
0 276.900 78.15 59.13
1 276.900 80.92 32.73
3 276.900 68.21 103.95
4 276.900 66.92 100.53
2 276.979 23.35 71.71
0 277.000 78.18 59.23
1 277.000 80.89 32.87
3 277.000 68.21 104.10
4 277.000 66.93 100.54
2 277.083 23.32 71.58
0 277.100 78.21 59.32
1 277.100 80.86 33.02
3 277.100 68.22 104.25
4 277.100 66.94 100.55
2 277.188 23.30 71.46
0 277.200 78.24 59.41
1 277.200 80.83 33.17
3 277.200 68.22 104.39
4 277.200 66.95 100.56
2 277.292 23.27 71.33
0 277.300 78.26 59.50
1 277.300 80.80 33.32
3 277.300 68.22 104.54
4 277.300 66.96 100.57
2 277.396 23.25 71.20
0 277.400 78.29 59.60
1 277.400 80.77 33.46
3 277.400 68.22 104.68
4 277.400 66.98 100.58
0 277.500 78.32 59.69
0 277.500 78.32 59.69
1 277.500 80.74 33.61
1 277.500 80.74 33.61
2 277.500 23.22 71.07
2 277.500 23.22 71.07
3 277.500 68.22 104.83
3 277.500 68.22 104.83
4 277.500 66.99 100.59
4 277.500 66.99 100.59
0 277.600 78.37 59.83
2 277.600 23.20 70.92
4 277.600 67.00 100.68
1 277.604 80.74 33.76
3 277.604 68.11 104.94
0 277.700 78.43 59.97
2 277.700 23.18 70.78
4 277.700 67.02 100.76
1 277.708 80.74 33.91
3 277.708 68.00 105.06
0 277.800 78.48 60.11
2 277.800 23.16 70.63
4 277.800 67.04 100.84
1 277.812 80.74 34.06
3 277.812 67.89 105.17
0 277.900 78.53 60.25
2 277.900 23.14 70.48
4 277.900 67.06 100.92
1 277.917 80.74 34.21
3 277.917 67.79 105.28
0 278.000 78.59 60.39
2 278.000 23.12 70.33
4 278.000 67.07 101.01
1 278.021 80.74 34.36
3 278.021 67.68 105.40
0 278.100 78.64 60.53
2 278.100 23.10 70.18
4 278.100 67.09 101.09
1 278.125 80.74 34.51
3 278.125 67.57 105.51
0 278.200 78.69 60.67
2 278.200 23.08 70.03
4 278.200 67.11 101.17
1 278.229 80.74 34.66
3 278.229 67.46 105.62
0 278.300 78.74 60.81
2 278.300 23.06 69.88
4 278.300 67.12 101.26
1 278.333 80.74 34.81
3 278.333 67.36 105.73
0 278.400 78.80 60.95
2 278.400 23.04 69.74
4 278.400 67.14 101.34
1 278.438 80.74 34.96
3 278.438 67.25 105.85
0 278.500 78.85 61.09
2 278.500 23.02 69.59
4 278.500 67.16 101.42
1 278.542 80.73 35.11
3 278.542 67.14 105.96
0 278.600 78.90 61.23
2 278.600 23.00 69.44
4 278.600 67.18 101.51
1 278.646 80.73 35.26
3 278.646 67.03 106.07
0 278.700 78.96 61.37
2 278.700 22.98 69.29
4 278.700 67.19 101.59
1 278.750 80.73 35.41
3 278.750 66.92 106.19
0 278.800 79.01 61.51
2 278.800 22.95 69.14
4 278.800 67.21 101.67
1 278.854 80.73 35.56
3 278.854 66.82 106.30
0 278.900 79.06 61.65
2 278.900 22.93 68.99
4 278.900 67.23 101.76
1 278.958 80.73 35.71
3 278.958 66.71 106.41
0 279.000 79.11 61.79
2 279.000 22.91 68.84
4 279.000 67.24 101.84
1 279.062 80.73 35.86
3 279.062 66.60 106.53
0 279.100 79.17 61.94
2 279.100 22.89 68.69
4 279.100 67.26 101.92
1 279.167 80.73 36.01
3 279.167 66.49 106.64
0 279.200 79.22 62.08
2 279.200 22.87 68.55
4 279.200 67.28 102.01
1 279.271 80.73 36.16
3 279.271 66.38 106.75
0 279.300 79.27 62.22
2 279.300 22.85 68.40
4 279.300 67.30 102.09
1 279.375 80.73 36.31
3 279.375 66.28 106.87
0 279.400 79.33 62.36
2 279.400 22.83 68.25
4 279.400 67.31 102.17
1 279.479 80.73 36.46
3 279.479 66.17 106.98
0 279.500 79.38 62.50
2 279.500 22.81 68.10
4 279.500 67.33 102.26
1 279.583 80.73 36.61
3 279.583 66.06 107.09
0 279.600 79.43 62.64
2 279.600 22.79 67.95
4 279.600 67.35 102.34
1 279.688 80.73 36.76
3 279.688 65.95 107.20
0 279.700 79.48 62.78
2 279.700 22.77 67.80
4 279.700 67.36 102.42
1 279.792 80.73 36.91
3 279.792 65.85 107.32
0 279.800 79.54 62.92
2 279.800 22.75 67.65
4 279.800 67.38 102.51
1 279.896 80.73 37.06
3 279.896 65.74 107.43
0 279.900 79.59 63.06
2 279.900 22.73 67.51
4 279.900 67.40 102.59
0 280.000 79.64 63.20
0 280.000 79.64 63.20
1 280.000 80.73 37.21
1 280.000 80.73 37.21
2 280.000 22.71 67.36
2 280.000 22.71 67.36
3 280.000 65.63 107.54
3 280.000 65.63 107.54
4 280.000 67.42 102.67
4 280.000 67.42 102.67
0 280.100 79.65 63.35
1 280.100 80.71 37.24
2 280.100 22.61 67.24
3 280.100 65.59 107.65
4 280.104 67.45 102.70
0 280.200 79.66 63.50
1 280.200 80.70 37.27
2 280.200 22.51 67.13
3 280.200 65.54 107.75
4 280.208 67.48 102.74
0 280.300 79.67 63.65
1 280.300 80.69 37.30
2 280.300 22.41 67.02
3 280.300 65.50 107.85
4 280.312 67.51 102.77
0 280.400 79.67 63.80
1 280.400 80.68 37.33
2 280.400 22.31 66.91
3 280.400 65.46 107.95
4 280.417 67.55 102.80
0 280.500 79.68 63.95
1 280.500 80.66 37.36
2 280.500 22.22 66.79
3 280.500 65.42 108.06
4 280.521 67.58 102.83
0 280.600 79.69 64.10
1 280.600 80.65 37.39
2 280.600 22.12 66.68
3 280.600 65.37 108.16
4 280.625 67.61 102.86
0 280.700 79.70 64.25
1 280.700 80.64 37.42
2 280.700 22.02 66.57
3 280.700 65.33 108.26
4 280.729 67.65 102.89
0 280.800 79.70 64.40
1 280.800 80.62 37.45
2 280.800 21.92 66.45
3 280.800 65.29 108.37
4 280.833 67.68 102.93
0 280.900 79.71 64.55
1 280.900 80.61 37.48
2 280.900 21.82 66.34
3 280.900 65.24 108.47
4 280.938 67.71 102.96
0 281.000 79.72 64.70
1 281.000 80.60 37.51
2 281.000 21.72 66.23
3 281.000 65.20 108.57
4 281.042 67.74 102.99
0 281.100 79.73 64.85
1 281.100 80.59 37.54
2 281.100 21.62 66.11
3 281.100 65.16 108.67
4 281.146 67.78 103.02
0 281.200 79.73 65.00
1 281.200 80.57 37.57
2 281.200 21.53 66.00
3 281.200 65.12 108.78
4 281.250 67.81 103.05
0 281.300 79.74 65.15
1 281.300 80.56 37.60
2 281.300 21.43 65.89
3 281.300 65.07 108.88
4 281.354 67.84 103.09
0 281.400 79.75 65.30
1 281.400 80.55 37.63
2 281.400 21.33 65.77
3 281.400 65.03 108.98
4 281.458 67.88 103.12
0 281.500 79.76 65.45
1 281.500 80.53 37.66
2 281.500 21.23 65.66
3 281.500 64.99 109.09
4 281.562 67.91 103.15
0 281.600 79.76 65.60
1 281.600 80.52 37.69
2 281.600 21.13 65.55
3 281.600 64.95 109.19
4 281.667 67.94 103.18
0 281.700 79.77 65.75
1 281.700 80.51 37.72
2 281.700 21.03 65.43
3 281.700 64.90 109.29
4 281.771 67.98 103.21
0 281.800 79.78 65.90
1 281.800 80.50 37.75
2 281.800 20.94 65.32
3 281.800 64.86 109.39
4 281.875 68.01 103.24
0 281.900 79.79 66.04
2 281.900 20.84 65.21
3 281.900 64.82 109.50
1 281.900 80.48 37.78
4 281.979 68.04 103.28
0 282.000 79.79 66.19
1 282.000 80.47 37.81
2 282.000 20.74 65.10
3 282.000 64.77 109.60
4 282.083 68.07 103.31
0 282.100 79.80 66.34
1 282.100 80.46 37.84
2 282.100 20.64 64.98
3 282.100 64.73 109.70
4 282.188 68.11 103.34
0 282.200 79.81 66.49
1 282.200 80.44 37.87
2 282.200 20.54 64.87
3 282.200 64.69 109.80
4 282.292 68.14 103.37
0 282.300 79.82 66.64
1 282.300 80.43 37.90
2 282.300 20.44 64.76
3 282.300 64.65 109.91
4 282.396 68.17 103.40
0 282.400 79.82 66.79
2 282.400 20.34 64.64
3 282.400 64.60 110.01
1 282.400 80.42 37.93
0 282.500 79.83 66.94
0 282.500 79.83 66.94
1 282.500 80.41 37.96
1 282.500 80.41 37.96
2 282.500 20.25 64.53
2 282.500 20.25 64.53
3 282.500 64.56 110.11
3 282.500 64.56 110.11
4 282.500 68.21 103.44
4 282.500 68.21 103.44
1 282.600 80.46 38.07
2 282.600 20.20 64.39
4 282.600 68.24 103.46
0 282.604 79.82 67.09
3 282.604 64.45 110.14
1 282.700 80.52 38.19
2 282.700 20.15 64.25
4 282.700 68.28 103.48
0 282.708 79.81 67.24
3 282.708 64.35 110.16
1 282.800 80.57 38.30
2 282.800 20.10 64.10
4 282.800 68.32 103.50
0 282.812 79.81 67.39
3 282.812 64.24 110.19
1 282.900 80.63 38.41
2 282.900 20.05 63.96
4 282.900 68.36 103.52
0 282.917 79.80 67.54
3 282.917 64.14 110.21
1 283.000 80.68 38.52
2 283.000 20.01 63.82
4 283.000 68.40 103.55
0 283.021 79.79 67.69
3 283.021 64.03 110.23
1 283.100 80.74 38.63
2 283.100 19.96 63.68
4 283.100 68.44 103.57
0 283.125 79.78 67.84
3 283.125 63.93 110.26
1 283.200 80.80 38.74
2 283.200 19.91 63.54
4 283.200 68.48 103.59
0 283.229 79.77 67.98
3 283.229 63.82 110.28
1 283.300 80.85 38.85
2 283.300 19.86 63.39
4 283.300 68.52 103.61
0 283.333 79.77 68.13
3 283.333 63.72 110.31
1 283.400 80.91 38.96
2 283.400 19.81 63.25
4 283.400 68.56 103.63
0 283.438 79.76 68.28
3 283.438 63.61 110.33
1 283.500 80.96 39.07
2 283.500 19.77 63.11
4 283.500 68.60 103.66
0 283.542 79.75 68.43
3 283.542 63.51 110.36
1 283.600 81.02 39.19
2 283.600 19.72 62.97
4 283.600 68.64 103.68
0 283.646 79.74 68.58
3 283.646 63.40 110.38
1 283.700 81.07 39.30
2 283.700 19.67 62.82
4 283.700 68.68 103.70
0 283.750 79.73 68.73
3 283.750 63.30 110.40
1 283.800 81.13 39.41
2 283.800 19.62 62.68
4 283.800 68.72 103.72
0 283.854 79.72 68.88
3 283.854 63.19 110.43
1 283.900 81.19 39.52
2 283.900 19.57 62.54
4 283.900 68.76 103.75
0 283.958 79.72 69.02
3 283.958 63.09 110.45
1 284.000 81.24 39.63
2 284.000 19.52 62.40
4 284.000 68.79 103.77
0 284.062 79.71 69.17
3 284.062 62.98 110.48
1 284.100 81.30 39.74
2 284.100 19.48 62.26
4 284.100 68.83 103.79
0 284.167 79.70 69.32
3 284.167 62.88 110.50
1 284.200 81.35 39.85
2 284.200 19.43 62.11
4 284.200 68.87 103.81
0 284.271 79.69 69.47
3 284.271 62.77 110.53
1 284.300 81.41 39.96
2 284.300 19.38 61.97
4 284.300 68.91 103.83
0 284.375 79.68 69.62
3 284.375 62.67 110.55
1 284.400 81.46 40.07
2 284.400 19.33 61.83
4 284.400 68.95 103.86
0 284.479 79.68 69.77
3 284.479 62.56 110.57
1 284.500 81.52 40.18
2 284.500 19.28 61.69
4 284.500 68.99 103.88
0 284.583 79.67 69.92
3 284.583 62.46 110.60
1 284.600 81.58 40.30
2 284.600 19.24 61.55
4 284.600 69.03 103.90
0 284.688 79.66 70.06
3 284.688 62.35 110.62
1 284.700 81.63 40.41
2 284.700 19.19 61.40
4 284.700 69.07 103.92
0 284.792 79.65 70.21
3 284.792 62.25 110.65
1 284.800 81.69 40.52
2 284.800 19.14 61.26
4 284.800 69.11 103.95
0 284.896 79.64 70.36
3 284.896 62.14 110.67
1 284.900 81.74 40.63
2 284.900 19.09 61.12
4 284.900 69.15 103.97
0 285.000 79.63 70.51
0 285.000 79.63 70.51
1 285.000 81.80 40.74
1 285.000 81.80 40.74
2 285.000 19.04 60.98
2 285.000 19.04 60.98
3 285.000 62.04 110.69
3 285.000 62.04 110.69
4 285.000 69.19 103.99
4 285.000 69.19 103.99
0 285.100 79.61 70.60
2 285.100 19.03 60.84
3 285.100 61.95 110.72
4 285.100 69.29 104.01
1 285.104 81.86 40.82
0 285.200 79.58 70.70
2 285.200 19.01 60.70
3 285.200 61.87 110.74
4 285.200 69.39 104.03
1 285.208 81.93 40.90
0 285.300 79.55 70.79
2 285.300 19.00 60.57
3 285.300 61.78 110.76
4 285.300 69.49 104.04
1 285.312 81.99 40.98
0 285.400 79.52 70.89
2 285.400 18.98 60.43
3 285.400 61.70 110.78
4 285.400 69.59 104.06
1 285.417 82.06 41.06
0 285.500 79.49 70.98
2 285.500 18.97 60.29
3 285.500 61.61 110.80
4 285.500 69.69 104.08
1 285.521 82.12 41.14
0 285.600 79.46 71.07
2 285.600 18.95 60.16
3 285.600 61.53 110.82
4 285.600 69.79 104.10
1 285.625 82.18 41.22
0 285.700 79.43 71.17
2 285.700 18.93 60.02
3 285.700 61.44 110.84
4 285.700 69.89 104.12
1 285.729 82.25 41.30
0 285.800 79.41 71.26
2 285.800 18.92 59.88
3 285.800 61.36 110.86
4 285.800 69.99 104.14
1 285.833 82.31 41.38
0 285.900 79.38 71.36
2 285.900 18.90 59.75
3 285.900 61.27 110.88
4 285.900 70.09 104.15
1 285.938 82.38 41.46
0 286.000 79.35 71.45
2 286.000 18.89 59.61
3 286.000 61.19 110.91
4 286.000 70.20 104.17
1 286.042 82.44 41.54
0 286.100 79.32 71.54
2 286.100 18.87 59.47
3 286.100 61.10 110.93
4 286.100 70.30 104.19
1 286.146 82.51 41.62
0 286.200 79.29 71.64
2 286.200 18.86 59.34
3 286.200 61.02 110.95
4 286.200 70.40 104.21
1 286.250 82.57 41.70
0 286.300 79.26 71.73
2 286.300 18.84 59.20
3 286.300 60.93 110.97
4 286.300 70.50 104.23
1 286.354 82.63 41.78
0 286.400 79.23 71.83
2 286.400 18.82 59.06
3 286.400 60.85 110.99
4 286.400 70.60 104.25
1 286.458 82.70 41.86
0 286.500 79.21 71.92
2 286.500 18.81 58.92
3 286.500 60.76 111.01
4 286.500 70.70 104.27
1 286.562 82.76 41.94
0 286.600 79.18 72.01
2 286.600 18.79 58.79
3 286.600 60.68 111.03
4 286.600 70.80 104.28
1 286.667 82.83 42.02
0 286.700 79.15 72.11
2 286.700 18.78 58.65
3 286.700 60.59 111.05
4 286.700 70.90 104.30
1 286.771 82.89 42.10
0 286.800 79.12 72.20
2 286.800 18.76 58.51
3 286.800 60.51 111.07
4 286.800 71.00 104.32
1 286.875 82.95 42.18
0 286.900 79.09 72.30
2 286.900 18.75 58.38
3 286.900 60.42 111.10
4 286.900 71.10 104.34
1 286.979 83.02 42.26
0 287.000 79.06 72.39
2 287.000 18.73 58.24
3 287.000 60.34 111.12
4 287.000 71.20 104.36
1 287.083 83.08 42.34
0 287.100 79.03 72.48
2 287.100 18.71 58.10
3 287.100 60.25 111.14
4 287.100 71.30 104.38
1 287.188 83.15 42.42
0 287.200 79.01 72.58
2 287.200 18.70 57.97
3 287.200 60.17 111.16
4 287.200 71.41 104.39
1 287.292 83.21 42.50
0 287.300 78.98 72.67
2 287.300 18.68 57.83
3 287.300 60.08 111.18
4 287.300 71.51 104.41
1 287.396 83.28 42.58
0 287.400 78.95 72.77
2 287.400 18.67 57.69
3 287.400 60.00 111.20
4 287.400 71.61 104.43
0 287.500 78.92 72.86
0 287.500 78.92 72.86
1 287.500 83.34 42.66
1 287.500 83.34 42.66
2 287.500 18.65 57.56
2 287.500 18.65 57.56
3 287.500 59.91 111.22
3 287.500 59.91 111.22
4 287.500 71.71 104.45
4 287.500 71.71 104.45
0 287.600 78.91 72.94
1 287.600 83.35 42.70
2 287.600 18.67 57.41
3 287.600 59.77 111.19
4 287.600 71.79 104.40
0 287.700 78.90 73.03
1 287.700 83.37 42.74
2 287.700 18.69 57.26
3 287.700 59.63 111.15
4 287.700 71.87 104.34
0 287.800 78.89 73.11
1 287.800 83.38 42.78
2 287.800 18.72 57.11
3 287.800 59.49 111.12
4 287.800 71.95 104.29
0 287.900 78.88 73.19
1 287.900 83.40 42.82
2 287.900 18.74 56.96
3 287.900 59.35 111.09
4 287.900 72.03 104.23
0 288.000 78.88 73.28
1 288.000 83.41 42.85
2 288.000 18.76 56.81
3 288.000 59.21 111.05
4 288.000 72.11 104.18
0 288.100 78.87 73.36
1 288.100 83.43 42.89
2 288.100 18.78 56.67
3 288.100 59.07 111.02
4 288.100 72.19 104.13
0 288.200 78.86 73.44
1 288.200 83.44 42.93
2 288.200 18.80 56.52
3 288.200 58.93 110.99
4 288.200 72.27 104.07
0 288.300 78.85 73.53
1 288.300 83.46 42.97
2 288.300 18.82 56.37
3 288.300 58.79 110.95
4 288.300 72.35 104.02
0 288.400 78.84 73.61
1 288.400 83.47 43.01
2 288.400 18.84 56.22
3 288.400 58.65 110.92
4 288.400 72.44 103.97
0 288.500 78.83 73.69
1 288.500 83.49 43.05
2 288.500 18.87 56.07
3 288.500 58.51 110.88
4 288.500 72.52 103.91
0 288.600 78.82 73.78
1 288.600 83.50 43.09
2 288.600 18.89 55.92
3 288.600 58.38 110.85
4 288.600 72.60 103.86
0 288.700 78.81 73.86
1 288.700 83.52 43.13
2 288.700 18.91 55.78
3 288.700 58.24 110.82
4 288.700 72.68 103.81
0 288.800 78.80 73.94
1 288.800 83.53 43.17
2 288.800 18.93 55.63
3 288.800 58.10 110.78
4 288.800 72.76 103.75
0 288.900 78.79 74.03
1 288.900 83.55 43.21
2 288.900 18.95 55.48
3 288.900 57.96 110.75
4 288.900 72.84 103.70
0 289.000 78.78 74.11
1 289.000 83.56 43.24
2 289.000 18.97 55.33
3 289.000 57.82 110.71
4 289.000 72.92 103.65
0 289.100 78.78 74.19
1 289.100 83.58 43.28
2 289.100 18.99 55.18
3 289.100 57.68 110.68
4 289.100 73.00 103.59
0 289.200 78.77 74.28
1 289.200 83.59 43.32
2 289.200 19.02 55.03
3 289.200 57.54 110.65
4 289.200 73.08 103.54
0 289.300 78.76 74.36
1 289.300 83.60 43.36
2 289.300 19.04 54.88
3 289.300 57.40 110.61
4 289.300 73.16 103.49
1 289.400 83.62 43.40
2 289.400 19.06 54.74
3 289.400 57.26 110.58
4 289.400 73.24 103.43
0 289.400 78.75 74.44
0 289.500 78.74 74.53
1 289.500 83.63 43.44
2 289.500 19.08 54.59
3 289.500 57.12 110.55
4 289.500 73.33 103.38
0 289.600 78.73 74.61
1 289.600 83.65 43.48
2 289.600 19.10 54.44
3 289.600 56.98 110.51
4 289.600 73.41 103.32
0 289.700 78.72 74.69
1 289.700 83.66 43.52
2 289.700 19.12 54.29
3 289.700 56.84 110.48
4 289.700 73.49 103.27
0 289.800 78.71 74.77
1 289.800 83.68 43.56
2 289.800 19.14 54.14
3 289.800 56.70 110.44
4 289.800 73.57 103.22
1 289.900 83.69 43.60
2 289.900 19.17 53.99
3 289.900 56.56 110.41
4 289.900 73.65 103.16
0 289.900 78.70 74.86
0 290.000 78.69 74.94
0 290.000 78.69 74.94
1 290.000 83.71 43.63
1 290.000 83.71 43.63
2 290.000 19.19 53.85
2 290.000 19.19 53.85
3 290.000 56.42 110.38
3 290.000 56.42 110.38
4 290.000 73.73 103.11
4 290.000 73.73 103.11
0 290.100 78.69 74.94
1 290.100 83.77 43.74
2 290.100 19.23 53.70
3 290.100 56.34 110.32
4 290.104 73.84 103.00
0 290.200 78.69 74.94
1 290.200 83.83 43.85
2 290.200 19.27 53.56
3 290.200 56.26 110.27
4 290.208 73.95 102.88
0 290.300 78.69 74.94
1 290.300 83.89 43.96
2 290.300 19.31 53.41
3 290.300 56.17 110.22
4 290.312 74.05 102.77
0 290.400 78.69 74.94
1 290.400 83.95 44.07
2 290.400 19.36 53.27
3 290.400 56.09 110.17
4 290.417 74.16 102.66
0 290.500 78.69 74.95
1 290.500 84.02 44.18
2 290.500 19.40 53.13
3 290.500 56.01 110.11
4 290.521 74.27 102.55
0 290.600 78.69 74.95
1 290.600 84.08 44.29
2 290.600 19.44 52.98
3 290.600 55.92 110.06
4 290.625 74.38 102.43
0 290.700 78.69 74.95
1 290.700 84.14 44.40
2 290.700 19.49 52.84
3 290.700 55.84 110.01
4 290.729 74.49 102.32
0 290.800 78.69 74.95
1 290.800 84.20 44.51
2 290.800 19.53 52.69
3 290.800 55.76 109.96
4 290.833 74.59 102.21
0 290.900 78.69 74.95
1 290.900 84.26 44.62
2 290.900 19.57 52.55
3 290.900 55.68 109.90
4 290.938 74.70 102.09
0 291.000 78.68 74.95
1 291.000 84.32 44.73
2 291.000 19.61 52.41
3 291.000 55.59 109.85
4 291.042 74.81 101.98
0 291.100 78.68 74.95
1 291.100 84.38 44.84
2 291.100 19.66 52.26
3 291.100 55.51 109.80
4 291.146 74.92 101.87
0 291.200 78.68 74.95
1 291.200 84.45 44.95
2 291.200 19.70 52.12
3 291.200 55.43 109.75
4 291.250 75.02 101.75
0 291.300 78.68 74.95
1 291.300 84.51 45.06
2 291.300 19.74 51.98
3 291.300 55.34 109.69
4 291.354 75.13 101.64
0 291.400 78.68 74.95
1 291.400 84.57 45.17
2 291.400 19.78 51.83
3 291.400 55.26 109.64
4 291.458 75.24 101.53
0 291.500 78.68 74.95
1 291.500 84.63 45.28
2 291.500 19.83 51.69
3 291.500 55.18 109.59
4 291.562 75.35 101.42
0 291.600 78.68 74.95
1 291.600 84.69 45.39
2 291.600 19.87 51.54
3 291.600 55.10 109.54
4 291.667 75.46 101.30
0 291.700 78.68 74.96
1 291.700 84.75 45.50
2 291.700 19.91 51.40
3 291.700 55.01 109.48
4 291.771 75.56 101.19
0 291.800 78.68 74.96
1 291.800 84.82 45.61
2 291.800 19.96 51.26
3 291.800 54.93 109.43
4 291.875 75.67 101.08
0 291.900 78.68 74.96
1 291.900 84.88 45.72
2 291.900 20.00 51.11
3 291.900 54.85 109.38
4 291.979 75.78 100.96
0 292.000 78.68 74.96
1 292.000 84.94 45.83
2 292.000 20.04 50.97
3 292.000 54.77 109.33
4 292.083 75.89 100.85
0 292.100 78.67 74.96
1 292.100 85.00 45.94
2 292.100 20.08 50.83
3 292.100 54.68 109.27
4 292.188 76.00 100.74
0 292.200 78.67 74.96
1 292.200 85.06 46.05
2 292.200 20.13 50.68
3 292.200 54.60 109.22
4 292.292 76.10 100.62
0 292.300 78.67 74.96
1 292.300 85.12 46.16
2 292.300 20.17 50.54
3 292.300 54.52 109.17
4 292.396 76.21 100.51
0 292.400 78.67 74.96
1 292.400 85.18 46.26
2 292.400 20.21 50.39
3 292.400 54.43 109.12
0 292.500 78.67 74.96
0 292.500 78.67 74.96
1 292.500 85.25 46.37
1 292.500 85.25 46.37
2 292.500 20.25 50.25
2 292.500 20.25 50.25
3 292.500 54.35 109.06
3 292.500 54.35 109.06
4 292.500 76.32 100.40
4 292.500 76.32 100.40
0 292.600 78.63 75.00
1 292.600 85.30 46.40
2 292.600 20.27 50.10
3 292.600 54.31 109.02
4 292.600 76.36 100.32
0 292.700 78.60 75.03
1 292.700 85.36 46.42
2 292.700 20.28 49.95
3 292.700 54.28 108.98
4 292.700 76.41 100.25
0 292.800 78.56 75.07
1 292.800 85.42 46.45
2 292.800 20.29 49.80
3 292.800 54.24 108.93
4 292.800 76.45 100.18
0 292.900 78.52 75.10
1 292.900 85.48 46.48
2 292.900 20.31 49.65
3 292.900 54.21 108.89
4 292.900 76.49 100.10
0 293.000 78.49 75.14
1 293.000 85.53 46.50
2 293.000 20.32 49.50
3 293.000 54.17 108.84
4 293.000 76.54 100.03
0 293.100 78.45 75.17
1 293.100 85.59 46.53
2 293.100 20.34 49.35
3 293.100 54.13 108.80
4 293.100 76.58 99.95
0 293.200 78.41 75.21
1 293.200 85.65 46.55
2 293.200 20.35 49.20
3 293.200 54.10 108.75
4 293.200 76.62 99.88
0 293.300 78.37 75.24
1 293.300 85.70 46.58
2 293.300 20.36 49.06
3 293.300 54.06 108.71
4 293.300 76.67 99.80
0 293.400 78.34 75.28
1 293.400 85.76 46.60
2 293.400 20.38 48.91
3 293.400 54.02 108.67
4 293.400 76.71 99.73
0 293.500 78.30 75.31
1 293.500 85.82 46.63
2 293.500 20.39 48.76
3 293.500 53.99 108.62
4 293.500 76.75 99.66
0 293.600 78.26 75.35
1 293.600 85.88 46.65
2 293.600 20.40 48.61
3 293.600 53.95 108.58
4 293.600 76.80 99.58
0 293.700 78.23 75.38
1 293.700 85.93 46.68
2 293.700 20.42 48.46
3 293.700 53.92 108.53
4 293.700 76.84 99.51
0 293.800 78.19 75.42
1 293.800 85.99 46.70
2 293.800 20.43 48.31
3 293.800 53.88 108.49
4 293.800 76.88 99.43
0 293.900 78.15 75.45
1 293.900 86.05 46.73
2 293.900 20.45 48.16
3 293.900 53.84 108.45
4 293.900 76.93 99.36
0 294.000 78.11 75.49
1 294.000 86.11 46.75
2 294.000 20.46 48.01
3 294.000 53.81 108.40
4 294.000 76.97 99.28
0 294.100 78.08 75.52
1 294.100 86.16 46.78
2 294.100 20.47 47.86
3 294.100 53.77 108.36
4 294.100 77.01 99.21
0 294.200 78.04 75.56
1 294.200 86.22 46.80
2 294.200 20.49 47.71
3 294.200 53.73 108.31
4 294.200 77.06 99.13
0 294.300 78.00 75.59
1 294.300 86.28 46.83
2 294.300 20.50 47.56
3 294.300 53.70 108.27
4 294.300 77.10 99.06
0 294.400 77.97 75.63
1 294.400 86.34 46.86
2 294.400 20.51 47.41
3 294.400 53.66 108.23
4 294.400 77.14 98.99
0 294.500 77.93 75.66
1 294.500 86.39 46.88
2 294.500 20.53 47.26
3 294.500 53.62 108.18
4 294.500 77.19 98.91
0 294.600 77.89 75.69
1 294.600 86.45 46.91
2 294.600 20.54 47.11
3 294.600 53.59 108.14
4 294.600 77.23 98.84
0 294.700 77.85 75.73
1 294.700 86.51 46.93
2 294.700 20.55 46.96
3 294.700 53.55 108.09
4 294.700 77.27 98.76
0 294.800 77.82 75.76
1 294.800 86.57 46.96
2 294.800 20.57 46.81
3 294.800 53.52 108.05
4 294.800 77.32 98.69
0 294.900 77.78 75.80
1 294.900 86.62 46.98
2 294.900 20.58 46.67
3 294.900 53.48 108.00
4 294.900 77.36 98.61
0 295.000 77.74 75.83
0 295.000 77.74 75.83
1 295.000 86.68 47.01
1 295.000 86.68 47.01
2 295.000 20.60 46.52
2 295.000 20.60 46.52
3 295.000 53.44 107.96
3 295.000 53.44 107.96
4 295.000 77.40 98.54
4 295.000 77.40 98.54
0 295.100 77.65 75.88
1 295.100 86.78 47.03
3 295.100 53.39 107.93
4 295.100 77.45 98.47
2 295.104 20.63 46.37
0 295.200 77.55 75.93
1 295.200 86.87 47.05
3 295.200 53.34 107.89
4 295.200 77.49 98.40
2 295.208 20.67 46.22
0 295.300 77.45 75.97
1 295.300 86.96 47.07
3 295.300 53.28 107.86
4 295.300 77.54 98.33
2 295.312 20.71 46.08
0 295.400 77.35 76.02
1 295.400 87.06 47.09
3 295.400 53.23 107.82
4 295.400 77.59 98.26
2 295.417 20.75 45.93
0 295.500 77.26 76.06
1 295.500 87.15 47.11
3 295.500 53.18 107.79
4 295.500 77.63 98.19
2 295.521 20.79 45.79
0 295.600 77.16 76.11
1 295.600 87.25 47.13
3 295.600 53.13 107.76
4 295.600 77.68 98.12
2 295.625 20.83 45.64
0 295.700 77.06 76.16
1 295.700 87.34 47.15
3 295.700 53.07 107.72
4 295.700 77.72 98.05
2 295.729 20.86 45.50
0 295.800 76.96 76.20
1 295.800 87.44 47.17
3 295.800 53.02 107.69
4 295.800 77.77 97.98
2 295.833 20.90 45.35
0 295.900 76.87 76.25
1 295.900 87.53 47.20
3 295.900 52.97 107.65
4 295.900 77.82 97.91
2 295.938 20.94 45.21
0 296.000 76.77 76.29
1 296.000 87.63 47.22
3 296.000 52.92 107.62
4 296.000 77.86 97.84
2 296.042 20.98 45.06
0 296.100 76.67 76.34
1 296.100 87.72 47.24
3 296.100 52.86 107.59
4 296.100 77.91 97.77
2 296.146 21.02 44.92
0 296.200 76.57 76.39
1 296.200 87.82 47.26
3 296.200 52.81 107.55
4 296.200 77.95 97.70
2 296.250 21.06 44.77
0 296.300 76.48 76.43
1 296.300 87.91 47.28
3 296.300 52.76 107.52
4 296.300 78.00 97.64
2 296.354 21.09 44.62
0 296.400 76.38 76.48
1 296.400 88.01 47.30
3 296.400 52.70 107.48
4 296.400 78.05 97.57
2 296.458 21.13 44.48
0 296.500 76.28 76.52
1 296.500 88.10 47.32
3 296.500 52.65 107.45
4 296.500 78.09 97.50
2 296.562 21.17 44.33
0 296.600 76.18 76.57
1 296.600 88.20 47.34
3 296.600 52.60 107.41
4 296.600 78.14 97.43
2 296.667 21.21 44.19
0 296.700 76.09 76.62
1 296.700 88.29 47.36
3 296.700 52.55 107.38
4 296.700 78.18 97.36
2 296.771 21.25 44.04
0 296.800 75.99 76.66
1 296.800 88.39 47.38
3 296.800 52.49 107.35
4 296.800 78.23 97.29
2 296.875 21.29 43.90
0 296.900 75.89 76.71
1 296.900 88.48 47.40
3 296.900 52.44 107.31
4 296.900 78.27 97.22
2 296.979 21.33 43.75
0 297.000 75.79 76.75
1 297.000 88.57 47.42
3 297.000 52.39 107.28
4 297.000 78.32 97.15
2 297.083 21.36 43.61
0 297.100 75.70 76.80
1 297.100 88.67 47.45
3 297.100 52.34 107.24
4 297.100 78.37 97.08
2 297.188 21.40 43.46
0 297.200 75.60 76.85
1 297.200 88.76 47.47
3 297.200 52.28 107.21
4 297.200 78.41 97.01
2 297.292 21.44 43.32
0 297.300 75.50 76.89
1 297.300 88.86 47.49
3 297.300 52.23 107.18
4 297.300 78.46 96.94
2 297.396 21.48 43.17
0 297.400 75.40 76.94
1 297.400 88.95 47.51
3 297.400 52.18 107.14
4 297.400 78.50 96.87
0 297.500 75.31 76.99
0 297.500 75.31 76.99
1 297.500 89.05 47.53
1 297.500 89.05 47.53
2 297.500 21.52 43.02
2 297.500 21.52 43.02
3 297.500 52.12 107.11
3 297.500 52.12 107.11
4 297.500 78.55 96.80
4 297.500 78.55 96.80
1 297.600 89.12 47.53
2 297.600 21.58 42.89
3 297.600 52.05 107.11
4 297.600 78.52 96.65
0 297.604 75.17 77.00
1 297.700 89.19 47.53
2 297.700 21.64 42.75
3 297.700 51.99 107.11
4 297.700 78.50 96.50
0 297.708 75.03 77.01
1 297.800 89.26 47.54
2 297.800 21.69 42.61
3 297.800 51.92 107.11
4 297.800 78.47 96.36
0 297.812 74.89 77.02
1 297.900 89.33 47.54
2 297.900 21.75 42.47
3 297.900 51.85 107.11
4 297.900 78.45 96.21
0 297.917 74.75 77.04
1 298.000 89.41 47.54
2 298.000 21.81 42.33
3 298.000 51.78 107.11
4 298.000 78.42 96.06
0 298.021 74.61 77.05
1 298.100 89.48 47.54
2 298.100 21.87 42.20
3 298.100 51.71 107.11
4 298.100 78.40 95.91
0 298.125 74.47 77.06
1 298.200 89.55 47.55
2 298.200 21.93 42.06
3 298.200 51.64 107.11
4 298.200 78.37 95.77
0 298.229 74.33 77.08
1 298.300 89.62 47.55
2 298.300 21.99 41.92
3 298.300 51.57 107.11
4 298.300 78.35 95.62
0 298.333 74.20 77.09
1 298.400 89.69 47.55
2 298.400 22.04 41.78
3 298.400 51.50 107.12
4 298.400 78.32 95.47
0 298.438 74.06 77.10
1 298.500 89.76 47.55
2 298.500 22.10 41.64
3 298.500 51.43 107.12
4 298.500 78.30 95.32
0 298.542 73.92 77.12
1 298.600 89.84 47.56
2 298.600 22.16 41.51
3 298.600 51.36 107.12
4 298.600 78.27 95.17
0 298.646 73.78 77.13
1 298.700 89.91 47.56
2 298.700 22.22 41.37
3 298.700 51.29 107.12
4 298.700 78.25 95.03
0 298.750 73.64 77.14
1 298.800 89.98 47.56
2 298.800 22.28 41.23
3 298.800 51.22 107.12
4 298.800 78.22 94.88
0 298.854 73.50 77.16
1 298.900 90.05 47.57
2 298.900 22.34 41.09
3 298.900 51.15 107.12
4 298.900 78.20 94.73
0 298.958 73.36 77.17
1 299.000 90.12 47.57
2 299.000 22.40 40.95
3 299.000 51.08 107.12
4 299.000 78.17 94.58
0 299.062 73.23 77.18
1 299.100 90.19 47.57
2 299.100 22.45 40.82
3 299.100 51.01 107.12
4 299.100 78.14 94.43
0 299.167 73.09 77.20
1 299.200 90.26 47.57
2 299.200 22.51 40.68
3 299.200 50.94 107.12
4 299.200 78.12 94.29
0 299.271 72.95 77.21
1 299.300 90.34 47.58
2 299.300 22.57 40.54
3 299.300 50.87 107.12
4 299.300 78.09 94.14
0 299.375 72.81 77.22
1 299.400 90.41 47.58
2 299.400 22.63 40.40
3 299.400 50.80 107.12
4 299.400 78.07 93.99
0 299.479 72.67 77.23
1 299.500 90.48 47.58
2 299.500 22.69 40.26
3 299.500 50.74 107.13
4 299.500 78.04 93.84
0 299.583 72.53 77.25
1 299.600 90.55 47.58
2 299.600 22.75 40.12
3 299.600 50.67 107.13
4 299.600 78.02 93.70
0 299.688 72.39 77.26
1 299.700 90.62 47.59
2 299.700 22.81 39.99
3 299.700 50.60 107.13
4 299.700 77.99 93.55
0 299.792 72.25 77.27
1 299.800 90.69 47.59
2 299.800 22.86 39.85
3 299.800 50.53 107.13
4 299.800 77.97 93.40
0 299.896 72.12 77.29
1 299.900 90.77 47.59
2 299.900 22.92 39.71
3 299.900 50.46 107.13
4 299.900 77.94 93.25
0 300.000 71.98 77.30
1 300.000 90.84 47.59
2 300.000 22.98 39.57
3 300.000 50.39 107.13
4 300.000 77.92 93.10
